# File exported by Houdini 20.5.445 (www.sidefx.com)
# 3430 points
# 0 vertices
# 0 primitives
# Bounds: [-971.90625, 110.933578, -1011.3092] to [1026.1239, 145.174011, 986.942627]
g 
v -200.425049 136.83017 -910.98999 0.25 0.5 0
v -197.768799 136.882355 -916.48999 0.25 0.5 0
v -180.300049 137.461273 -951.98999 0.25 0.5 0
v -169.831299 137.687958 -969.48999 0.25 0.5 0
v -157.768799 138.082245 -990.48999 0.25 0.5 0
v -341.050049 128.962921 -328.98999 0.25 0.5 0
v -357.831299 128.588043 -315.98999 0.25 0.5 0
v -369.737549 128.454987 -311.48999 0.25 0.5 0
v -355.987549 128.613373 -334.48999 0.25 0.5 0
v -406.956299 128.5737 -315.98999 0.25 0.5 0
v -414.081299 128.279938 -316.98999 0.25 0.5 0
v -429.175049 128.221771 -325.98999 0.25 0.5 0
v -438.050049 128.37027 -335.48999 0.25 0.5 0
v -402.143799 128.941315 -338.98999 0.25 0.5 0
v -472.581299 130.727875 -614.98999 0.25 0.5 0
v -468.987549 130.807159 -618.48999 0.25 0.5 0
v -465.675049 130.896637 -621.98999 0.25 0.5 0
v -454.175049 131.060516 -633.48999 0.25 0.5 0
v -443.393799 131.174835 -644.98999 0.25 0.5 0
v -427.331299 131.485809 -658.98999 0.25 0.5 0
v -422.112549 131.59671 -667.48999 0.25 0.5 0
v -416.529205 131.773422 -673.823303 0.25 0.5 0
v -411.862549 132.010712 -682.48999 0.25 0.5 0
v -405.456299 131.980743 -684.48999 0.25 0.5 0
v -400.221924 132.036499 -690.98999 0.25 0.5 0
v -398.268799 132.078461 -696.48999 0.25 0.5 0
v -393.862549 131.963058 -699.98999 0.25 0.5 0
v -383.331299 132.232208 -709.48999 0.25 0.5 0
v -378.518799 132.51535 -716.48999 0.25 0.5 0
v -360.008392 132.670563 -732.98999 0.25 0.5 0
v -354.862549 132.756439 -739.73999 0.25 0.5 0
v -342.862549 133.312164 -754.48999 0.25 0.5 0
v -319.081299 133.596161 -781.98999 0.25 0.5 0
v -312.206299 133.76947 -784.48999 0.25 0.5 0
v -415.331299 131.577728 -669.98999 0.25 0.5 0
v -349.425049 132.753021 -742.98999 0.25 0.5 0
v -455.706299 130.60672 -619.48999 0.25 0.5 0
v -325.237549 133.566315 -770.48999 0.25 0.5 0
v 266.653076 124.60006 210.01001 0.25 0.5 0
v 266.559326 125.299309 139.01001 0.25 0.5 0
v 271.176514 125.315758 139.26001 0.25 0.5 0
v 276.522858 125.320496 143.343338 0.25 0.5 0
v 281.199951 126.766563 143.51001 0.25 0.5 0
v 274.699951 124.548851 145.51001 0.25 0.5 0
v 270.762451 124.757042 214.51001 0.25 0.5 0
v 272.449951 124.766136 209.51001 0.25 0.5 0
v 270.356201 124.710716 205.01001 0.25 0.5 0
v 274.449951 125.019028 199.176682 0.25 0.5 0
v 265.903076 124.697227 200.51001 0.25 0.5 0
v 268.793701 124.866692 197.26001 0.25 0.5 0
v 277.465576 125.491539 194.01001 0.25 0.5 0
v 309.168701 127.797386 173.51001 0.25 0.5 0
v 268.543701 124.724388 218.51001 0.25 0.5 0
v 318.324951 127.855186 178.51001 0.25 0.5 0
v 334.293701 128.484283 184.76001 0.25 0.5 0
v 338.449951 128.481049 186.26001 0.25 0.5 0
v 280.512451 125.619591 194.51001 0.25 0.5 0
v 284.106201 126.015648 190.01001 0.25 0.5 0
v 289.778076 126.477165 188.26001 0.25 0.5 0
v 298.106201 126.987633 186.01001 0.25 0.5 0
v 302.804108 127.129379 182.176682 0.25 0.5 0
v 304.137451 127.307091 178.51001 0.25 0.5 0
v 263.887451 124.849236 221.26001 0.25 0.5 0
v 329.668701 124.92672 -37.9899902 0.25 0.5 0
v 343.762451 124.789268 -77.9899902 0.25 0.5 0
v 302.824951 125.900963 -42.4899902 0.25 0.5 0
v 296.449951 126.035362 -39.4899902 0.25 0.5 0
v 292.137451 126.137352 -37.9899902 0.25 0.5 0
v 299.949951 125.896324 3.01000977 0.25 0.5 0
v 301.856201 125.894188 7.51000977 0.25 0.5 0
v 311.074951 125.965782 20.0100098 0.25 0.5 0
v 211.965576 124.375755 210.76001 0.25 0.5 0
v 212.231201 124.377861 213.76001 0.25 0.5 0
v 241.981201 124.444695 209.51001 0.25 0.5 0
v 258.606201 127.869225 115.01001 0.25 0.5 0
v 250.793701 127.783043 117.51001 0.25 0.5 0
v 243.606201 127.743797 120.01001 0.25 0.5 0
v 236.418701 127.703636 121.01001 0.25 0.5 0
v 206.637451 127.198143 112.51001 0.25 0.5 0
v 138.387451 124.177635 183.51001 0.25 0.5 0
v 147.845779 124.161949 168.01001 0.25 0.5 0
v 187.387451 126.752159 131.01001 0.25 0.5 0
v 143.324951 121.696167 188.51001 0.25 0.5 0
v 146.731201 122.25161 184.01001 0.25 0.5 0
v 152.074951 125.827904 144.01001 0.25 0.5 0
v 159.043701 125.485252 135.51001 0.25 0.5 0
v 164.043701 125.839073 134.01001 0.25 0.5 0
v 170.106201 126.315598 134.176682 0.25 0.5 0
v 174.293701 126.545677 133.51001 0.25 0.5 0
v 178.668701 126.287682 130.01001 0.25 0.5 0
v 191.606201 126.880638 125.01001 0.25 0.5 0
v 139.934326 125.15226 168.38501 0.25 0.5 0
v 141.856201 124.854118 172.01001 0.25 0.5 0
v 142.793701 125.198387 165.51001 0.25 0.5 0
v 147.887451 124.868736 164.26001 0.25 0.5 0
v 152.403076 123.994408 166.01001 0.25 0.5 0
v 152.074951 125.118431 161.01001 0.25 0.5 0
v 157.856201 123.903442 164.51001 0.25 0.5 0
v 157.340576 124.737602 160.51001 0.25 0.5 0
v 162.324951 124.883934 157.76001 0.25 0.5 0
v 161.856201 123.981651 163.01001 0.25 0.5 0
v 166.908279 124.810081 156.51001 0.25 0.5 0
v 168.637451 123.928856 159.51001 0.25 0.5 0
v 173.074951 123.966576 157.76001 0.25 0.5 0
v 170.903076 124.960503 154.51001 0.25 0.5 0
v 174.168701 125.093102 153.01001 0.25 0.5 0
v 180.590576 124.501274 153.26001 0.25 0.5 0
v 180.512451 123.783836 156.51001 0.25 0.5 0
v 184.012451 125.209648 149.51001 0.25 0.5 0
v 188.774948 124.840248 149.710007 0.25 0.5 0
v 192.262451 124.098755 151.676682 0.25 0.5 0
v 194.449951 125.028404 147.676682 0.25 0.5 0
v 199.022873 125.33429 145.51001 0.25 0.5 0
v 203.137451 124.295341 148.76001 0.25 0.5 0
v 206.168701 124.55117 147.01001 0.25 0.5 0
v 210.418701 124.435448 145.76001 0.25 0.5 0
v 216.574951 124.156853 146.76001 0.25 0.5 0
v 217.715576 124.970024 141.51001 0.25 0.5 0
v 223.231201 124.746269 142.01001 0.25 0.5 0
v 229.215576 125.096764 139.26001 0.25 0.5 0
v 233.778076 125.216331 138.51001 0.25 0.5 0
v 238.903076 125.146385 139.01001 0.25 0.5 0
v 245.574951 125.10955 138.76001 0.25 0.5 0
v 255.335373 124.983444 139.676682 0.25 0.5 0
v 236.793701 124.46505 202.51001 0.25 0.5 0
v 238.543701 124.501793 198.51001 0.25 0.5 0
v 244.054123 124.525436 199.843338 0.25 0.5 0
v 248.793701 124.568474 200.26001 0.25 0.5 0
v 250.877029 124.484581 205.176682 0.25 0.5 0
v 251.012451 124.457664 208.01001 0.25 0.5 0
v 256.043701 124.441795 209.51001 0.25 0.5 0
v 253.074951 124.607323 198.51001 0.25 0.5 0
v 258.340576 124.447136 210.51001 0.25 0.5 0
v 103.340576 122.006889 301.26001 0.25 0.5 0
v 87.0749512 120.625694 238.51001 0.25 0.5 0
v 91.658287 120.544067 235.51001 0.25 0.5 0
v 101.309326 121.783928 306.26001 0.25 0.5 0
v 112.418701 121.535118 307.26001 0.25 0.5 0
v 110.887451 121.891136 298.51001 0.25 0.5 0
v 115.449951 121.701622 298.01001 0.25 0.5 0
v 111.699951 121.703423 291.76001 0.25 0.5 0
v 106.043701 121.837181 292.01001 0.25 0.5 0
v 106.574951 121.811577 286.26001 0.25 0.5 0
v 130.137451 124.261192 246.51001 0.25 0.5 0
v 127.637451 124.22567 250.51001 0.25 0.5 0
v 130.543701 123.993187 261.51001 0.25 0.5 0
v 124.449951 123.865501 263.51001 0.25 0.5 0
v 124.668701 123.581444 270.01001 0.25 0.5 0
v 113.231201 123.407738 267.01001 0.25 0.5 0
v 232.981201 123.952721 356.51001 0.25 0.5 0
v 245.137451 124.355064 242.01001 0.25 0.5 0
v 210.668701 124.402855 235.01001 0.25 0.5 0
v 234.106201 124.36837 254.01001 0.25 0.5 0
v 229.106201 124.336205 272.01001 0.25 0.5 0
v 199.449951 124.38076 265.01001 0.25 0.5 0
v 237.324951 124.363937 287.343353 0.25 0.5 0
v 238.981201 125.66494 303.01001 0.25 0.5 0
v 278.512451 125.68737 259.01001 0.25 0.5 0
v 257.231201 124.685814 303.51001 0.25 0.5 0
v 189.324951 123.796471 249.01001 0.25 0.5 0
v 229.293701 125.981239 322.26001 0.25 0.5 0
v 224.231201 125.441612 318.01001 0.25 0.5 0
v 231.731201 126.545677 316.51001 0.25 0.5 0
v 228.574951 125.375717 310.01001 0.25 0.5 0
v 230.278076 125.092094 307.01001 0.25 0.5 0
v 243.418701 125.53231 300.51001 0.25 0.5 0
v 244.449951 125.970482 309.176666 0.25 0.5 0
v 241.012451 126.68914 310.01001 0.25 0.5 0
v 240.168701 125.460655 316.51001 0.25 0.5 0
v 235.340576 126.006676 318.26001 0.25 0.5 0
v 205.910889 124.803322 355.01001 0.25 0.5 0
v 211.598389 124.394554 354.13501 0.25 0.5 0
v 207.903076 125.101646 348.76001 0.25 0.5 0
v 214.835373 124.306702 349.676666 0.25 0.5 0
v 213.960373 124.62606 344.343353 0.25 0.5 0
v 218.793701 124.425102 345.26001 0.25 0.5 0
v 216.199951 124.941673 341.51001 0.25 0.5 0
v 212.481201 125.145897 339.51001 0.25 0.5 0
v 207.949951 125.078026 340.01001 0.25 0.5 0
v 257.278076 125.711021 293.51001 0.25 0.5 0
v 261.778076 125.012901 296.26001 0.25 0.5 0
v 263.262451 125.961082 289.51001 0.25 0.5 0
v 260.106201 126.47805 286.51001 0.25 0.5 0
v 268.824951 126.004051 282.26001 0.25 0.5 0
v 270.137451 126.462303 278.01001 0.25 0.5 0
v 264.074951 126.169395 280.01001 0.25 0.5 0
v 257.293701 124.740135 276.51001 0.25 0.5 0
v 258.731201 124.678978 266.51001 0.25 0.5 0
v 260.574951 124.772545 261.01001 0.25 0.5 0
v 263.074951 124.652184 267.01001 0.25 0.5 0
v 266.168701 124.822899 263.01001 0.25 0.5 0
v 289.106201 127.36367 261.51001 0.25 0.5 0
v 293.856201 127.396202 254.26001 0.25 0.5 0
v 290.387451 127.128281 250.843338 0.25 0.5 0
v 286.606201 126.854362 248.01001 0.25 0.5 0
v 289.106201 126.8312 245.01001 0.25 0.5 0
v 282.887451 126.241783 239.51001 0.25 0.5 0
v 282.731201 126.466293 245.676682 0.25 0.5 0
v 279.590576 125.894402 251.01001 0.25 0.5 0
v 274.621826 125.088554 251.26001 0.25 0.5 0
v 276.137451 125.490837 247.51001 0.25 0.5 0
v 264.137451 124.607506 234.01001 0.25 0.5 0
v 265.434326 124.583046 240.26001 0.25 0.5 0
v 269.621826 124.716789 239.76001 0.25 0.5 0
v 270.746826 125.013542 236.76001 0.25 0.5 0
v 275.137451 125.804939 235.26001 0.25 0.5 0
v 178.668701 123.873375 321.51001 0.25 0.5 0
v 173.699951 123.924828 328.51001 0.25 0.5 0
v 174.231201 124.023827 338.01001 0.25 0.5 0
v 170.949951 124.027306 345.01001 0.25 0.5 0
v 145.606201 122.326378 304.01001 0.25 0.5 0
v 154.387451 124.364708 237.51001 0.25 0.5 0
v 181.606201 124.03231 245.51001 0.25 0.5 0
v 145.356201 124.360985 242.01001 0.25 0.5 0
v 148.403076 124.319725 247.76001 0.25 0.5 0
v 152.043701 124.281944 252.51001 0.25 0.5 0
v 141.731201 124.345299 247.01001 0.25 0.5 0
v 139.262451 124.231895 250.51001 0.25 0.5 0
v 145.418701 124.153893 256.01001 0.25 0.5 0
v 137.481201 124.029076 258.01001 0.25 0.5 0
v 140.668701 124.410728 234.01001 0.25 0.5 0
v 139.012451 124.468468 238.01001 0.25 0.5 0
v 394.762451 124.732811 328.01001 0.25 0.5 0
v 415.481201 125.034874 311.01001 0.25 0.5 0
v 424.668701 125.20919 302.51001 0.25 0.5 0
v 429.043701 125.282005 299.51001 0.25 0.5 0
v 431.762451 125.327965 296.51001 0.25 0.5 0
v 441.543701 125.333885 288.51001 0.25 0.5 0
v 450.918701 125.333214 280.51001 0.25 0.5 0
v 456.887451 125.463036 276.01001 0.25 0.5 0
v 363.356201 129.85434 207.01001 0.25 0.5 0
v 427.965576 125.850304 245.76001 0.25 0.5 0
v 389.918701 125.332726 266.01001 0.25 0.5 0
v 394.824951 124.740074 270.01001 0.25 0.5 0
v 398.574951 124.898216 266.01001 0.25 0.5 0
v 409.199951 125.093773 261.01001 0.25 0.5 0
v 414.356201 125.260704 258.176666 0.25 0.5 0
v 419.199951 125.253899 255.51001 0.25 0.5 0
v 426.824951 125.559814 249.843338 0.25 0.5 0
v 430.793701 125.48037 249.01001 0.25 0.5 0
v 432.387451 126.309532 241.51001 0.25 0.5 0
v 438.574951 125.745934 243.01001 0.25 0.5 0
v 345.293701 128.679718 190.01001 0.25 0.5 0
v 351.074951 129.4599 190.26001 0.25 0.5 0
v 353.699951 129.471344 193.51001 0.25 0.5 0
v 358.199951 129.96933 199.01001 0.25 0.5 0
v 366.356201 130.476654 209.51001 0.25 0.5 0
v 376.387451 129.095978 224.01001 0.25 0.5 0
v 379.887451 128.855988 227.01001 0.25 0.5 0
v 257.887451 124.717979 222.01001 0.25 0.5 0
v 260.481201 124.667381 225.51001 0.25 0.5 0
v 256.074951 124.495079 230.51001 0.25 0.5 0
v 262.246826 124.678886 229.01001 0.25 0.5 0
v 266.252045 125.091049 227.51001 0.25 0.5 0
v 271.231201 125.408195 229.26001 0.25 0.5 0
v 436.356201 124.740593 439.01001 0.25 0.5 0
v 435.231201 124.799828 444.01001 0.25 0.5 0
v 421.856201 124.783928 449.51001 0.25 0.5 0
v 205.856201 122.981773 422.51001 0.25 0.5 0
v 210.418701 123.086082 415.51001 0.25 0.5 0
v 214.293701 123.12252 409.51001 0.25 0.5 0
v 218.262451 123.258263 404.01001 0.25 0.5 0
v 222.387451 123.411034 398.01001 0.25 0.5 0
v 227.137451 123.46035 392.01001 0.25 0.5 0
v 231.231201 123.504173 386.51001 0.25 0.5 0
v 239.981201 123.601036 374.01001 0.25 0.5 0
v 244.262451 123.645836 368.51001 0.25 0.5 0
v 228.699951 123.827965 362.51001 0.25 0.5 0
v 220.074951 123.803185 374.01001 0.25 0.5 0
v 215.449951 123.755272 380.01001 0.25 0.5 0
v 211.449951 123.639671 385.51001 0.25 0.5 0
v 207.231201 123.559044 391.01001 0.25 0.5 0
v 203.074951 123.576988 397.01001 0.25 0.5 0
v 199.199951 123.460289 404.51001 0.25 0.5 0
v 194.731201 123.392418 409.51001 0.25 0.5 0
v 190.824951 123.335167 414.01001 0.25 0.5 0
v 190.970779 124.102173 381.676666 0.25 0.5 0
v 259.637451 123.531517 429.01001 0.25 0.5 0
v 285.762451 123.692223 423.01001 0.25 0.5 0
v 298.074951 123.820396 410.01001 0.25 0.5 0
v 317.856201 124.017662 392.51001 0.25 0.5 0
v 246.543701 123.292076 444.51001 0.25 0.5 0
v 241.512451 123.357689 457.01001 0.25 0.5 0
v 507.637451 125.44857 549.51001 0.25 0.5 0
v 216.762451 123.143028 511.51001 0.25 0.5 0
v 194.699951 122.928978 432.51001 0.25 0.5 0
v 517.168701 125.300438 445.01001 0.25 0.5 0
v 500.606201 125.212944 454.26001 0.25 0.5 0
v 484.418701 125.200157 462.51001 0.25 0.5 0
v 466.449951 125.182457 471.51001 0.25 0.5 0
v 456.793701 125.093529 479.51001 0.25 0.5 0
v 441.856201 128.363129 519.01001 0.25 0.5 0
v 439.574951 129.111603 525.51001 0.25 0.5 0
v 427.543701 131.530731 553.51001 0.25 0.5 0
v 432.403076 130.631653 542.76001 0.25 0.5 0
v 525.668701 125.433372 440.51001 0.25 0.5 0
v 184.908279 124.057335 388.676666 0.25 0.5 0
v 193.699951 124.105736 377.51001 0.25 0.5 0
v 195.949951 124.360374 373.26001 0.25 0.5 0
v 198.439529 124.270996 369.01001 0.25 0.5 0
v 201.231201 124.30703 365.26001 0.25 0.5 0
v 202.301514 124.617256 361.51001 0.25 0.5 0
v 206.184326 124.075096 362.51001 0.25 0.5 0
v 204.574951 124.491783 359.51001 0.25 0.5 0
v 1000.3562 140.712677 -691.48999 0.25 0.5 0
v 947.637451 139.292206 -622.98999 0.25 0.5 0
v 885.574951 138.283478 -579.48999 0.25 0.5 0
v 887.231201 138.006317 -560.48999 0.25 0.5 0
v 963.168701 133.571442 -257.98999 0.25 0.5 0
v 904.137451 133.148163 -248.48999 0.25 0.5 0
v 893.887451 133.511444 -262.48999 0.25 0.5 0
v 897.278076 133.311768 -257.73999 0.25 0.5 0
v 895.731201 133.723236 -267.98999 0.25 0.5 0
v 921.668701 134.25943 -289.48999 0.25 0.5 0
v 936.168701 134.393463 -299.98999 0.25 0.5 0
v 966.137451 134.186707 -265.73999 0.25 0.5 0
v 1008.26245 135.259613 -359.48999 0.25 0.5 0
v 1011.94995 135.167084 -361.48999 0.25 0.5 0
v 998.668701 135.511322 -352.98999 0.25 0.5 0
v 874.637451 135.395355 -340.48999 0.25 0.5 0
v 880.199951 135.355804 -344.48999 0.25 0.5 0
v 894.637451 135.575348 -355.48999 0.25 0.5 0
v 925.481201 136.266998 -381.48999 0.25 0.5 0
v 997.887451 136.806 -440.48999 0.25 0.5 0
v 1009.0437 136.98288 -452.48999 0.25 0.5 0
v 1025.26245 137.212555 -471.48999 0.25 0.5 0
v 969.543701 134.824249 -321.48999 0.25 0.5 0
v 937.465576 135.04068 -234.73999 0.25 0.5 0
v 927.981201 134.702911 -234.48999 0.25 0.5 0
v 918.856201 134.038239 -234.98999 0.25 0.5 0
v 917.668701 132.901825 -239.98999 0.25 0.5 0
v 910.199951 133.26181 -244.48999 0.25 0.5 0
v 915.981201 132.759369 -244.48999 0.25 0.5 0
v 923.606201 133.243988 -237.98999 0.25 0.5 0
v 928.387451 133.015228 -240.98999 0.25 0.5 0
v 936.387451 133.150909 -243.48999 0.25 0.5 0
v 941.387451 132.745392 -247.98999 0.25 0.5 0
v 947.356201 133.135284 -246.48999 0.25 0.5 0
v 949.731201 132.568268 -249.98999 0.25 0.5 0
v 955.043701 134.9263 -240.98999 0.25 0.5 0
v 959.262451 134.597687 -245.98999 0.25 0.5 0
v 959.418701 135.105133 -241.98999 0.25 0.5 0
v 953.074951 132.802277 -252.48999 0.25 0.5 0
v 960.512451 132.932953 -253.98999 0.25 0.5 0
v 966.231201 134.528595 -248.48999 0.25 0.5 0
v 971.324951 134.559906 -248.98999 0.25 0.5 0
v 986.949951 133.782196 -260.48999 0.25 0.5 0
v 667.512451 126.028221 456.76001 0.25 0.5 0
v 751.387451 125.426781 595.51001 0.25 0.5 0
v 585.762451 125.68856 405.51001 0.25 0.5 0
v 572.543701 125.760948 412.51001 0.25 0.5 0
v 556.981201 125.693321 422.01001 0.25 0.5 0
v 533.262451 125.555199 435.51001 0.25 0.5 0
v 569.356201 125.661705 415.01001 0.25 0.5 0
v 998.345764 126.96814 808.176697 0.25 0.5 0
v 1005.3562 126.911674 806.76001 0.25 0.5 0
v 679.949951 126.091911 485.01001 0.25 0.5 0
v 673.783264 125.866882 484.843353 0.25 0.5 0
v 684.481201 126.278465 469.01001 0.25 0.5 0
v 691.874939 126.189011 465.910004 0.25 0.5 0
v 693.731201 126.195641 460.51001 0.25 0.5 0
v 689.098389 126.153008 458.63501 0.25 0.5 0
v 683.278076 126.119347 457.76001 0.25 0.5 0
v 693.512451 126.298851 444.51001 0.25 0.5 0
v 686.106201 126.294884 434.01001 0.25 0.5 0
v 683.168701 126.28756 431.01001 0.25 0.5 0
v 668.981201 126.112389 423.26001 0.25 0.5 0
v 662.574951 126.012505 425.26001 0.25 0.5 0
v 661.153076 126.005547 431.26001 0.25 0.5 0
v 682.199951 126.10537 455.01001 0.25 0.5 0
v 683.512451 126.287743 474.76001 0.25 0.5 0
v 655.481201 125.908531 427.51001 0.25 0.5 0
v 658.606201 125.995911 442.343353 0.25 0.5 0
v 668.356201 126.133995 438.01001 0.25 0.5 0
v 673.262451 126.118889 446.76001 0.25 0.5 0
v 675.106201 126.073967 456.01001 0.25 0.5 0
v 645.147888 125.761925 435.01001 0.25 0.5 0
v 637.762451 125.649864 438.51001 0.25 0.5 0
v 640.996826 125.716972 443.76001 0.25 0.5 0
v 643.293701 125.764061 447.26001 0.25 0.5 0
v 649.658264 125.867966 447.01001 0.25 0.5 0
v 647.028076 125.837395 451.76001 0.25 0.5 0
v 648.731201 125.857689 456.26001 0.25 0.5 0
v 651.866638 125.902466 458.343353 0.25 0.5 0
v 655.606201 125.964561 455.01001 0.25 0.5 0
v 659.668701 126.017143 459.76001 0.25 0.5 0
v 655.283264 125.892197 461.843353 0.25 0.5 0
v 677.449951 126.124229 460.01001 0.25 0.5 0
v 680.074951 126.187645 463.51001 0.25 0.5 0
v 670.710388 126.095604 460.51001 0.25 0.5 0
v 674.137451 126.184532 465.51001 0.25 0.5 0
v 664.845764 126.04409 464.51001 0.25 0.5 0
v 662.512451 125.8666 469.76001 0.25 0.5 0
v 667.418701 125.982262 469.843353 0.25 0.5 0
v 666.408264 125.880882 473.176666 0.25 0.5 0
v 676.356201 126.126953 472.843353 0.25 0.5 0
v 676.106201 126.175072 470.51001 0.25 0.5 0
v 674.246826 125.90255 481.01001 0.25 0.5 0
v 667.309326 125.802116 477.51001 0.25 0.5 0
v 670.934326 125.952721 474.76001 0.25 0.5 0
v 701.231201 129.197723 10.0100098 0.25 0.5 0
v 983.793701 133.520233 87.5100098 0.25 0.5 0
v 979.606201 133.624664 99.5100098 0.25 0.5 0
v 705.897888 129.295975 33.6766777 0.25 0.5 0
v 703.543701 129.273285 37.5100098 0.25 0.5 0
v 708.043701 129.325653 36.0100098 0.25 0.5 0
v 707.262451 129.311432 49.0100098 0.25 0.5 0
v 703.699951 129.307159 54.5100098 0.25 0.5 0
v 697.918701 129.028229 60.0100098 0.25 0.5 0
v 701.262451 129.057404 62.5100098 0.25 0.5 0
v 708.028076 128.98967 129.593338 0.25 0.5 0
v 720.621826 129.270691 126.01001 0.25 0.5 0
v 727.731201 129.441895 130.01001 0.25 0.5 0
v 730.456177 129.483948 126.710007 0.25 0.5 0
v 729.012451 129.406723 121.110008 0.25 0.5 0
v 724.942139 129.303345 112.63501 0.25 0.5 0
v 735.137451 129.387726 108.676674 0.25 0.5 0
v 711.752014 129.097931 126.51001 0.25 0.5 0
v 715.309326 129.183441 121.01001 0.25 0.5 0
v 702.559326 128.816498 127.01001 0.25 0.5 0
v 719.668701 129.256012 96.0100098 0.25 0.5 0
v 700.762451 128.833771 107.01001 0.25 0.5 0
v 706.770264 128.980408 104.63501 0.25 0.5 0
v 707.778076 128.97287 114.51001 0.25 0.5 0
v 711.439514 129.080597 112.176674 0.25 0.5 0
v 715.418701 129.203705 127.51001 0.25 0.5 0
v 43.0124512 125.596825 51.0100098 0.25 0.5 0
v 27.5905762 125.460503 61.0100098 0.25 0.5 0
v 22.7624512 125.451439 63.0100098 0.25 0.5 0
v 18.5437012 125.224632 67.0100098 0.25 0.5 0
v 12.3562012 125.229729 71.5100098 0.25 0.5 0
v -33.4484863 121.109169 754.76001 0.25 0.5 0
v -31.1125488 121.200279 751.51001 0.25 0.5 0
v -31.0344238 120.972313 758.26001 0.25 0.5 0
v -27.7219238 121.058983 756.26001 0.25 0.5 0
v -38.7219238 121.107292 759.76001 0.25 0.5 0
v -42.3625488 121.244957 752.51001 0.25 0.5 0
v -44.6437988 121.301292 750.51001 0.25 0.5 0
v -38.7687988 121.24514 748.01001 0.25 0.5 0
v -44.4250488 121.366722 745.01001 0.25 0.5 0
v -48.4719238 121.472343 741.01001 0.25 0.5 0
v -53.2062988 121.382103 749.51001 0.25 0.5 0
v 6.04370117 125.726097 72.5100098 0.25 0.5 0
v 27.5124512 124.604637 111.76001 0.25 0.5 0
v 685.356201 129.206451 23.0100098 0.25 0.5 0
v 693.106201 129.121246 18.0100098 0.25 0.5 0
v 593.903076 127.835869 81.0100098 0.25 0.5 0
v 601.653076 128.008728 71.7600098 0.25 0.5 0
v 606.512451 127.898643 82.5100098 0.25 0.5 0
v 608.543701 127.937584 90.5100098 0.25 0.5 0
v 594.199951 127.792564 86.5100098 0.25 0.5 0
v 597.278076 127.775932 91.5100098 0.25 0.5 0
v 601.606201 127.750816 96.5100098 0.25 0.5 0
v 612.778076 128.014862 103.01001 0.25 0.5 0
v 618.137451 128.405487 101.51001 0.25 0.5 0
v 619.012451 128.278687 107.26001 0.25 0.5 0
v 615.168701 128.191757 67.5100098 0.25 0.5 0
v 608.481201 128.064819 71.5100098 0.25 0.5 0
v 608.809326 128.158295 65.7600098 0.25 0.5 0
v 606.231201 128.105499 67.0100098 0.25 0.5 0
v 619.818726 128.278778 64.2100067 0.25 0.5 0
v 623.335388 128.393158 61.3433418 0.25 0.5 0
v 627.085388 128.436737 63.8433418 0.25 0.5 0
v 631.606201 128.462128 64.0100098 0.25 0.5 0
v 631.168701 128.498383 59.0100098 0.25 0.5 0
v 640.653076 128.49942 55.8850098 0.25 0.5 0
v 644.996826 128.492279 52.7600098 0.25 0.5 0
v 648.627014 128.481842 52.8433418 0.25 0.5 0
v 655.043701 128.526672 49.6350098 0.25 0.5 0
v 660.043701 128.618393 50.0100098 0.25 0.5 0
v 663.043701 128.670044 50.7600098 0.25 0.5 0
v 662.095764 128.677643 46.8433418 0.25 0.5 0
v 667.131226 128.768982 46.2100105 0.25 0.5 0
v 664.481201 128.745651 43.3433418 0.25 0.5 0
v 670.543701 128.813751 46.0100098 0.25 0.5 0
v 669.793701 128.809998 41.0100098 0.25 0.5 0
v 674.848389 128.886078 40.8850098 0.25 0.5 0
v 682.739014 129.05571 35.5100098 0.25 0.5 0
v 688.762451 129.20224 32.0100098 0.25 0.5 0
v 688.871826 130.282425 70.5100098 0.25 0.5 0
v 681.522888 130.092194 74.3433456 0.25 0.5 0
v 678.043701 128.863434 65.5100098 0.25 0.5 0
v 678.481201 129.857391 77.5100098 0.25 0.5 0
v 672.918701 129.248322 80.2600098 0.25 0.5 0
v 666.121826 129.020172 83.7600098 0.25 0.5 0
v 660.949951 129.121613 86.6766739 0.25 0.5 0
v 656.418701 129.313187 88.3433456 0.25 0.5 0
v 653.184326 129.301117 93.0100098 0.25 0.5 0
v 647.668701 128.925018 91.2600098 0.25 0.5 0
v 645.168701 129.307266 95.5100098 0.25 0.5 0
v 637.293701 128.917023 98.2600098 0.25 0.5 0
v 636.199951 129.385406 101.51001 0.25 0.5 0
v 629.949951 128.931732 103.51001 0.25 0.5 0
v 626.824951 128.662323 107.51001 0.25 0.5 0
v 616.418701 127.75769 126.176674 0.25 0.5 0
v 693.074951 128.530518 129.76001 0.25 0.5 0
v 34.8562012 121.031059 279.76001 0.25 0.5 0
v 32.6999512 122.163857 247.01001 0.25 0.5 0
v 54.3249512 120.952751 253.01001 0.25 0.5 0
v 62.8562012 120.796227 253.01001 0.25 0.5 0
v 35.1999512 120.771667 289.51001 0.25 0.5 0
v 39.0749512 120.833824 283.51001 0.25 0.5 0
v 28.9187012 121.240807 275.01001 0.25 0.5 0
v 20.6687012 121.235985 274.51001 0.25 0.5 0
v 11.9187012 121.514427 262.51001 0.25 0.5 0
v 46.2937012 119.646202 291.51001 0.25 0.5 0
v 43.7937012 119.506523 297.26001 0.25 0.5 0
v 64.6687012 120.440727 269.51001 0.25 0.5 0
v 66.0124512 120.222984 265.01001 0.25 0.5 0
v 30.6999512 121.092644 287.26001 0.25 0.5 0
v 24.1999512 121.239037 272.51001 0.25 0.5 0
v 25.1374512 121.274193 268.51001 0.25 0.5 0
v 18.7155762 121.298332 268.51001 0.25 0.5 0
v 15.8874512 121.628441 259.01001 0.25 0.5 0
v 51.6106644 122.207481 230.938583 0.25 0.5 0
v 31.9187012 121.148399 282.51001 0.25 0.5 0
v 23.0280762 121.918938 256.01001 0.25 0.5 0
v 28.4030762 122.103691 254.51001 0.25 0.5 0
v 26.0437012 122.134483 249.843338 0.25 0.5 0
v 29.7468262 122.174507 248.63501 0.25 0.5 0
v 37.5541191 122.141869 241.843338 0.25 0.5 0
v 41.9655762 122.101158 239.51001 0.25 0.5 0
v 45.9812012 122.188011 235.76001 0.25 0.5 0
v 47.8249512 122.203758 234.01001 0.25 0.5 0
v 56.1270332 122.341492 227.01001 0.25 0.5 0
v 57.6687012 122.567711 224.51001 0.25 0.5 0
v 61.0437012 122.647423 222.01001 0.25 0.5 0
v 31.3249512 121.339745 264.01001 0.25 0.5 0
v 44.9187012 120.970482 260.51001 0.25 0.5 0
v 44.4812012 121.135765 255.51001 0.25 0.5 0
v 44.3874512 121.348656 250.51001 0.25 0.5 0
v 52.6999512 121.521263 242.01001 0.25 0.5 0
v 60.5124512 121.783531 233.01001 0.25 0.5 0
v 150.106201 123.86013 394.01001 0.25 0.5 0
v 122.481201 124.193077 406.01001 0.25 0.5 0
v 102.668701 123.822777 403.01001 0.25 0.5 0
v 101.168701 123.878197 399.01001 0.25 0.5 0
v 107.637451 123.962914 414.51001 0.25 0.5 0
v 108.043701 123.95919 422.01001 0.25 0.5 0
v 114.074951 124.076073 427.01001 0.25 0.5 0
v 93.2624512 123.306358 438.51001 0.25 0.5 0
v 72.6374512 123.217186 424.51001 0.25 0.5 0
v 82.3562012 123.239586 427.01001 0.25 0.5 0
v 80.8874512 123.261986 415.01001 0.25 0.5 0
v 77.5749512 123.288658 403.51001 0.25 0.5 0
v 52.9187012 122.442101 483.51001 0.25 0.5 0
v 25.0749512 122.217125 488.51001 0.25 0.5 0
v 1.91870117 122.234825 492.51001 0.25 0.5 0
v 36.1062012 122.766808 472.51001 0.25 0.5 0
v 48.1687012 122.940331 470.51001 0.25 0.5 0
v 58.4187012 123.038658 469.01001 0.25 0.5 0
v 12.7937012 122.855186 475.51001 0.25 0.5 0
v 6.76245117 122.924461 476.51001 0.25 0.5 0
v -0.581298828 123.048851 477.51001 0.25 0.5 0
v -9.88338184 122.973412 477.676666 0.25 0.5 0
v 109.778076 124.147453 447.51001 0.25 0.5 0
v 140.793701 125.472435 419.51001 0.25 0.5 0
v -18.7687988 122.910057 488.51001 0.25 0.5 0
v -39.6437988 122.035057 499.51001 0.25 0.5 0
v 6.07495117 123.156578 443.51001 0.25 0.5 0
v -28.1437988 122.601006 499.51001 0.25 0.5 0
v -9.39379883 122.45327 512.01001 0.25 0.5 0
v 97.8562012 123.363792 457.51001 0.25 0.5 0
v 93.0124512 123.12606 458.51001 0.25 0.5 0
v 86.9187012 123.143517 454.51001 0.25 0.5 0
v 91.0437012 123.248436 444.01001 0.25 0.5 0
v 111.199951 124.235863 453.01001 0.25 0.5 0
v 107.637451 123.455589 462.51001 0.25 0.5 0
v 8.48120117 123.130455 438.51001 0.25 0.5 0
v 3.59057617 123.02404 431.76001 0.25 0.5 0
v -2.72192383 122.90078 437.51001 0.25 0.5 0
v -4.00317383 123.082451 444.01001 0.25 0.5 0
v -8.92504883 122.915062 449.51001 0.25 0.5 0
v -7.48754883 123.078514 456.26001 0.25 0.5 0
v -9.36254883 122.633202 460.01001 0.25 0.5 0
v -7.92504883 122.821617 465.01001 0.25 0.5 0
v -11.8312988 122.747581 474.01001 0.25 0.5 0
v -14.4562988 122.765587 479.51001 0.25 0.5 0
v 176.309326 124.361259 397.01001 0.25 0.5 0
v 145.356201 125.297112 423.51001 0.25 0.5 0
v 78.1062012 121.499687 670.51001 0.25 0.5 0
v 85.5687027 121.596619 663.109985 0.25 0.5 0
v 89.1374512 121.550499 664.01001 0.25 0.5 0
v 99.7937012 121.600304 646.51001 0.25 0.5 0
v 110.512451 121.827782 628.26001 0.25 0.5 0
v 103.074951 121.720055 621.01001 0.25 0.5 0
v 70.5749512 121.552086 615.01001 0.25 0.5 0
v 58.4499512 121.245323 593.51001 0.25 0.5 0
v 59.2624512 121.256554 599.51001 0.25 0.5 0
v 46.9499512 121.328453 603.01001 0.25 0.5 0
v 43.2937012 121.504356 647.01001 0.25 0.5 0
v 69.0124512 121.702354 663.01001 0.25 0.5 0
v 86.2312012 121.625023 657.51001 0.25 0.5 0
v 79.7624512 121.538597 652.01001 0.25 0.5 0
v 93.7780762 121.65316 650.01001 0.25 0.5 0
v 95.8562012 121.618858 644.01001 0.25 0.5 0
v 33.3562012 121.655235 639.01001 0.25 0.5 0
v 743.856201 128.929718 190.51001 0.25 0.5 0
v 798.137451 130.661652 164.51001 0.25 0.5 0
v 887.637451 132.431 133.01001 0.25 0.5 0
v 735.543701 128.668365 199.51001 0.25 0.5 0
v 722.231201 128.328217 207.01001 0.25 0.5 0
v 687.512451 128.124786 225.01001 0.25 0.5 0
v 683.918701 128.087921 227.01001 0.25 0.5 0
v 661.168701 127.889244 239.51001 0.25 0.5 0
v 644.043701 127.52816 249.01001 0.25 0.5 0
v 630.387451 127.20089 256.01001 0.25 0.5 0
v 620.231201 127.743065 130.51001 0.25 0.5 0
v 620.668701 127.634544 138.01001 0.25 0.5 0
v 623.512451 127.717979 142.01001 0.25 0.5 0
v 638.981201 127.603722 152.51001 0.25 0.5 0
v 642.574951 127.81826 145.51001 0.25 0.5 0
v 641.778076 127.596611 156.51001 0.25 0.5 0
v 644.116638 127.5849 160.51001 0.25 0.5 0
v 635.106201 127.516502 158.01001 0.25 0.5 0
v 635.606201 127.464348 164.51001 0.25 0.5 0
v 646.684326 127.602455 164.01001 0.25 0.5 0
v 647.574951 127.628075 167.01001 0.25 0.5 0
v 644.840576 127.609245 175.76001 0.25 0.5 0
v 652.668701 127.74231 173.676682 0.25 0.5 0
v 657.074951 127.818443 167.01001 0.25 0.5 0
v 685.585388 128.421616 141.843338 0.25 0.5 0
v 691.470764 128.631866 143.343338 0.25 0.5 0
v 695.824951 128.744415 143.51001 0.25 0.5 0
v 697.158264 128.745804 147.51001 0.25 0.5 0
v 700.778076 128.823425 139.26001 0.25 0.5 0
v 696.246826 128.65863 134.76001 0.25 0.5 0
v 709.756226 129.060135 138.310013 0.25 0.5 0
v 712.231201 129.128632 134.51001 0.25 0.5 0
v 730.637451 129.504242 131.51001 0.25 0.5 0
v 675.981201 128.215851 160.51001 0.25 0.5 0
v 686.356201 128.564911 155.51001 0.25 0.5 0
v 690.824951 128.597809 139.01001 0.25 0.5 0
v 627.278076 127.7463 148.51001 0.25 0.5 0
v 630.449951 127.643089 150.76001 0.25 0.5 0
v 629.949951 127.553368 154.51001 0.25 0.5 0
v -447.612549 120.63723 424.01001 0.25 0.5 0
v -448.831299 120.569328 433.01001 0.25 0.5 0
v -443.737549 120.547386 432.51001 0.25 0.5 0
v -440.143799 120.409355 438.76001 0.25 0.5 0
v -458.206299 120.250877 458.26001 0.25 0.5 0
v -460.987549 120.270988 460.01001 0.25 0.5 0
v -301.112549 124.980247 -48.4899902 0.25 0.5 0
v -540.675049 119.335106 603.01001 0.25 0.5 0
v -534.331299 118.487755 605.51001 0.25 0.5 0
v -367.300049 121.561852 293.01001 0.25 0.5 0
v -245.362549 121.424583 334.01001 0.25 0.5 0
v -291.987549 125.074364 -71.9899902 0.25 0.5 0
v -528.112549 118.265892 611.01001 0.25 0.5 0
v -524.300049 118.10598 613.01001 0.25 0.5 0
v -528.331299 117.829857 618.01001 0.25 0.5 0
v -531.175049 118.342674 614.51001 0.25 0.5 0
v -537.893799 120.429955 613.676697 0.25 0.5 0
v -538.956299 120.423882 618.01001 0.25 0.5 0
v -543.878174 119.9645 623.26001 0.25 0.5 0
v -547.018799 120.120872 621.51001 0.25 0.5 0
v -543.831299 117.553123 632.01001 0.25 0.5 0
v -544.440674 120.415459 617.01001 0.25 0.5 0
v -544.675049 119.262474 612.01001 0.25 0.5 0
v -552.159424 118.56823 606.51001 0.25 0.5 0
v -549.862549 118.537437 605.01001 0.25 0.5 0
v -559.159424 118.275719 612.01001 0.25 0.5 0
v -301.862549 124.984825 -60.9899902 0.25 0.5 0
v -304.831299 125.00045 -52.4899902 0.25 0.5 0
v -317.581299 125.039146 -49.9899902 0.25 0.5 0
v -314.831299 125.054039 -46.4899902 0.25 0.5 0
v -309.925049 125.013268 -41.4899902 0.25 0.5 0
v -358.487549 122.916161 195.01001 0.25 0.5 0
v -346.758392 123.039146 190.676682 0.25 0.5 0
v -620.581299 118.714256 531.01001 0.25 0.5 0
v -638.768799 118.785118 534.51001 0.25 0.5 0
v -710.675049 118.581993 500.01001 0.25 0.5 0
v -678.706299 118.757896 516.51001 0.25 0.5 0
v -609.081299 118.732201 547.01001 0.25 0.5 0
v -264.971924 125.757317 -122.73999 0.25 0.5 0
v -266.425049 125.678185 -118.98999 0.25 0.5 0
v -258.997955 125.684311 -114.823326 0.25 0.5 0
v -257.112549 125.921959 -129.48999 0.25 0.5 0
v -239.987549 126.4338 -166.48999 0.25 0.5 0
v -250.050049 125.787865 -115.48999 0.25 0.5 0
v -246.581299 125.815453 -113.48999 0.25 0.5 0
v -243.503174 125.899864 -122.48999 0.25 0.5 0
v -228.456299 126.286644 -145.48999 0.25 0.5 0
v -229.018799 125.994774 -110.48999 0.25 0.5 0
v -236.737549 125.875267 -104.98999 0.25 0.5 0
v -274.987549 125.661644 -119.98999 0.25 0.5 0
v -701.409424 113.049339 858.26001 0.25 0.5 0
v -672.956299 112.906578 845.01001 0.25 0.5 0
v -650.800049 111.960167 878.01001 0.25 0.5 0
v -672.706299 113.414452 830.51001 0.25 0.5 0
v -668.956299 113.506493 826.51001 0.25 0.5 0
v -665.159424 113.60601 822.01001 0.25 0.5 0
v -636.956299 113.507652 811.51001 0.25 0.5 0
v -623.393799 113.142784 823.01001 0.25 0.5 0
v -619.560486 113.656601 807.343323 0.25 0.5 0
v -634.018799 113.864281 794.51001 0.25 0.5 0
v -622.542236 113.928856 793.26001 0.25 0.5 0
v -605.018799 113.854393 795.01001 0.25 0.5 0
v -627.768799 111.627159 877.01001 0.25 0.5 0
v -673.081299 111.453392 887.01001 0.25 0.5 0
v -664.987549 111.858421 882.01001 0.25 0.5 0
v -591.112549 113.895195 793.51001 0.25 0.5 0
v -580.706299 114.269005 794.01001 0.25 0.5 0
v -613.518799 111.925621 870.01001 0.25 0.5 0
v -623.956299 112.164574 863.51001 0.25 0.5 0
v -741.862549 111.573875 928.01001 0.25 0.5 0
v -732.862549 111.376305 925.51001 0.25 0.5 0
v -546.320862 118.462143 984.343323 0.25 0.5 0
v -543.612549 118.303551 980.51001 0.25 0.5 0
v -539.612549 117.738243 971.51001 0.25 0.5 0
v -517.800049 117.001427 946.51001 0.25 0.5 0
v -680.010986 110.998985 888.76001 0.25 0.5 0
v -685.081299 112.111351 883.01001 0.25 0.5 0
v -561.518799 113.162071 825.51001 0.25 0.5 0
v -561.122986 113.083069 835.51001 0.25 0.5 0
v -561.331299 112.88839 840.76001 0.25 0.5 0
v -565.820862 112.86821 842.343323 0.25 0.5 0
v -567.622986 112.338913 848.176697 0.25 0.5 0
v -569.206299 112.864281 842.01001 0.25 0.5 0
v -555.753174 111.791344 842.26001 0.25 0.5 0
v -559.206299 112.202782 845.51001 0.25 0.5 0
v -571.841736 111.993675 850.843323 0.25 0.5 0
v -575.643799 112.675102 843.26001 0.25 0.5 0
v -587.279236 112.869263 837.51001 0.25 0.5 0
v -588.643799 112.751793 842.51001 0.25 0.5 0
v -591.831299 112.652733 846.51001 0.25 0.5 0
v -591.675049 112.002953 858.01001 0.25 0.5 0
v -596.518799 112.107628 861.01001 0.25 0.5 0
v -596.425049 111.083 869.01001 0.25 0.5 0
v -600.550049 111.347069 869.51001 0.25 0.5 0
v -579.768799 113.321007 820.01001 0.25 0.5 0
v -570.987549 113.418663 817.01001 0.25 0.5 0
v -574.081299 113.574944 813.76001 0.25 0.5 0
v -574.175049 113.661644 808.51001 0.25 0.5 0
v -578.987549 113.663963 810.51001 0.25 0.5 0
v -566.800049 114.220604 808.51001 0.25 0.5 0
v -948.206299 115.800255 738.01001 0.25 0.5 0
v -956.487549 115.911644 745.01001 0.25 0.5 0
v -964.206299 115.320152 749.51001 0.25 0.5 0
v -889.268799 116.016991 684.01001 0.25 0.5 0
v -892.831299 116.079796 687.01001 0.25 0.5 0
v -896.550049 116.14608 690.51001 0.25 0.5 0
v -901.643799 116.349693 696.51001 0.25 0.5 0
v -907.112549 113.567162 964.01001 0.25 0.5 0
v -902.284424 113.610466 961.76001 0.25 0.5 0
v -895.643799 113.474083 963.51001 0.25 0.5 0
v -902.456299 113.621971 958.01001 0.25 0.5 0
v -824.018799 112.001183 959.01001 0.25 0.5 0
v -798.893799 112.223473 951.01001 0.25 0.5 0
v -788.175049 111.609032 963.51001 0.25 0.5 0
v -793.862549 111.817284 961.01001 0.25 0.5 0
v -883.362549 114.006065 937.01001 0.25 0.5 0
v -879.800049 114.00985 934.01001 0.25 0.5 0
v -872.029236 113.837059 939.676697 0.25 0.5 0
v -867.550049 113.765953 938.51001 0.25 0.5 0
v -862.206299 113.704796 936.01001 0.25 0.5 0
v -855.643799 113.666954 931.51001 0.25 0.5 0
v -859.612549 113.898643 926.01001 0.25 0.5 0
v -855.487549 113.911583 920.51001 0.25 0.5 0
v -852.112549 113.882896 923.01001 0.25 0.5 0
v -848.862549 113.937584 915.51001 0.25 0.5 0
v -839.393799 114.019737 904.176697 0.25 0.5 0
v -838.456299 114.071922 900.01001 0.25 0.5 0
v -834.956299 114.091331 896.01001 0.25 0.5 0
v -415.737549 116.601646 700.51001 0.25 0.5 0
v -376.175049 117.09713 742.51001 0.25 0.5 0
v -326.268799 118.161644 758.01001 0.25 0.5 0
v -418.018799 117.098045 683.01001 0.25 0.5 0
v -420.706299 117.789085 823.51001 0.25 0.5 0
v -424.685455 117.810104 827.676697 0.25 0.5 0
v -429.414642 117.734459 830.01001 0.25 0.5 0
v -434.987549 117.551109 832.51001 0.25 0.5 0
v -442.612549 117.459923 839.51001 0.25 0.5 0
v -457.081299 117.234764 858.01001 0.25 0.5 0
v -461.518799 117.321129 856.01001 0.25 0.5 0
v -470.643799 117.494225 864.51001 0.25 0.5 0
v -282.284424 118.724602 799.26001 0.25 0.5 0
v -284.503174 118.639427 804.76001 0.25 0.5 0
v -286.237549 118.590416 808.51001 0.25 0.5 0
v -301.643799 118.527794 820.01001 0.25 0.5 0
v -333.643799 118.481224 814.51001 0.25 0.5 0
v 513.090576 139.544464 -807.98999 0.25 0.5 0
v 521.512451 139.500092 -807.48999 0.25 0.5 0
v 535.387451 139.798676 -811.98999 0.25 0.5 0
v 544.324951 139.864838 -806.98999 0.25 0.5 0
v 548.293701 139.957886 -806.73999 0.25 0.5 0
v 553.465576 140.097748 -806.98999 0.25 0.5 0
v 557.106201 140.166321 -806.23999 0.25 0.5 0
v 569.668701 140.249237 -806.48999 0.25 0.5 0
v 579.106201 140.058563 -805.48999 0.25 0.5 0
v 602.762451 139.581696 -800.48999 0.25 0.5 0
v 611.106201 139.653473 -801.48999 0.25 0.5 0
v 622.662476 139.855469 -801.390015 0.25 0.5 0
v 625.918701 139.891174 -801.73999 0.25 0.5 0
v 630.293701 139.921112 -801.98999 0.25 0.5 0
v 635.699951 139.973999 -803.23999 0.25 0.5 0
v 647.512451 140.17041 -803.23999 0.25 0.5 0
v 651.981201 140.251221 -802.98999 0.25 0.5 0
v 639.606201 140.542328 -816.48999 0.25 0.5 0
v 590.262451 140.75351 -816.98999 0.25 0.5 0
v 563.668701 141.03479 -826.23999 0.25 0.5 0
v 557.179138 140.947495 -827.156677 0.25 0.5 0
v 556.356201 140.510773 -817.48999 0.25 0.5 0
v 548.293701 140.43808 -821.98999 0.25 0.5 0
v 549.371826 140.772034 -827.73999 0.25 0.5 0
v 545.762451 140.621307 -826.98999 0.25 0.5 0
v 528.356201 140.420868 -832.98999 0.25 0.5 0
v 454.731201 140.301727 -829.98999 0.25 0.5 0
v 458.731201 140.42392 -837.48999 0.25 0.5 0
v 520.887451 142.12851 -934.98999 0.25 0.5 0
v 524.824951 142.288788 -942.48999 0.25 0.5 0
v 561.106201 140.248749 -805.98999 0.25 0.5 0
v 562.762451 140.11319 -801.48999 0.25 0.5 0
v 557.793701 140.062653 -802.48999 0.25 0.5 0
v 436.231201 128.178619 -169.98999 0.25 0.5 0
v 446.262451 128.556122 -167.48999 0.25 0.5 0
v 449.918701 128.800262 -169.48999 0.25 0.5 0
v 461.887451 128.876801 -158.73999 0.25 0.5 0
v 467.074951 129.33316 -160.98999 0.25 0.5 0
v 472.574951 129.100555 -153.48999 0.25 0.5 0
v 404.762451 126.779808 -227.98999 0.25 0.5 0
v 400.168701 127.243614 -227.48999 0.25 0.5 0
v 403.074951 127.004234 -222.48999 0.25 0.5 0
v 416.949951 125.832115 -140.98999 0.25 0.5 0
v 436.793701 128.191498 -155.48999 0.25 0.5 0
v 445.731201 128.310638 -151.48999 0.25 0.5 0
v 454.387451 128.481964 -147.98999 0.25 0.5 0
v 463.106201 128.701691 -142.48999 0.25 0.5 0
v 448.481201 128.459015 -142.48999 0.25 0.5 0
v 452.293701 128.561615 -134.48999 0.25 0.5 0
v 456.324951 128.546844 -139.98999 0.25 0.5 0
v 462.371826 128.324341 -123.23999 0.25 0.5 0
v 466.356201 127.930565 -126.48999 0.25 0.5 0
v 479.762451 129.090485 -118.48999 0.25 0.5 0
v 458.231201 128.218781 -97.4899902 0.25 0.5 0
v 451.418701 128.367462 -111.48999 0.25 0.5 0
v 442.512451 128.2659 -116.98999 0.25 0.5 0
v 430.324951 127.090019 -131.48999 0.25 0.5 0
v 412.793701 126.504784 -113.48999 0.25 0.5 0
v 403.481201 125.974388 -110.98999 0.25 0.5 0
v 399.481201 126.146629 -103.48999 0.25 0.5 0
v 480.449951 131.564423 -256.98999 0.25 0.5 0
v 474.528076 131.3685 -266.73999 0.25 0.5 0
v 477.762451 131.26828 -277.48999 0.25 0.5 0
v 481.720795 131.438324 -278.823334 0.25 0.5 0
v 486.543701 131.63858 -295.98999 0.25 0.5 0
v 497.981201 131.723785 -240.98999 0.25 0.5 0
v 491.699951 131.544342 -231.98999 0.25 0.5 0
v 494.574951 131.423553 -223.98999 0.25 0.5 0
v 492.731201 131.310577 -219.98999 0.25 0.5 0
v 496.918701 131.255646 -216.48999 0.25 0.5 0
v 490.293701 131.040558 -205.48999 0.25 0.5 0
v 478.043701 131.804596 -210.48999 0.25 0.5 0
v 497.637451 129.465118 -142.48999 0.25 0.5 0
v 416.824951 127.675011 -174.98999 0.25 0.5 0
v 559.481201 130.117645 -156.48999 0.25 0.5 0
v 577.137451 130.632294 -165.48999 0.25 0.5 0
v 603.012451 130.970612 -162.98999 0.25 0.5 0
v 607.793701 131.577728 -185.48999 0.25 0.5 0
v 557.074951 132.909698 -296.98999 0.25 0.5 0
v 549.356201 132.743622 -285.48999 0.25 0.5 0
v 568.981201 132.46347 -266.98999 0.25 0.5 0
v 566.574951 132.415924 -258.98999 0.25 0.5 0
v 559.699951 132.377838 -260.98999 0.25 0.5 0
v 561.387451 132.406036 -267.98999 0.25 0.5 0
v 554.293701 132.502411 -269.98999 0.25 0.5 0
v 513.793701 131.916595 -248.98999 0.25 0.5 0
v 517.887451 131.807526 -241.98999 0.25 0.5 0
v 516.387451 131.676605 -234.48999 0.25 0.5 0
v 513.512451 131.720428 -238.48999 0.25 0.5 0
v 511.387451 131.811615 -243.98999 0.25 0.5 0
v 508.856201 131.694122 -236.98999 0.25 0.5 0
v 507.981201 131.588776 -229.48999 0.25 0.5 0
v 548.699951 132.654877 -279.48999 0.25 0.5 0
v 544.293701 132.615509 -278.48999 0.25 0.5 0
v 541.106201 132.534882 -274.98999 0.25 0.5 0
v 547.231201 132.384979 -265.48999 0.25 0.5 0
v 552.574951 132.242157 -256.48999 0.25 0.5 0
v 546.074951 132.137604 -252.48999 0.25 0.5 0
v 540.606201 132.279083 -261.48999 0.25 0.5 0
v 534.762451 132.401825 -271.48999 0.25 0.5 0
v 538.762451 132.020111 -247.98999 0.25 0.5 0
v 533.762451 132.163727 -256.98999 0.25 0.5 0
v 532.231201 131.924652 -244.48999 0.25 0.5 0
v 527.074951 132.058197 -252.98999 0.25 0.5 0
v 523.606201 132.151886 -258.98999 0.25 0.5 0
v 519.356201 132.111786 -257.98999 0.25 0.5 0
v 510.637451 131.94339 -268.98999 0.25 0.5 0
v 516.293701 132.040619 -254.98999 0.25 0.5 0
v 520.231201 131.939972 -248.48999 0.25 0.5 0
v 525.168701 131.807343 -239.98999 0.25 0.5 0
v 554.074951 132.019562 -235.48999 0.25 0.5 0
v 576.668701 132.435394 -248.98999 0.25 0.5 0
v 569.074951 132.356171 -243.98999 0.25 0.5 0
v 561.481201 132.082184 -238.98999 0.25 0.5 0
v 510.324951 129.409088 -138.98999 0.25 0.5 0
v 523.324951 129.467194 -139.48999 0.25 0.5 0
v 535.793701 129.545624 -141.98999 0.25 0.5 0
v 546.918701 129.657623 -145.48999 0.25 0.5 0
v 544.481201 129.442413 -124.98999 0.25 0.5 0
v 358.387451 124.78756 -102.98999 0.25 0.5 0
v 365.324951 129.54129 -212.98999 0.25 0.5 0
v 379.012451 129.762177 -273.98999 0.25 0.5 0
v 87.2624512 123.958519 383.51001 0.25 0.5 0
v 83.4499512 124.371422 368.51001 0.25 0.5 0
v 78.7312012 124.374046 368.51001 0.25 0.5 0
v 74.8562012 124.35244 331.01001 0.25 0.5 0
v 31.7937012 119.99575 317.51001 0.25 0.5 0
v 6.73120117 119.440392 346.01001 0.25 0.5 0
v 37.5124512 119.640465 312.01001 0.25 0.5 0
v 114.918701 121.497581 313.01001 0.25 0.5 0
v 421.606201 128.675201 -79.9899902 0.25 0.5 0
v 374.356201 125.131432 -66.9899902 0.25 0.5 0
v 371.903076 124.631279 -51.7399902 0.25 0.5 0
v 377.762451 124.731163 -28.9899902 0.25 0.5 0
v 384.481201 126.143944 -29.4899902 0.25 0.5 0
v 449.074951 124.838951 -23.4899902 0.25 0.5 0
v 454.824951 125.100914 -26.9899902 0.25 0.5 0
v 459.840576 125.062889 -28.4899902 0.25 0.5 0
v 459.606201 128.499054 -49.9899902 0.25 0.5 0
v 493.465576 125.064415 -40.4899902 0.25 0.5 0
v 498.371826 125.208427 -42.9899902 0.25 0.5 0
v 410.793701 128.350433 -83.9899902 0.25 0.5 0
v 411.449951 128.519318 -78.4899902 0.25 0.5 0
v 514.965576 126.210167 -1.98999023 0.25 0.5 0
v 521.887451 126.164757 -9.48999023 0.25 0.5 0
v 539.481201 127.938499 16.0100098 0.25 0.5 0
v 543.449951 128.166718 9.01000977 0.25 0.5 0
v 548.418701 128.294647 2.51000977 0.25 0.5 0
v 526.637451 127.574547 4.51000977 0.25 0.5 0
v 560.085388 128.569427 26.1766758 0.25 0.5 0
v 564.449951 128.748932 17.5100098 0.25 0.5 0
v 569.824951 129.102753 -8.98999023 0.25 0.5 0
v 578.418701 129.202667 1.51000977 0.25 0.5 0
v 584.981201 129.758575 0.0100097656 0.25 0.5 0
v 480.043701 127.351891 47.0100098 0.25 0.5 0
v 547.793701 128.214813 53.5100098 0.25 0.5 0
v 548.918701 128.015717 34.5100098 0.25 0.5 0
v 525.637451 129.542816 -84.9899902 0.25 0.5 0
v -54.8000488 119.959435 367.51001 0.25 0.5 0
v -13.7375488 119.39016 358.51001 0.25 0.5 0
v -43.7062988 119.772972 361.51001 0.25 0.5 0
v -9.05004883 119.286461 357.51001 0.25 0.5 0
v -25.9875488 119.245872 362.01001 0.25 0.5 0
v -10.0500488 119.888451 802.51001 0.25 0.5 0
v -27.0187988 119.707237 829.01001 0.25 0.5 0
v -28.1125488 119.465599 837.51001 0.25 0.5 0
v -20.8000488 119.528465 839.01001 0.25 0.5 0
v -14.3312988 119.723656 837.01001 0.25 0.5 0
v -2.49796557 119.889305 844.51001 0.25 0.5 0
v -6.55004883 119.68087 848.51001 0.25 0.5 0
v 0.817138672 119.759911 850.51001 0.25 0.5 0
v 7.39786768 119.751022 853.176697 0.25 0.5 0
v 9.35620117 119.877647 849.01001 0.25 0.5 0
v 11.9499512 119.55349 858.51001 0.25 0.5 0
v 13.4968262 119.844933 853.01001 0.25 0.5 0
v 22.4265137 119.748756 859.63501 0.25 0.5 0
v 21.1530762 119.696037 863.26001 0.25 0.5 0
v 28.6374512 119.784203 860.01001 0.25 0.5 0
v 26.5749512 119.734642 863.51001 0.25 0.5 0
v 33.6999512 119.725792 870.01001 0.25 0.5 0
v 37.3562012 119.678123 872.01001 0.25 0.5 0
v 69.9499512 119.555809 884.01001 0.25 0.5 0
v 79.6062012 119.354057 888.01001 0.25 0.5 0
v 99.0749512 119.213097 899.01001 0.25 0.5 0
v 105.746826 119.195 902.01001 0.25 0.5 0
v 103.824951 119.110924 905.51001 0.25 0.5 0
v 112.293701 119.230858 904.51001 0.25 0.5 0
v 116.918701 119.14669 908.51001 0.25 0.5 0
v 122.903076 119.149559 915.01001 0.25 0.5 0
v 123.824951 119.254906 917.51001 0.25 0.5 0
v 129.606201 119.198631 917.51001 0.25 0.5 0
v 134.533279 119.108582 918.01001 0.25 0.5 0
v 145.184326 119.39843 927.01001 0.25 0.5 0
v 156.856201 119.294334 932.01001 0.25 0.5 0
v 166.106201 119.259361 935.01001 0.25 0.5 0
v 164.262451 119.193321 940.01001 0.25 0.5 0
v 169.168701 119.411888 943.01001 0.25 0.5 0
v 190.496826 119.269493 951.51001 0.25 0.5 0
v 197.996826 119.836479 960.26001 0.25 0.5 0
v 202.012451 119.546227 959.01001 0.25 0.5 0
v 206.574951 120.120628 966.51001 0.25 0.5 0
v 214.387451 120.381798 971.01001 0.25 0.5 0
v 214.778076 119.475754 966.01001 0.25 0.5 0
v 219.731201 119.538658 968.01001 0.25 0.5 0
v 817.731201 144.362274 -1006.98999 0.25 0.5 0
v 813.731201 144.60022 -1004.48999 0.25 0.5 0
v 812.793701 145.050751 -993.48999 0.25 0.5 0
v 814.903076 144.81781 -999.23999 0.25 0.5 0
v 809.918701 145.030151 -986.23999 0.25 0.5 0
v 805.324951 145.026581 -982.48999 0.25 0.5 0
v 801.356201 145.084808 -997.98999 0.25 0.5 0
v 808.465576 144.974518 -998.23999 0.25 0.5 0
v 802.949951 145.142426 -991.98999 0.25 0.5 0
v 796.168701 145.11087 -998.98999 0.25 0.5 0
v 796.309326 145.150146 -988.73999 0.25 0.5 0
v 798.168701 145.013885 -982.98999 0.25 0.5 0
v 790.949951 145.174011 -991.23999 0.25 0.5 0
v 699.512451 144.604309 -1006.73999 0.25 0.5 0
v 704.012451 144.588654 -1005.48999 0.25 0.5 0
v 935.637451 144.677155 -973.98999 0.25 0.5 0
v 988.012451 144.684692 -1008.23999 0.25 0.5 0
v 1005.57495 144.592865 -1009.48999 0.25 0.5 0
v 1013.6062 144.588837 -1006.48999 0.25 0.5 0
v 786.762451 144.846588 -1004.98999 0.25 0.5 0
v 799.074951 144.533356 -1009.98999 0.25 0.5 0
v 58.7624512 130.283478 -331.48999 0.25 0.5 0
v 63.6999512 130.150299 -323.48999 0.25 0.5 0
v 66.3874512 130.13089 -319.98999 0.25 0.5 0
v 70.5124512 130.131165 -314.23999 0.25 0.5 0
v 80.6062012 129.891998 -298.48999 0.25 0.5 0
v 92.5124512 129.710693 -280.98999 0.25 0.5 0
v 95.5258408 129.654388 -278.347137 0.25 0.5 0
v 98.5671387 129.774002 -280.98999 0.25 0.5 0
v 101.512451 129.937958 -285.98999 0.25 0.5 0
v 96.3061981 130.013947 -288.889984 0.25 0.5 0
v 96.0437012 130.046356 -292.48999 0.25 0.5 0
v 90.2937012 130.222565 -288.98999 0.25 0.5 0
v 87.6999512 129.712799 -284.98999 0.25 0.5 0
v 79.3874512 124.576256 95.5100098 0.25 0.5 0
v 68.9812012 124.532066 102.51001 0.25 0.5 0
v 48.4812012 124.416039 115.01001 0.25 0.5 0
v 37.0124512 124.260338 121.51001 0.25 0.5 0
v 34.6374512 123.899071 138.51001 0.25 0.5 0
v 28.6062012 123.918175 142.51001 0.25 0.5 0
v 45.5749512 122.511986 212.51001 0.25 0.5 0
v 125.231201 122.855614 185.76001 0.25 0.5 0
v 113.199951 122.34182 199.51001 0.25 0.5 0
v 68.8562012 122.895592 215.01001 0.25 0.5 0
v 115.106201 124.059227 181.51001 0.25 0.5 0
v 119.481201 123.37606 181.51001 0.25 0.5 0
v 124.574951 123.953636 178.01001 0.25 0.5 0
v 130.824951 124.531532 173.76001 0.25 0.5 0
v 135.653076 125.164513 171.26001 0.25 0.5 0
v 97.1999512 123.583809 195.310013 0.25 0.5 0
v 74.8405762 122.546684 214.26001 0.25 0.5 0
v 77.2937012 123.087578 208.76001 0.25 0.5 0
v 79.6062012 122.708092 211.01001 0.25 0.5 0
v 80.1843262 123.189354 205.76001 0.25 0.5 0
v 85.0124512 122.895531 206.26001 0.25 0.5 0
v 85.7103653 123.287865 202.343338 0.25 0.5 0
v 89.345787 123.05764 202.51001 0.25 0.5 0
v 87.4812012 123.531639 200.01001 0.25 0.5 0
v 92.3327637 123.442131 199.01001 0.25 0.5 0
v 92.4499512 123.830772 196.01001 0.25 0.5 0
v 100.460365 123.875328 191.343338 0.25 0.5 0
v 103.731201 123.640221 190.01001 0.25 0.5 0
v 129.324951 123.141502 182.51001 0.25 0.5 0
v 37.4812012 124.728966 104.01001 0.25 0.5 0
v 40.6062012 124.607872 110.01001 0.25 0.5 0
v 29.8249512 124.093895 127.01001 0.25 0.5 0
v 83.4812012 122.068748 216.51001 0.25 0.5 0
v 405.043701 134.30191 -503.98999 0.25 0.5 0
v 409.012451 133.710907 -502.48999 0.25 0.5 0
v 424.731201 133.336578 -496.98999 0.25 0.5 0
v 418.449951 133.450165 -506.48999 0.25 0.5 0
v 482.481201 131.908783 -318.48999 0.25 0.5 0
v 484.481201 132.014862 -323.98999 0.25 0.5 0
v 492.481201 132.139069 -327.98999 0.25 0.5 0
v 489.856201 132.156769 -331.48999 0.25 0.5 0
v 504.168701 132.394592 -343.98999 0.25 0.5 0
v 507.949951 132.510651 -349.98999 0.25 0.5 0
v 511.121826 132.628601 -356.23999 0.25 0.5 0
v 520.356201 132.676361 -352.98999 0.25 0.5 0
v 516.824951 132.7565 -360.98999 0.25 0.5 0
v 529.897888 133.009232 -370.98999 0.25 0.5 0
v 527.324951 132.814545 -357.98999 0.25 0.5 0
v 535.809326 132.943024 -366.23999 0.25 0.5 0
v 539.512451 132.986633 -368.48999 0.25 0.5 0
v 538.137451 132.941864 -357.98999 0.25 0.5 0
v 543.731201 133.001251 -359.48999 0.25 0.5 0
v 542.793701 132.983063 -353.23999 0.25 0.5 0
v 546.668701 132.986603 -355.98999 0.25 0.5 0
v 538.793701 132.879852 -350.48999 0.25 0.5 0
v 542.074951 132.894684 -345.23999 0.25 0.5 0
v 535.012451 132.720673 -342.48999 0.25 0.5 0
v 547.012451 133.04129 -348.98999 0.25 0.5 0
v 548.981201 133.025177 -341.98999 0.25 0.5 0
v 546.887451 132.924286 -335.98999 0.25 0.5 0
v 552.574951 133.086029 -339.48999 0.25 0.5 0
v 544.074951 132.702667 -327.48999 0.25 0.5 0
v 550.512451 132.897919 -332.98999 0.25 0.5 0
v 555.496826 132.922119 -329.73999 0.25 0.5 0
v 563.731201 132.9617 -320.48999 0.25 0.5 0
v 567.074951 132.940155 -322.98999 0.25 0.5 0
v 555.981201 132.934418 -318.98999 0.25 0.5 0
v 565.324951 132.848114 -314.48999 0.25 0.5 0
v 568.496826 132.801788 -310.73999 0.25 0.5 0
v 574.606201 132.754303 -309.48999 0.25 0.5 0
v 577.074951 132.575287 -304.98999 0.25 0.5 0
v 571.074951 132.63681 -300.48999 0.25 0.5 0
v 550.481201 132.756439 -312.48999 0.25 0.5 0
v 426.543701 138.293365 -747.48999 0.25 0.5 0
v 349.439545 130.627945 -302.156647 0.25 0.5 0
v 348.418701 130.874664 -304.98999 0.25 0.5 0
v 347.621826 131.103912 -313.73999 0.25 0.5 0
v 348.377045 131.255661 -319.98999 0.25 0.5 0
v 399.231201 134.211945 -498.98999 0.25 0.5 0
v 400.449951 134.432648 -504.48999 0.25 0.5 0
v 402.356201 134.411774 -510.48999 0.25 0.5 0
v 414.106201 135.098114 -546.98999 0.25 0.5 0
v 435.793701 135.912781 -589.98999 0.25 0.5 0
v 448.189545 136.154449 -607.823303 0.25 0.5 0
v 450.606201 136.235931 -611.98999 0.25 0.5 0
v 459.981201 136.449982 -622.48999 0.25 0.5 0
v 51.0749512 130.794952 -354.48999 0.25 0.5 0
v 51.6999512 131.115326 -361.48999 0.25 0.5 0
v 47.6999512 131.107147 -366.48999 0.25 0.5 0
v 42.1687012 131.106476 -369.98999 0.25 0.5 0
v 39.6999512 131.266998 -377.48999 0.25 0.5 0
v 36.3249512 131.297821 -381.98999 0.25 0.5 0
v 30.7937012 130.99527 -383.48999 0.25 0.5 0
v 24.8718262 131.246582 -394.98999 0.25 0.5 0
v 23.8562012 131.413788 -398.48999 0.25 0.5 0
v 17.2312012 131.390594 -404.98999 0.25 0.5 0
v 14.4603682 131.297394 -409.823334 0.25 0.5 0
v 8.51245117 131.301849 -416.23999 0.25 0.5 0
v 7.91870117 131.330597 -419.98999 0.25 0.5 0
v 3.68432617 131.357025 -427.73999 0.25 0.5 0
v -8.43546581 131.642563 -446.823334 0.25 0.5 0
v 125.934326 132.57605 -443.23999 0.25 0.5 0
v 107.028076 131.886749 -421.48999 0.25 0.5 0
v 84.7624512 131.773712 -425.98999 0.25 0.5 0
v 57.1374512 131.539276 -400.98999 0.25 0.5 0
v 37.5437012 131.349457 -392.98999 0.25 0.5 0
v 31.1687012 131.298431 -400.48999 0.25 0.5 0
v 17.8249512 131.900787 -454.48999 0.25 0.5 0
v 13.2312012 131.651337 -446.98999 0.25 0.5 0
v -4.61254883 131.503571 -442.48999 0.25 0.5 0
v -10.9562988 131.736481 -450.98999 0.25 0.5 0
v 153.449951 132.337372 -427.48999 0.25 0.5 0
v 152.137451 132.434845 -445.48999 0.25 0.5 0
v 106.637451 131.608002 -387.98999 0.25 0.5 0
v 113.668701 131.641449 -388.48999 0.25 0.5 0
v 110.637451 131.71933 -395.48999 0.25 0.5 0
v 130.340576 132.289703 -431.23999 0.25 0.5 0
v 136.418701 132.364105 -435.48999 0.25 0.5 0
v 121.387451 132.059265 -422.98999 0.25 0.5 0
v 117.481201 131.977509 -418.48999 0.25 0.5 0
v 109.449951 132.012604 -407.48999 0.25 0.5 0
v 105.887451 132.013947 -402.98999 0.25 0.5 0
v 90.5280762 131.350037 -373.48999 0.25 0.5 0
v 57.1687012 130.972443 -349.48999 0.25 0.5 0
v 26.4187012 131.147003 -390.98999 0.25 0.5 0
v -4.73754883 131.440216 -437.98999 0.25 0.5 0
v 34.3562012 131.553833 -428.98999 0.25 0.5 0
v 38.2312012 131.550934 -424.98999 0.25 0.5 0
v 40.8562012 131.528656 -420.98999 0.25 0.5 0
v 67.5124512 131.836334 -402.48999 0.25 0.5 0
v 73.4812012 131.904083 -407.98999 0.25 0.5 0
v 72.2937012 131.902618 -397.98999 0.25 0.5 0
v 78.4812012 131.999847 -402.48999 0.25 0.5 0
v 77.0437012 131.691925 -392.48999 0.25 0.5 0
v 83.2312012 131.843414 -397.48999 0.25 0.5 0
v 91.3249512 131.648895 -417.48999 0.25 0.5 0
v 117.684326 132.730988 -451.48999 0.25 0.5 0
v 121.871826 132.728149 -447.98999 0.25 0.5 0
v 793.293701 143.918732 -938.48999 0.25 0.5 0
v 810.465576 144.020508 -953.23999 0.25 0.5 0
v 817.512451 144.098297 -951.48999 0.25 0.5 0
v 828.418701 144.235687 -948.98999 0.25 0.5 0
v 833.112427 144.107864 -946.589966 0.25 0.5 0
v 842.731201 143.855377 -941.98999 0.25 0.5 0
v 805.199951 143.974396 -951.48999 0.25 0.5 0
v 928.887451 140.89389 -870.98999 0.25 0.5 0
v 924.293701 144.078705 -920.48999 0.25 0.5 0
v 928.074951 144.508942 -946.48999 0.25 0.5 0
v 977.699951 144.620697 -927.98999 0.25 0.5 0
v 972.199951 144.649261 -929.48999 0.25 0.5 0
v 950.981201 144.608185 -940.48999 0.25 0.5 0
v 946.293701 144.668549 -948.98999 0.25 0.5 0
v 929.449951 144.58725 -952.48999 0.25 0.5 0
v 931.418701 144.632965 -958.48999 0.25 0.5 0
v 972.106201 144.745148 -959.48999 0.25 0.5 0
v 995.668701 144.802948 -932.98999 0.25 0.5 0
v 996.127014 144.879776 -921.656677 0.25 0.5 0
v 999.887451 144.83371 -923.98999 0.25 0.5 0
v 1004.7937 144.808075 -920.98999 0.25 0.5 0
v 1018.4812 144.698212 -917.98999 0.25 0.5 0
v 1019.6687 144.648285 -924.48999 0.25 0.5 0
v 919.137451 144.328461 -936.48999 0.25 0.5 0
v 936.731201 144.401154 -919.48999 0.25 0.5 0
v 938.637451 144.248444 -914.98999 0.25 0.5 0
v 937.262451 143.726959 -907.48999 0.25 0.5 0
v 874.418701 141.170013 -874.98999 0.25 0.5 0
v 802.606201 140.99649 -808.98999 0.25 0.5 0
v 825.512451 141.392426 -818.48999 0.25 0.5 0
v 836.543701 141.683624 -814.98999 0.25 0.5 0
v 845.262451 141.404724 -806.98999 0.25 0.5 0
v 854.387451 141.241791 -800.98999 0.25 0.5 0
v 858.387451 141.10965 -799.48999 0.25 0.5 0
v 863.746826 141.041534 -795.73999 0.25 0.5 0
v 876.699951 140.837921 -868.48999 0.25 0.5 0
v 898.074951 144.454254 -928.98999 0.25 0.5 0
v 880.106201 142.519196 -907.48999 0.25 0.5 0
v 796.231201 141.078278 -819.98999 0.25 0.5 0
v 783.418701 141.418304 -832.98999 0.25 0.5 0
v 772.371826 141.363312 -840.73999 0.25 0.5 0
v 779.137451 141.683258 -841.98999 0.25 0.5 0
v 789.793701 141.984528 -837.98999 0.25 0.5 0
v 789.418701 142.262665 -842.48999 0.25 0.5 0
v 783.543701 142.367523 -852.48999 0.25 0.5 0
v 773.856201 142.146515 -856.98999 0.25 0.5 0
v 767.606201 141.802216 -857.48999 0.25 0.5 0
v 759.731201 142.05069 -868.48999 0.25 0.5 0
v 763.231201 142.589874 -874.48999 0.25 0.5 0
v 779.778076 142.971313 -892.48999 0.25 0.5 0
v 782.324951 142.901215 -893.98999 0.25 0.5 0
v 778.856201 143.088043 -899.98999 0.25 0.5 0
v 781.043701 143.459747 -905.48999 0.25 0.5 0
v 786.293701 143.613495 -921.98999 0.25 0.5 0
v 787.793701 143.70694 -926.48999 0.25 0.5 0
v 793.168701 143.884674 -927.48999 0.25 0.5 0
v 830.262451 143.569031 -923.98999 0.25 0.5 0
v 834.637451 143.503693 -925.98999 0.25 0.5 0
v 847.137451 144.077484 -927.98999 0.25 0.5 0
v 846.590576 143.217316 -915.48999 0.25 0.5 0
v 862.064514 143.347443 -912.48999 0.25 0.5 0
v 862.387451 142.49942 -884.48999 0.25 0.5 0
v 858.746826 143.037842 -895.98999 0.25 0.5 0
v 856.231201 143.348663 -891.48999 0.25 0.5 0
v 856.793701 143.482025 -886.98999 0.25 0.5 0
v 851.606201 143.414886 -890.98999 0.25 0.5 0
v 849.856201 143.378387 -899.48999 0.25 0.5 0
v 844.137451 143.408508 -894.48999 0.25 0.5 0
v 836.809326 143.328674 -899.23999 0.25 0.5 0
v 821.668701 143.567047 -911.48999 0.25 0.5 0
v 817.637451 143.310822 -891.98999 0.25 0.5 0
v 820.949951 142.959381 -882.98999 0.25 0.5 0
v 824.903076 143.000671 -876.98999 0.25 0.5 0
v 837.668701 142.833405 -870.98999 0.25 0.5 0
v 845.918701 142.731293 -871.98999 0.25 0.5 0
v 846.793701 142.71347 -867.48999 0.25 0.5 0
v 850.887451 142.627228 -876.48999 0.25 0.5 0
v 854.981201 142.48233 -870.48999 0.25 0.5 0
v 856.606201 142.421417 -865.48999 0.25 0.5 0
v 860.934326 141.931396 -852.73999 0.25 0.5 0
v 857.106201 141.97525 -852.48999 0.25 0.5 0
v 860.699951 141.821808 -847.23999 0.25 0.5 0
v 858.637451 141.853058 -844.48999 0.25 0.5 0
v 856.168701 141.475311 -813.98999 0.25 0.5 0
v 845.918701 141.817963 -819.98999 0.25 0.5 0
v 838.606201 142.032318 -822.98999 0.25 0.5 0
v 833.512451 142.021454 -825.98999 0.25 0.5 0
v 839.481201 142.283691 -833.73999 0.25 0.5 0
v 843.668701 142.242218 -836.98999 0.25 0.5 0
v 835.418701 142.543549 -843.48999 0.25 0.5 0
v 825.960388 142.191208 -832.323303 0.25 0.5 0
v 866.574951 141.271515 -818.48999 0.25 0.5 0
v 866.074951 141.404083 -831.98999 0.25 0.5 0
v 865.668701 141.206207 -841.48999 0.25 0.5 0
v 866.074951 141.072601 -845.48999 0.25 0.5 0
v 869.668701 140.936005 -858.48999 0.25 0.5 0
v 779.434326 143.357635 -917.98999 0.25 0.5 0
v 773.574951 143.173798 -905.48999 0.25 0.5 0
v 763.637451 142.706512 -885.48999 0.25 0.5 0
v 777.981201 143.303864 -914.98999 0.25 0.5 0
v 665.356201 140.264801 -803.48999 0.25 0.5 0
v 683.168701 140.320831 -806.98999 0.25 0.5 0
v 689.418701 140.381012 -806.48999 0.25 0.5 0
v 696.668701 140.568207 -807.48999 0.25 0.5 0
v 702.699951 140.561188 -807.48999 0.25 0.5 0
v 707.449951 140.484894 -807.98999 0.25 0.5 0
v 721.356201 140.605988 -809.98999 0.25 0.5 0
v 742.887451 140.611908 -807.98999 0.25 0.5 0
v 752.543701 141.477692 -830.98999 0.25 0.5 0
v 738.918701 141.748932 -828.98999 0.25 0.5 0
v 726.793701 141.728729 -827.98999 0.25 0.5 0
v 717.168701 140.878693 -817.98999 0.25 0.5 0
v 668.887451 140.956451 -815.98999 0.25 0.5 0
v 726.949951 140.776337 -809.98999 0.25 0.5 0
v 196.043701 132.040192 -391.98999 0.25 0.5 0
v 234.137451 131.630402 -362.98999 0.25 0.5 0
v 195.793701 132.387604 -408.48999 0.25 0.5 0
v 168.231201 138.331573 -835.48999 0.25 0.5 0
v 175.199951 138.205109 -836.98999 0.25 0.5 0
v 182.106201 138.313324 -841.48999 0.25 0.5 0
v 197.074951 138.409149 -846.98999 0.25 0.5 0
v 218.949951 138.685822 -850.98999 0.25 0.5 0
v 253.106201 138.816315 -857.98999 0.25 0.5 0
v 282.543701 139.14444 -865.98999 0.25 0.5 0
v 282.699951 139.378815 -877.48999 0.25 0.5 0
v 275.481201 139.096893 -870.98999 0.25 0.5 0
v 278.199951 139.714386 -890.48999 0.25 0.5 0
v 257.293701 138.949249 -870.98999 0.25 0.5 0
v 251.481201 138.852142 -866.98999 0.25 0.5 0
v 232.481201 138.72049 -868.48999 0.25 0.5 0
v 220.574951 138.59079 -863.48999 0.25 0.5 0
v 213.512451 138.852081 -864.23999 0.25 0.5 0
v 205.231201 138.809113 -858.48999 0.25 0.5 0
v 201.012451 138.664459 -857.48999 0.25 0.5 0
v 193.262451 138.404999 -854.48999 0.25 0.5 0
v 185.887451 138.432526 -851.98999 0.25 0.5 0
v 146.543701 137.902069 -839.98999 0.25 0.5 0
v 133.887451 138.073395 -836.98999 0.25 0.5 0
v 126.449951 137.978119 -835.48999 0.25 0.5 0
v 118.887451 137.595856 -832.48999 0.25 0.5 0
v 91.7312012 137.435272 -824.98999 0.25 0.5 0
v 84.4343262 137.66037 -823.48999 0.25 0.5 0
v 80.5593262 137.693787 -823.23999 0.25 0.5 0
v 158.199951 136.320831 -729.98999 0.25 0.5 0
v 154.981201 136.334991 -725.98999 0.25 0.5 0
v 176.762451 136.424286 -706.98999 0.25 0.5 0
v 180.043701 136.542206 -709.48999 0.25 0.5 0
v 176.199951 136.438202 -710.98999 0.25 0.5 0
v -130.425049 135.059967 -736.98999 0.25 0.5 0
v -136.425049 135.19632 -767.48999 0.25 0.5 0
v -132.081299 135.228973 -761.98999 0.25 0.5 0
v 200.668701 123.289146 595.51001 0.25 0.5 0
v 277.231201 123.294518 613.51001 0.25 0.5 0
v 283.699951 123.189415 615.01001 0.25 0.5 0
v 295.231201 123.236687 614.01001 0.25 0.5 0
v 301.043701 123.413048 619.01001 0.25 0.5 0
v 222.981201 123.055443 601.01001 0.25 0.5 0
v 302.991608 123.523926 612.343323 0.25 0.5 0
v 203.637451 123.4291 585.51001 0.25 0.5 0
v 345.668701 123.715538 643.01001 0.25 0.5 0
v 352.074951 124.046104 643.01001 0.25 0.5 0
v 368.887451 123.959496 639.51001 0.25 0.5 0
v 193.043701 123.092613 611.01001 0.25 0.5 0
v 512.168701 123.499229 675.01001 0.25 0.5 0
v 353.824951 123.847862 648.01001 0.25 0.5 0
v 240.512451 123.313072 586.51001 0.25 0.5 0
v -124.550049 120.568932 450.01001 0.25 0.5 0
v -115.987549 120.65786 460.01001 0.25 0.5 0
v -138.112549 120.909355 446.51001 0.25 0.5 0
v -137.112549 121.020164 443.51001 0.25 0.5 0
v -88.9562988 120.099327 400.51001 0.25 0.5 0
v -149.237549 119.585289 461.01001 0.25 0.5 0
v -98.5500488 119.393883 416.01001 0.25 0.5 0
v -103.815674 119.418419 421.51001 0.25 0.5 0
v -107.190674 119.325371 425.51001 0.25 0.5 0
v -114.362549 119.369347 433.01001 0.25 0.5 0
v -121.018799 119.410301 439.51001 0.25 0.5 0
v -123.747963 120.018051 444.843353 0.25 0.5 0
v -57.3469238 122.121727 507.51001 0.25 0.5 0
v -63.7062988 121.605492 505.01001 0.25 0.5 0
v -72.2219238 121.036858 501.26001 0.25 0.5 0
v -75.4875488 120.894859 499.01001 0.25 0.5 0
v -93.7219238 120.289787 484.26001 0.25 0.5 0
v -94.9250488 120.119469 479.51001 0.25 0.5 0
v -142.893799 120.770775 450.51001 0.25 0.5 0
v -120.956299 120.869957 456.51001 0.25 0.5 0
v -102.018799 120.260826 487.51001 0.25 0.5 0
v -112.581299 120.601952 464.01001 0.25 0.5 0
v 562.231201 143.606598 -999.48999 0.25 0.5 0
v 846.824951 135.007538 -321.48999 0.25 0.5 0
v 852.293701 135.177521 -324.98999 0.25 0.5 0
v 858.981201 135.747833 -329.48999 0.25 0.5 0
v 830.981201 136.93222 -513.98999 0.25 0.5 0
v 824.637451 136.937286 -504.98999 0.25 0.5 0
v 833.699951 136.697784 -490.98999 0.25 0.5 0
v 817.012451 135.193756 -362.48999 0.25 0.5 0
v 774.606201 132.17334 -218.48999 0.25 0.5 0
v 769.715576 133.64978 -227.23999 0.25 0.5 0
v 767.918701 133.618073 -232.48999 0.25 0.5 0
v 744.856201 135.91925 -389.23999 0.25 0.5 0
v 743.543701 135.870941 -386.48999 0.25 0.5 0
v 717.606201 134.604645 -354.98999 0.25 0.5 0
v 673.449951 132.401398 -224.98999 0.25 0.5 0
v 690.168701 132.981171 -247.48999 0.25 0.5 0
v 674.762451 132.658112 -239.98999 0.25 0.5 0
v 668.012451 132.542023 -252.48999 0.25 0.5 0
v 658.824951 132.756195 -266.98999 0.25 0.5 0
v 648.418701 132.87326 -279.98999 0.25 0.5 0
v 671.668701 133.321075 -295.48999 0.25 0.5 0
v 681.543701 133.250824 -279.98999 0.25 0.5 0
v 687.887451 133.182953 -267.48999 0.25 0.5 0
v 696.981201 133.167999 -252.98999 0.25 0.5 0
v 709.012451 132.911346 -227.98999 0.25 0.5 0
v 713.887451 133.236359 -230.98999 0.25 0.5 0
v 714.387451 133.203461 -250.98999 0.25 0.5 0
v 718.512451 133.336517 -255.48999 0.25 0.5 0
v 723.949951 133.40799 -257.98999 0.25 0.5 0
v 728.012451 133.463776 -259.98999 0.25 0.5 0
v 750.762451 133.841904 -244.656662 0.25 0.5 0
v 749.262451 133.452576 -240.48999 0.25 0.5 0
v 754.449951 132.086273 -218.48999 0.25 0.5 0
v 757.731201 130.904449 -210.48999 0.25 0.5 0
v 791.356201 132.046783 -124.48999 0.25 0.5 0
v -20.2479649 131.824753 -463.48999 0.25 0.5 0
v 12.9187012 131.94754 -490.48999 0.25 0.5 0
v 66.6374512 132.465851 -492.98999 0.25 0.5 0
v 71.6687012 132.326691 -489.98999 0.25 0.5 0
v 64.4499512 132.218597 -485.48999 0.25 0.5 0
v 58.7624512 132.125641 -482.98999 0.25 0.5 0
v 72.5437012 132.148529 -483.98999 0.25 0.5 0
v 78.3874512 132.218658 -483.48999 0.25 0.5 0
v 81.5749512 132.249664 -480.98999 0.25 0.5 0
v 83.3249512 132.196198 -472.73999 0.25 0.5 0
v 88.3562012 132.365723 -473.48999 0.25 0.5 0
v 89.4812012 132.343597 -468.98999 0.25 0.5 0
v 93.8874512 132.384247 -463.98999 0.25 0.5 0
v 79.8874512 132.062103 -462.48999 0.25 0.5 0
v -33.9562988 131.96347 -495.48999 0.25 0.5 0
v -15.8625488 131.885712 -481.48999 0.25 0.5 0
v -16.9562988 131.977875 -497.98999 0.25 0.5 0
v -11.3312988 132.144073 -510.98999 0.25 0.5 0
v 21.4812012 132.047638 -502.98999 0.25 0.5 0
v 35.2937012 132.264374 -510.98999 0.25 0.5 0
v 65.2937012 132.559113 -499.98999 0.25 0.5 0
v 82.1062012 132.421173 -486.48999 0.25 0.5 0
v 131.481201 132.541412 -462.48999 0.25 0.5 0
v 54.5124512 132.087982 -479.48999 0.25 0.5 0
v 96.0437012 132.507843 -491.98999 0.25 0.5 0
v -1.42504883 132.118439 -512.48999 0.25 0.5 0
v -10.3000488 132.094757 -503.48999 0.25 0.5 0
v 953.449951 134.895477 -312.98999 0.25 0.5 0
v -317.425049 125.020409 -9.48999023 0.25 0.5 0
v -542.956299 117.934959 975.51001 0.25 0.5 0
v -272.612549 118.776756 801.51001 0.25 0.5 0
v 530.293701 142.474518 -950.98999 0.25 0.5 0
v 561.887451 128.412933 30.0100098 0.25 0.5 0
v 875.293701 141.83548 -890.48999 0.25 0.5 0
v 848.043701 143.417328 -893.98999 0.25 0.5 0
v 770.074951 143.006378 -898.48999 0.25 0.5 0
v 752.231201 132.868011 -231.98999 0.25 0.5 0
v 95.6062012 132.497894 -469.98999 0.25 0.5 0
v 289.074951 127.151451 174.01001 0.25 0.5 0
v 159.418701 120.229698 191.01001 0.25 0.5 0
v 95.6062012 121.598778 290.01001 0.25 0.5 0
v 402.043701 129.703705 186.51001 0.25 0.5 0
v 72.3249512 119.822411 270.01001 0.25 0.5 0
v -219.112549 126.160851 -128.98999 0.25 0.5 0
v -370.987549 117.626854 851.01001 0.25 0.5 0
v -383.331299 116.965294 949.01001 0.25 0.5 0
v -325.862549 117.693748 898.01001 0.25 0.5 0
v -296.331299 118.342003 861.01001 0.25 0.5 0
v 53.5437012 122.081871 371.01001 0.25 0.5 0
v 777.543701 145.089447 -996.48999 0.25 0.5 0
v 84.0478897 120.262665 278.25119 0.81130898 0.857632697 0.94219166
v 747.999695 137.901581 -720.862061 1.00000012 0.85050261 0.618629098
v -65.5969315 119.779121 379.832092 0.941198468 0.917035878 0.883519948
v -825.255859 122.053825 5.71027899 0.999999881 0.999999881 0.999999881
v 323.078705 128.019958 145.033539 1.00000012 1.00000012 1.00000012
v -518.865051 128.011627 -464.815094 1 1 1
v 435.669922 128.880859 -383.616333 1.00000012 1.00000012 1.00000012
v -533.545715 129.543701 -587.348206 1 1 1
v -855.111755 127.322334 -572.996216 0.99999994 0.99999994 0.99999994
v -427.15329 117.364113 844.512573 0.999999881 0.999999881 0.999999881
v -236.349228 124.2752 4.15649366 1.00000012 1.00000012 1.00000012
v -433.061615 127.216019 -280.740784 0.999999881 0.999999881 0.999999881
v -971.108948 123.39238 -188.987045 1 1 1
v -618.630127 124.520027 -142.82457 1 1 1
v -673.083618 128.482513 -588.506897 1 1 1
v 302.452545 125.182106 544.155457 1 1 1
v 912.243713 127.609795 892.200439 1.00000012 1.00000012 1.00000012
v 788.7724 126.631752 492.269836 1 1 1
v -672.687317 126.857994 -458.795227 1 0.845943332 0.606998265
v 763.041138 135.786377 -482.257507 0.999999881 0.999999881 0.999999881
v -129.278336 125.1772 25.9976578 1 1 1
v 583.158081 127.937592 75.2475281 1 0.882227659 0.699560404
v -265.804199 127.169731 -199.079559 0.99999994 0.99999994 0.99999994
v -525.554138 123.238113 99.4661179 1.00000012 1.00000012 1.00000012
v -970.292969 132.928894 -943.796997 1 1 1
v 639.110474 123.336861 955.257446 1 0.971592128 0.927530885
v -266.537231 124.807831 -30.5848122 1 1 1
v -77.9894638 124.813187 41.5131111 0.99999994 0.99999994 0.99999994
v 761.759949 128.07019 447.688232 1 1 1
v -505.691467 124.601051 -72.1221161 1 1 1
v -608.478821 121.470261 183.395157 1.00000012 1.00000012 1.00000012
v -532.094727 132.738617 -679.321289 1 1 1
v 696.141418 129.198257 45.6099968 1 1 1
v -547.285889 128.546158 -528.457031 1 1 1
v -305.520813 126.774368 -158.797745 1.00000012 1.00000012 1.00000012
v -200.792618 124.937424 -9.21027756 1 1 1
v -462.587891 136.332733 -995.158813 1 1 1
v -455.09787 125.134369 -91.4514236 1 1 1
v -647.139526 123.898811 -78.8962708 1 1 1
v -586.710144 121.761787 152.190277 1 1 1
v 627.955627 127.363403 208.574478 1 1 1
v -543.17804 118.773781 510.17804 1 0.871882975 0.673171043
v -815.700012 125.977707 -435.911499 1 1 1
v -486.699158 117.014748 902.487183 1 1 1
v 874.394287 126.795029 571.634766 1 1 1
v -361.108002 117.310707 911.337585 0.99999994 0.99999994 0.99999994
v -116.161194 125.615494 -9.08214092 1 1 1
v -671.317627 128.131271 -562.923279 1 1 1
v -576.572754 129.186554 -595.211792 1.00000012 1.00000012 1.00000012
v -343.299988 127.026886 -179.632919 0.99999994 0.99999994 0.99999994
v -840.394836 132.671875 -830.36438 0.999999881 0.999999881 0.999999881
v 806.538696 137.071213 -539.519531 0.99999994 0.99999994 0.99999994
v -686.192261 127.415817 -509.46814 0.99999994 0.99999994 0.99999994
v -630.003113 127.98661 -531.48114 0.999999881 0.999999881 0.999999881
v -688.507202 129.869415 -685.136841 0.999999881 0.999999881 0.999999881
v 723.064941 123.12429 853.780212 1.00000012 1.00000012 1.00000012
v -506.409637 120.432388 299.501465 1 1 1
v -376.100494 130.710968 -503.091217 1 1 1
v -827.624329 125.907593 -429.048401 1.00000012 1.00000012 1.00000012
v 116.028999 121.522827 307.548431 1 1 1
v -768.206665 124.58152 -195.446686 1 1 1
v -90.999054 125.579475 -3.66369987 1 1 1
v -886.864258 130.72084 -841.156189 0.99999994 0.99999994 0.99999994
v 507.633881 132.882812 -517.836182 0.99999994 0.99999994 0.99999994
v 180.665512 126.051292 126.013107 1 1 1
v -791.554932 124.635483 -267.487671 1 0.897662163 0.73893404
v -857.870667 124.374161 -330.714233 1 1 1
v 64.0877609 118.354073 971.486572 1 1 1
v -664.659546 126.306068 -405.164551 1 1 1
v -135.873428 121.009636 442.87796 1.00000012 1.00000012 1.00000012
v -852.358643 132.19165 -823.813599 1 1 1
v -927.126465 122.778534 -60.1158867 1 1 1
v -907.714111 124.734039 -291.740387 1 1 1
v -684.223267 131.367249 -815.342102 1 1 1
v 516.057617 140.41156 -834.841125 1 0.872316957 0.67427808
v -835.576904 115.927826 815.338013 1 1 1
v 944.963928 124.60833 661.651733 0.999999881 0.999999881 0.999999881
v 648.470764 131.622726 -508.27887 1 0.967952251 0.918245733
v 531.728516 126.675682 129.751022 1 1 1
v -319.964539 127.616982 -196.334778 1 1 1
v 760.0495 127.920731 431.282379 1 1 1
v -661.803894 132.904419 -888.615723 0.99999994 0.99999994 0.99999994
v -772.773376 110.933578 971.52887 0.725871444 0.756370068 0.822139263
v 471.762634 132.780441 -453.774872 1.00000012 1.00000012 1.00000012
v -495.806244 124.436218 -45.2798157 1 1 1
v -683.324036 131.700073 -831.391296 1 1 1
v -515.878601 121.390144 209.049698 0.999999881 0.999999881 0.999999881
v -509.326904 123.113113 108.645111 1 1 1
v 790.843079 123.218147 924.214905 1 1 1
v -736.486084 124.583771 -253.489334 1 0.997033536 0.992432714
v 746.36438 127.843918 439.842682 0.999999881 0.999999881 0.999999881
v -193.600723 129.764099 -382.800598 1 1 1
v 259.581207 124.800446 141.485764 1 1 1
v -575.425232 125.891937 -297.914124 1 1 1
v 427.817139 128.128662 126.210663 0.99999994 0.99999994 0.99999994
v -359.630676 127.765518 -225.755615 1.00000012 0.933722019 0.830923319
v -806.052551 124.319405 -160.201508 1 1 1
v 890.484314 125.882172 970.073181 1 1 1
v -409.262024 128.080765 -299.210419 1 1 1
v -676.020752 129.770859 -673.752686 1 1 1
v 775.202332 135.916306 -666.247986 1 1 1
v 761.647827 136.193817 -582.088318 0.999999821 0.958574474 0.894322932
v 734.788147 137.579453 -537.635193 0.999999881 0.999999881 0.999999881
v 834.446289 137.856735 -570.300476 0.99999994 0.99999994 0.99999994
v -864.885132 132.238419 -950.317261 1 1 1
v 910.52655 124.354492 687.656433 1 1 1
v -788.788574 113.907051 913.337463 0.999999881 0.999999881 0.999999881
v -518.743408 135.802719 -965.666199 1 1 1
v 598.56543 125.510849 687.247742 1 1 1
v -605.832214 120.843147 263.216492 1 1 1
v 678.962524 122.926102 865.694763 0.99999994 0.99999994 0.99999994
v -291.418304 124.921524 -42.8690109 1 1 1
v -632.408569 123.871071 -30.7638664 0.999999881 0.999999881 0.999999881
v -360.729156 127.972374 -238.777695 1 0.813708663 0.524767041
v -494.342712 123.743568 66.3862228 1 1 1
v 897.617065 124.764633 661.985352 1 1 1
v -714.143005 132.167221 -716.530151 1 1 1
v -713.780396 124.46994 -238.909225 0.99999994 0.99999994 0.99999994
v 615.556702 129.34523 660.286621 1 1 1
v 916.783691 140.420837 -736.80835 0.999999881 0.885520101 0.707959592
v 149.150726 124.358711 224.072296 1 0.937241375 0.839901268
v -563.657776 126.796967 -388.273499 1 1 1
v -752.736816 124.377968 -227.66568 0.99999994 0.99999994 0.99999994
v -915.146057 114.544945 911.899658 1 1 1
v -415.433441 117.024551 907.669922 0.999999881 0.999999881 0.999999881
v -298.924774 127.951447 -241.593658 1 1 1
v -258.124115 128.753159 -315.34024 1 1 1
v -510.518982 122.167641 168.059692 0.99999994 0.99999994 0.99999994
v -922.806458 128.146622 -656.546936 1 1 1
v 63.4641151 118.577637 954.932739 0.999999881 0.999999881 0.999999881
v -810.081055 133.081177 -971.115723 1 1 1
v -447.702515 123.825989 36.325222 1 1 1
v -273.89505 124.552895 -14.9459972 1 1 1
v -953.261353 127.559334 -594.773682 0.999999881 0.999999881 0.999999881
v 593.045044 133.901031 -459.745453 1 1 1
v -225.557861 129.372253 -411.923187 1 1 1
v 829.575195 125.818893 792.679932 1 0.812850595 0.522578061
v -661.516907 124.001488 -144.445633 1 1 1
v 821.385193 124.676384 939.722046 1 1 1
v -815.672791 133.394073 -849.531189 0.99999994 0.99999994 0.99999994
v -891.164795 124.159706 -243.963684 1.00000012 0.936017394 0.836778998
v 928.660645 126.749527 833.93866 1 1 1
v -926.759399 124.963188 -361.639709 1 1 1
v -415.699463 124.211823 -31.2096558 1 1 1
v 665.087646 128.43576 93.267189 0.999999881 0.999999881 0.999999881
v -806.538208 111.919952 958.623413 1 1 1
v -664.484192 125.332962 -314.053711 1 1 1
v -460.909302 130.641617 -617.263062 1 1 1
v 578.912964 126.942528 643.310547 1 1 1
v -448.81134 116.555923 927.879944 1 1 1
v 876.524292 142.289566 -901.026794 1 0.91463834 0.782240629
v -860.085999 127.674446 -613.137695 1 1 1
v 668.038391 128.697418 -595.966614 0.999999881 0.856551647 0.634060383
v -713.794434 123.727615 -101.247383 1 1 1
v -586.033447 134.758026 -941.003967 0.99999994 0.99999994 0.99999994
v 628.581787 127.325272 186.81015 0.99999994 0.852918565 0.624792218
v 548.383606 121.63456 918.050049 1.00000012 1.00000012 1.00000012
v -916.039062 122.299316 -26.8884258 1 0.988391519 0.970386565
v 148.904694 118.83033 982.14502 1 1 1
v -196.471039 129.697418 -370.051483 1 1 1
v 601.255798 130.946182 -537.76532 0.99999994 0.99999994 0.99999994
v 696.868591 135.266006 -458.05426 1 1 1
v -538.360107 119.35833 426.48941 1.00000012 1.00000012 1.00000012
v -490.808838 135.968063 -959.796509 1.00000012 1.00000012 1.00000012
v -895.618286 116.276115 763.868286 1 1 1
v -502.777924 126.393852 -283.783783 1 1 1
v 1009.56287 126.337265 870.635132 1 1 1
v -533.605957 129.248215 -574.280029 1 0.985430539 0.962833047
v -586.798218 126.209526 -355.720825 1 1 1
v 154.003723 125.026733 159.846222 1 1 1
v -969.999023 126.58976 -487.949768 1 1 1
v -846.946655 125.697174 -406.834564 1 1 1
v -409.589844 128.328735 -312.274658 0.999999881 0.954459667 0.883825779
v 828.993713 125.230553 637.497681 0.99999994 0.99999994 0.99999994
v 502.015289 121.132034 984.505127 1 1 1
v -774.356323 124.150902 -150.590988 0.99999994 0.99999994 0.99999994
v -614.538086 135.57872 -953.599976 1.00000012 1.00000012 1.00000012
v 964.035522 144.802368 -974.149902 1 1 1
v 156.838867 136.153442 -709.603516 0.99999994 0.99999994 0.99999994
v -645.365112 124.001045 -140.817688 0.999999821 0.871509433 0.672218025
v 810.404968 131.656265 -199.269028 1 0.830345094 0.56720686
v -762.50592 129.85141 -735.856262 1 1 1
v -444.435547 123.845894 18.164259 0.999999881 0.999999881 0.999999881
v 611.727234 122.053474 893.115234 1 1 1
v -442.906189 116.616608 916.22168 1 1 1
v 62.0991058 120.829086 546.256653 0.99999994 0.99999994 0.99999994
v -752.141052 127.789558 -574.795715 1 1 1
v -866.624329 124.068474 -175.280289 0.99999994 0.99999994 0.99999994
v -717.899475 123.639854 -88.8405228 1 1 1
v -527.184448 125.547569 -205.479355 1 1 1
v -523.53363 124.073349 6.41834211 1 1 1
v 911.385559 125.03241 650.622314 0.999999881 0.999999881 0.999999881
v -447.982147 126.462646 -232.707352 1 1 1
v 597.054932 127.024925 191.381256 0.99999994 0.99999994 0.99999994
v -822.612793 124.853737 -310.212585 1 0.870855808 0.670550585
v -734.870789 125.633408 -348.868744 0.999999881 0.999999881 0.999999881
v -337.215607 117.539032 899.783081 1 1 1
v -492.480835 120.216385 428.964783 1 1 1
v -313.930115 118.665459 866.307617 1 1 1
v 826.356384 124.614182 873.036316 1 1 1
v -665.171875 126.473099 -422.881317 0.999999881 0.999999881 0.999999881
v -781.078003 121.943649 -44.8118744 1 1 1
v -941.857605 128.595795 -679.208374 1 1 1
v -739.224487 130.801224 -803.595947 0.99999994 0.99999994 0.99999994
v 38.7932434 122.295364 489.715912 1 1 1
v -958.856567 114.118309 896.766357 0.99999994 0.99999994 0.99999994
v -577.260071 120.632874 289.977264 0.999999881 0.999999881 0.999999881
v 471.482971 128.287262 90.7806244 0.999999881 0.999999881 0.999999881
v -951.203735 123.011894 -88.8541718 1 1 1
v -586.953735 125.769035 -290.854858 0.99999994 0.988969445 0.971860945
v 113.973091 121.673454 286.075439 1 1 1
v -605.323242 124.575378 -158.861649 1 1 1
v -825.270508 121.703796 39.8813896 0.999999881 0.999999881 0.999999881
v 625.219543 130.951233 631.606079 1 1 1
v 463.249786 131.076752 150.80835 1 1 1
v 665.051086 128.388351 -583.244263 0.99999994 0.990678787 0.976221561
v -930.623352 128.493896 -669.314087 1 1 1
v 860.406372 125.18235 640.222778 1 0.811822712 0.519955814
v -791.220093 126.191971 -439.081268 1 1 1
v 481.57251 135.027283 -558.413086 1 1 1
v -463.516541 122.728409 153.871429 0.99999994 0.99999994 0.99999994
v -104.660713 119.069771 851.978394 1 1 1
v 889.876587 127.498871 553.122253 0.99999994 0.99999994 0.99999994
v 520.610168 133.858932 -519.383911 0.999999881 0.999999881 0.999999881
v -607.488281 125.699677 -323.2341 1 1 1
v -174.168762 129.617889 -357.369202 1 1 1
v -774.901001 127.050156 -526.852112 1 1 1
v -707.154297 125.946175 -365.077942 1 1 1
v -487.213562 124.687157 -72.285408 1 1 1
v 752.23645 129.374649 -634.853394 0.991740048 0.993767738 0.997469485
v -908.161194 123.483383 -128.37352 1 0.863238633 0.651118875
v -772.395996 124.452637 -232.621552 1 1 1
v -601.060913 124.183289 -50.5514603 0.99999994 0.99999994 0.99999994
v -861.918091 125.796982 -430.235535 0.99999994 0.99999994 0.99999994
v -556.844177 119.149719 448.877472 1 1 1
v -473.038422 136.11528 -980.256836 1 1 1
v 687.935242 128.33783 -585.916809 0.99999994 0.99999994 0.99999994
v -481.619202 123.496826 63.404335 1 1 1
v -688.363525 134.161942 -961.548706 0.99999994 0.99999994 0.99999994
v -556.387268 128.59726 -538.640137 1 0.990581155 0.975972235
v -960.900879 125.157112 -403.786621 0.99999994 0.99999994 0.99999994
v -920.657898 130.563843 -805.507263 0.99999994 0.99999994 0.99999994
v -361.724823 118.035118 799.364014 1 1 1
v -594.785645 123.204781 58.1354561 1 1 1
v -265.568115 129.469345 -391.373322 1.00000012 1.00000012 1.00000012
v -435.412903 122.439056 185.996002 1 1 1
v -531.55188 129.1035 -556.638428 1 0.875146747 0.681496859
v 850.905029 125.263176 864.708679 0.999999881 0.999999881 0.999999881
v -795.370789 124.528191 -241.183762 0.999999881 0.999999881 0.999999881
v -30.3847847 119.630203 829.082031 1 0.870394409 0.669373393
v 588.48291 122.847282 970.757202 0.999999881 0.985717595 0.96356529
v -735.984497 124.793152 -274.729095 0.99999994 0.99999994 0.99999994
v -440.320343 117.466217 839.164246 0.999999881 0.999999881 0.999999881
v -630.87384 113.69944 805.936401 1 1 1
v 241.970551 120.599846 172.911758 0.50168395 0.624020636 0.84733355
v -627.036743 127.619499 -501.411316 1 1 1
v -300.782227 118.924126 832.66687 0.99999994 0.99999994 0.99999994
v -592.737305 123.424492 42.6920547 1 1 1
v -912.349304 128.630615 -676.865234 0.99999994 0.99999994 0.99999994
v -805.524841 122.539917 -67.1688843 1 0.911269963 0.773647547
v 572.881714 127.463737 656.756104 1 1 1
v 427.266235 120.659737 959.676514 1 1 1
v 477.717926 131.387268 -234.422073 0.999999881 0.999999881 0.999999881
v -208.331757 124.421547 24.999609 0.99999994 0.99999994 0.99999994
v -835.636169 119.030556 853.626831 1 1 1
v -676.645203 124.117622 -158.798431 1 1 1
v 877.106995 125.268158 636.9151 1 0.848899364 0.614539027
v 825.113037 137.251785 -706.630249 1 1 1
v 25.5888939 122.116455 536.079956 1 1 1
v 303.792297 127.993927 137.777756 0.935586452 0.825890779 0.660089374
v -718.607361 125.521103 -330.380188 0.99999994 0.99999994 0.99999994
v -834.064209 126.018623 -454.686005 1 1 1
v -535.521301 124.866837 -116.950211 1 1 1
v -793.797424 133.361954 -782.56543 0.99999994 0.99999994 0.99999994
v -409.347626 126.9067 -188.969696 0.99999994 0.970028043 0.923541129
v 531.564331 134.035126 -543.828003 1 1 1
v -319.380707 127.78492 -258.811005 1 1 1
v -969.481506 124.805161 -301.867767 1 1 1
v -843.483643 124.723625 -239.830902 1 0.803797662 0.499483883
v 866.838196 124.351234 953.242493 0.999999881 0.954853117 0.884829521
v 666.518127 126.016678 457.981995 0.99999994 0.99999994 0.99999994
v -502.442291 123.67691 76.6417389 1 1 1
v -194.527664 119.191422 819.099548 1 1 1
v -802.84491 127.656502 -585.340454 0.999999881 0.999999881 0.999999881
v -955.481995 124.677841 -297.138 1 1 1
v -350.608398 118.175285 806.893738 1 1 1
v -785.997864 126.238358 -451.062256 1.00000012 1.00000012 1.00000012
v -206.942856 119.066124 813.792664 1 1 1
v -604.46759 133.409607 -835.58783 1 1 1
v -824.467773 125.957527 -445.815277 1 1 1
v -460.88623 126.056854 -197.014069 0.999999881 0.999999881 0.999999881
v -942.9646 128.556137 -665.016113 0.99999994 0.99999994 0.99999994
v 949.300171 125.923698 910.496521 1 1 1
v -522.848389 116.809914 967.846313 1 1 1
v -132.062912 125.342232 4.88470507 0.99999994 0.929235399 0.819477975
v -834.885193 125.271255 -348.220764 0.99999994 0.99999994 0.99999994
v -333.953888 126.502464 -131.330429 1 1 1
v 812.891418 136.953796 -628.184692 1 1 1
v -473.969574 126.229599 -229.008026 1 1 1
v -502.326477 116.54039 944.631104 1 1 1
v -926.339417 123.580345 -192.007172 0.99999994 0.932877541 0.828769326
v 634.023987 128.301041 -554.569458 1.00000012 0.943964958 0.857053578
v -623.481628 124.809631 -226.875885 1 1 1
v -269.412964 126.488052 -162.247604 1.00000012 1.00000012 1.00000012
v 506.65625 121.139633 953.319458 1 1 1
v 671.652283 128.88858 72.0421448 1 1 1
v -686.560303 126.280403 -400.152283 1 1 1
v -798.017883 131.998734 -892.401855 1 1 1
v -919.962769 127.971985 -628.753235 1 1 1
v -566.259949 123.296631 76.6133881 1 1 1
v -511.735901 124.449692 -55.374733 0.999999881 0.999999881 0.999999881
v 502.440979 126.548508 167.936417 1.00000012 0.82869482 0.562996864
v 906.080872 126.307793 953.318237 1 1 1
v 536.78302 126.36348 201.627808 1.00000024 0.843413115 0.600543439
v -611.538086 127.076752 -449.139038 1 1 1
v -327.15802 125.037621 -74.8003845 1 1 1
v -829.003296 111.861488 966.610596 1 1 1
v 88.9571533 118.720718 981.750061 1 1 1
v -905.661926 123.19342 -80.7083664 1.00000012 1.00000012 1.00000012
v -660.368408 125.825363 -357.468353 1.00000012 0.921994507 0.801006198
v 407.990356 127.767059 -354.376282 0.999999881 0.815117419 0.528360546
v -213.703201 129.685257 -437.561554 1 1 1
v -381.702301 117.110809 921.754883 1 1 1
v -655.085815 124.784744 -225.043015 1 1 1
v 745.835327 135.068573 -611.980469 1 1 1
v 239.631882 123.204254 160.054474 1 1 1
v 471.280334 120.814392 949.493164 0.99999994 0.99999994 0.99999994
v -801.071106 125.703789 -391.233765 1 1 1
v -564.813843 137.38707 -994.989563 1 1 1
v -215.999481 119.034012 823.213013 1 1 1
v -832.777893 133.202301 -856.869385 1 1 1
v -599.643799 124.502617 -100.443344 1.00000012 1.00000012 1.00000012
v -605.456238 133.243057 -848.618774 1 1 1
v -966.77655 126.903549 -531.5448 1 1 1
v 721.726929 129.344254 138.216339 1 1 1
v -458.819153 124.775269 -73.0267105 1 1 1
v -206.196762 129.404724 -348.924622 1.00000012 1.00000012 1.00000012
v 885.287659 139.646881 -797.016846 1 1 1
v 710.288269 129.063065 106.220322 1 1 1
v -791.702576 115.372963 789.048767 1 1 1
v 869.694214 141.804031 -883.389587 0.99999994 0.80584681 0.504711211
v -920.912292 113.905174 977.229736 1 1 1
v -809.64325 114.074883 788.812988 1 1 1
v -898.30481 132.812561 -988.960449 1 1 1
v 609.777222 127.458298 135.816284 0.999999881 0.999999881 0.999999881
v -851.60376 123.020737 -72.5136337 1 1 1
v -551.445068 124.775223 -93.2548523 1 1 1
v 620.885071 128.440216 109.718056 1 0.900637031 0.746523142
v 874.237427 125.052429 930.614502 1 1 1
v -705.782532 125.612587 -336.484589 0.99999994 0.99999994 0.99999994
v 808.501709 123.484344 941.993958 1 0.833137095 0.574329495
v 551.607056 137.447571 -656.673279 1.00000012 1.00000012 1.00000012
v -589.7099 129.791336 -629.884216 1 1 1
v -851.386963 124.185791 -170.449875 0.999999881 0.999999881 0.999999881
v -886.449341 126.046165 -478.727448 1 1 1
v -783.776978 127.70607 -600.250244 1 1 1
v -767.386047 127.879967 -596.203186 1 1 1
v 588.973816 125.925873 675.358032 1 1 1
v 664.058899 122.60553 900.438049 1 1 1
v 696.05542 122.963692 846.289551 1 0.931937099 0.82637006
v -695.921631 123.833023 -80.0195007 1 1 1
v 585.934326 129.51004 17.9791183 1 1 1
v -177.536957 125.218719 -12.7197599 0.99999994 0.99999994 0.99999994
v -473.83667 122.539551 124.663933 1 1 1
v -848.691772 115.122681 854.20166 1 1 1
v 969.367737 124.777046 690.257812 0.845231116 0.883226871 0.952584326
v 380.153748 120.397362 951.398254 1.00000012 0.933945417 0.831493497
v 313.893738 119.709846 951.10199 0.99999994 0.99999994 0.99999994
v -734.539062 129.114761 -698.180115 1 1 1
v -278.59668 124.874443 -40.3417244 0.999999881 0.999999881 0.999999881
v -956.630798 128.171066 -632.48645 1 0.80400002 0.5
v 1025.39099 127.865929 716.657532 1 1 1
v -688.84314 124.291161 -203.683075 1 0.824317157 0.551829576
v -737.264648 133.785797 -984.639343 0.99999994 0.99999994 0.99999994
v -758.755249 133.045441 -958.672668 1 1 1
v 802.726074 135.791107 -671.783081 1 1 1
v 576.170715 122.524445 975.137695 0.99999994 0.99999994 0.99999994
v 809.850037 126.208038 509.00351 0.99999994 0.99999994 0.99999994
v -953.805542 124.982674 -358.514374 1 1 1
v -710.59314 122.907913 -38.5296783 1 1 1
v -545.854004 130.25563 -609.22583 1 1 1
v -520.637817 119.440392 443.059998 1 1 1
v -263.650452 128.811569 -328.584625 1 1 1
v -491.777832 125.719658 -197.3685 1 1 1
v -458.833374 124.249519 -17.6716347 0.999999881 0.999999881 0.999999881
v -762.201782 133.467941 -787.124207 1 1 1
v 535.875183 128.008148 97.4288635 0.999999881 0.966607809 0.914816022
v 398.598572 131.517487 -285.54187 1 1 1
v -687.822998 123.979538 -90.2758484 0.99999994 0.99999994 0.99999994
v -696.588928 124.02597 -137.51442 1 1 1
v -175.209305 130.199509 -384.700867 1 1 1
v -241.813263 124.897621 -28.771822 1 1 1
v -892.289612 131.27771 -905.693298 0.99999994 0.99999994 0.99999994
v -938.288452 125.795715 -466.141174 1 0.86922729 0.666396201
v 148.221756 124.392265 237.107544 1 1 1
v -590.557251 121.639 178.983658 1 1 1
v -927.189209 131.971725 -924.292969 1 1 1
v -428.277802 124.367882 -41.0341301 1 1 1
v -806.10022 114.012138 881.848816 1 1 1
v -577.541382 128.445328 -535.12323 0.99999994 0.99999994 0.99999994
v -436.519958 127.821251 -325.826172 1 1 1
v -512.112793 124.046829 0.066688545 1 1 1
v -931.869934 127.505104 -603.674255 0.99999994 0.947982728 0.867302954
v -858.835022 124.37307 -185.773422 1 1 1
v 780.966187 123.658302 966.847839 1 1 1
v -724.959412 126.838921 -470.683899 0.999999821 0.924297094 0.806880653
v -790.319336 124.284401 -146.77037 1.00000012 1.00000012 1.00000012
v 141.456787 124.826904 172.869186 1 1 1
v -536.667664 118.916145 533.684753 1 0.941115081 0.84978348
v -659.247437 129.065842 -626.335876 0.999999881 0.999999881 0.999999881
v -886.797363 124.71772 -294.531311 1 1 1
v -487.254059 122.444008 137.014999 0.99999994 0.99999994 0.99999994
v -620.125 124.764206 -194.711624 1 1 1
v -815.981323 125.105965 -335.120789 1 0.917164922 0.788686156
v -945.086731 130.814346 -799.220154 1 1 1
v -737.399475 128.861496 -666.235962 1 1 1
v -947.314209 114.226707 889.528137 1 1 1
v -853.356445 126.133224 -475.415283 1 0.971629262 0.927625775
v -591.096375 126.430237 -383.167114 1 1 1
v -894.695374 123.780426 -108.209183 1 1 1
v -701.664124 132.816071 -712.649841 1 1 1
v -694.936035 127.049896 -496.222015 0.99999994 0.99999994 0.99999994
v 639.461914 127.510956 178.074646 1 1 1
v 81.9506378 124.160217 328.171906 0.99999994 0.99999994 0.99999994
v -830.758667 128.695633 -688.617126 1 1 1
v -573.24292 135.007645 -944.568176 1 1 1
v -302.560638 125.51873 -102.483589 1 1 1
v 621.986267 129.046936 613.906006 1 1 1
v -587.238831 127.659134 -478.637115 1 0.927901924 0.816076458
v -517.226379 125.326118 -174.778778 1 1 1
v -885.797363 124.200073 -210.473862 1 1 1
v -827.030457 128.347122 -655.224854 1 1 1
v -445.155365 126.791122 -268.979034 1 1 1
v -28.7057037 118.823174 869.279114 1 1 1
v -852.614563 132.516281 -841.512329 1 1 1
v 793.564514 123.329674 962.38385 1 1 1
v 494.177216 132.086884 -492.155884 0.999999881 0.960569859 0.899413109
v -686.566101 111.286644 893.251404 1 1 1
v -880.122559 126.301659 -490.162109 0.999999881 0.999999881 0.999999881
v 789.233093 130.945068 -203.945084 1.00000012 0.755212665 0.375542283
v -604.389648 124.709961 -197.582016 1.00000012 0.834667981 0.578234613
v 901.920166 144.348129 -929.483398 1 0.859724283 0.64215374
v -862.378296 122.430214 -17.1541443 0.999999821 0.994167686 0.985121965
v -666.959045 113.933151 981.877625 0.999999881 0.999999881 0.999999881
v -691.837219 126.085419 -369.917969 1 0.955125272 0.885523677
v 542.902649 126.589279 -460.295502 0.762342393 0.820687473 0.927190125
v -324.139526 118.086357 848.632263 1 1 1
v -203.641968 129.606628 -391.409088 1 1 1
v -802.939087 126.089104 -444.864319 1 1 1
v -788.637512 121.8302 1.02710795 0.999999881 0.999999881 0.999999881
v 620.755005 127.280434 672.377441 1 1 1
v 739.582825 135.973801 -581.966553 1 1 1
v -188.479919 125.016449 -4.83125114 1 1 1
v -892.57251 126.834892 -543.412964 0.999999762 0.843201041 0.600003064
v -494.846954 119.644325 465.58371 1 1 1
v -850.866882 124.548706 -256.588043 1 1 1
v -473.681885 124.628693 -62.7379036 0.99999994 0.99999994 0.99999994
v 959.722534 126.980682 780.057861 1 1 1
v 1011.39819 127.132179 826.80426 1 0.934081793 0.831841469
v 344.878632 129.852676 539.321838 0.99999994 0.99999994 0.99999994
v -222.515259 129.270828 -380.200012 0.99999994 0.99999994 0.99999994
v 823.708984 125.158653 847.203735 1 1 1
v -716.270752 128.632965 -617.804199 0.999999881 0.925926328 0.811036527
v -960.613464 133.450729 -977.249146 1 1 1
v -730.028931 125.527664 -336.730499 0.999999881 0.999999881 0.999999881
v -449.227417 127.496613 -317.617798 1 1 1
v -562.813232 119.415764 396.927032 0.99999994 0.99999994 0.99999994
v -797.299255 121.443329 18.7101479 0.999999881 0.999999881 0.999999881
v 517.059021 135.231598 -590.274963 0.999999881 0.999999881 0.999999881
v -925.471252 130.856171 -833.558105 0.999999881 0.999999881 0.999999881
v 558.073914 126.360138 220.064941 1 0.916740656 0.787603855
v 585.741028 126.40815 242.606079 0.99999994 0.99999994 0.99999994
v -802.844177 114.443733 867.874512 1 1 1
v -949.0755 114.203461 876.579102 1 1 1
v -716.196838 130.542526 -779.426086 0.999999881 0.999999881 0.999999881
v -787.126892 132.530197 -935.013306 0.999999881 0.999999881 0.999999881
v -516.238831 136.236404 -1007.54321 1 1 1
v -386.884949 116.956482 944.551086 0.99999994 0.99999994 0.99999994
v 582.225403 124.621635 689.000244 1 1 1
v -442.222168 125.8321 -103.831123 0.999999881 0.999999881 0.999999881
v 881.043091 125.54673 732.035889 1 0.957241833 0.890923023
v -615.346802 127.46064 -482.684753 1 1 1
v 855.051331 138.597214 -651.171631 1.00000012 0.950784922 0.87445128
v -619.434753 124.033295 -48.8227882 1 1 1
v -477.506836 123.706726 45.5176735 1.00000012 1.00000012 1.00000012
v -566.364258 124.914513 -152.939331 0.99999994 0.99999994 0.99999994
v 887.564209 142.697159 -910.937012 0.999999881 0.999999881 0.999999881
v -361.786163 132.935898 -742.344543 1 1 1
v 787.26593 136.530029 -517.602539 0.99999994 0.99999994 0.99999994
v -964.74939 114.262032 871.148132 1 1 1
v 795.77063 127.940147 456.550171 1 1 1
v -684.295105 126.828583 -464.818237 1 0.963334501 0.90646553
v 562.308899 126.289696 232.428055 1 1 1
v -829.016235 125.607155 -388.475861 0.999999881 0.999999881 0.999999881
v 871.30835 125.758568 608.318481 0.999999881 0.999999881 0.999999881
v -668.276794 127.207886 -492.553589 0.99999994 0.99999994 0.99999994
v -463.68454 125.879929 -155.581818 1 1 1
v -450.10498 116.531357 963.842834 1 1 1
v -557.981018 119.329956 422.526489 1 1 1
v -465.234283 121.745712 236.570587 0.99999994 0.99999994 0.99999994
v 691.607483 129.020691 73.4463425 0.99999994 0.99999994 0.99999994
v -527.485718 127.785385 -454.99353 0.99999994 0.99999994 0.99999994
v 720.8479 135.273544 -584.686096 1 1 1
v -767.987671 126.120102 -417.441711 1 1 1
v -910.056946 128.268845 -652.033264 1 1 1
v -530.950867 135.481384 -946.091431 0.999999881 0.999999881 0.999999881
v 573.978577 128.571915 32.1611862 1.00000012 0.916121125 0.7860232
v 536.486511 134.244141 -504.894226 0.99999994 0.955640793 0.886838853
v -622.392639 121.725479 130.153046 1 1 1
v -516.574158 120.283234 421.552826 0.99999994 0.99999994 0.99999994
v -690.43811 131.640045 -698.061707 1 1 1
v -717.266968 124.339088 -226.314621 1 1 1
v 823.373413 124.388763 891.982117 0.99999994 0.99999994 0.99999994
v -684.041138 128.047318 -559.941101 1 1 1
v 964.469971 129.605698 332.174988 1 1 1
v -466.255981 126.714081 -268.799591 1 1 1
v 412.189331 120.723083 921.075623 1 1 1
v 524.600281 121.265846 972.985901 1 1 1
v -119.016457 125.298988 37.5178146 1 1 1
v -707.152344 132.075363 -862.307922 1 1 1
v 904.983521 126.47789 811.547791 0.99999994 0.99999994 0.99999994
v 151.153824 124.225967 254.224655 1 1 1
v -930.875061 114.281097 924.3172 1.00000012 1.00000012 1.00000012
v -507.204041 116.283485 964.240967 1 1 1
v -244.559555 129.256775 -356.405914 1.00000012 1.00000012 1.00000012
v 840.489685 125.100403 643.712341 0.99999994 0.99999994 0.99999994
v 917.421692 126.776695 777.631592 0.99999994 0.99999994 0.99999994
v -177.149033 129.827072 -439.577179 0.99999994 0.99999994 0.99999994
v 759.565857 135.966125 -674.014221 0.999999881 0.999999881 0.999999881
v -564.791138 134.279739 -889.081238 0.999999881 0.999999881 0.999999881
v 557.764709 133.397568 -515.102783 1 1 1
v -500.162476 123.355995 95.3057556 0.99999994 0.99999994 0.99999994
v 629.178772 127.207359 682.368408 1 1 1
v -667.035034 124.099045 -116.592392 0.99999994 0.99999994 0.99999994
v -444.243591 124.725983 -66.0929337 1 1 1
v 919.833496 124.502243 669.217773 1 1 1
v 828.653564 124.858543 859.583191 1 1 1
v -439.584686 127.362114 -300.443451 0.99999994 0.99999994 0.99999994
v 815.304749 136.941467 -529.358032 0.99999994 0.99999994 0.99999994
v -679.909485 124.197113 -134.547974 1 1 1
v -394.315887 117.004105 926.435974 1 1 1
v -882.526306 123.534393 -120.753586 1 1 1
v 689.842773 128.494446 118.970261 0.999999881 0.999999881 0.999999881
v -858.012451 125.557594 -395.350342 1 1 1
v -391.862366 117.207832 891.257996 1 1 1
v -807.598999 126.385269 -485.208984 1.00000012 0.966093481 0.913503587
v -503.472595 135.735275 -951.811218 1 1 1
v -311.166992 117.941322 882.13916 1 1 1
v -101.861465 119.332268 839.21344 1 1 1
v 514.128967 132.23909 -319.2146 0.99999994 0.99999994 0.99999994
v -455.449951 116.899796 892.052917 0.99999994 0.99999994 0.99999994
v -636.807922 132.22229 -810.726929 1 1 1
v 530.118469 126.189018 -421.304443 1 1 1
v -273.619751 126.982529 -188.605988 1 1 1
v 961.192688 126.473183 870.404724 0.99999994 0.99999994 0.99999994
v -842.709167 123.27243 -113.851234 1 1 1
v 904.173828 128.157867 872.365967 1 1 1
v -555.916992 125.146698 -181.500992 0.999999881 0.999999881 0.999999881
v -824.15918 127.852303 -614.606384 1 1 1
v 535.200867 137.281387 -655.436035 1.00000012 1.00000012 1.00000012
v -233.064926 124.8144 -19.0638142 1 1 1
v -691.385925 124.427422 -222.012878 1 1 1
v 501.415192 126.164253 198.208145 1 1 1
v 526.747437 127.746307 106.781158 0.999999881 0.990396976 0.975502551
v -803.870361 111.396523 986.784424 1 0.843207121 0.600018144
v 809.065796 137.440018 -600.763977 0.99999994 0.99999994 0.99999994
v 54.4434929 122.306114 492.786316 1 1 1
v -558.062683 119.378731 409.101227 1 1 1
v 271.731018 125.168922 262.24704 0.999999881 0.999999881 0.999999881
v -955.399963 130.251221 -764.490906 1.00000012 1.00000012 1.00000012
v -491.012878 125.037621 -99.9485168 1 1 1
v -788.42865 125.380783 -352.076843 1 1 1
v 609.236389 141.358551 -828.104553 1 0.94445461 0.858302474
v 750.39209 136.842697 -529.833252 0.99999994 0.99999994 0.99999994
v 1004.56616 127.622353 732.05249 1 1 1
v -912.526428 130.630386 -820.509155 1 1 1
v -751.358154 133.855545 -813.374146 1 1 1
v -228.381973 130.602585 -448.320862 1 1 1
v -955.78186 128.638245 -662.467224 1 1 1
v 563.304993 127.113083 105.610016 1 1 1
v -613.121277 124.302452 -98.206459 1 1 1
v -819.299744 127.215576 -567.719666 0.99999994 0.99999994 0.99999994
v -873.843262 130.557068 -840.045715 1 1 1
v -585.559937 123.890205 18.9665642 1 1 1
v -910.867676 124.541275 -329.535675 0.99999994 0.90052557 0.746238708
v -560.274109 129.277313 -600.853271 1 1 1
v -711.687805 126.41217 -408.361206 0.99999994 0.99999994 0.99999994
v -932.276611 127.815842 -624.37738 0.999999881 0.999999881 0.999999881
v -623.796021 113.944138 791.42511 1 1 1
v -643.13623 124.154274 -156.660233 1.00000012 1.00000012 1.00000012
v -296.570496 119.053429 845.037964 0.99999994 0.99999994 0.99999994
v -475.634338 136.309921 -994.404053 1 1 1
v -523.647766 125.693039 -227.565063 0.999999881 0.999999881 0.999999881
v -912.425598 123.5214 -162.698059 0.99999994 0.99999994 0.99999994
v -510.763489 127.213821 -358.345459 1.00000012 1.00000012 1.00000012
v 870.781616 125.054184 648.350525 1 0.87236321 0.674396038
v 125.971428 123.171104 183.589981 1 1 1
v -617.007996 128.129562 -532.862366 1 1 1
v -861.645752 127.006607 -557.52417 0.99999994 0.904314041 0.755903125
v -801.907593 129.232437 -715.576843 1 1 1
v -205.352768 128.794678 -315.888428 1 1 1
v -770.384888 121.681503 -33.8300133 1 1 1
v -788.554443 122.048897 -20.8644047 0.999999881 0.999999881 0.999999881
v 360.145172 120.200111 934.09314 1 1 1
v -920.591492 132.466171 -954.040161 1.00000012 1.00000012 1.00000012
v -892.769409 114.927986 894.472229 1 1 1
v -486.264069 124.384789 -32.954586 1 1 1
v -742.847046 128.003754 -585.40918 1 1 1
v -527.605469 120.010582 408.562561 1 1 1
v -469.036774 123.143196 68.5108948 1 1 1
v -110.462952 125.178474 60.5485229 1 1 1
v 321.009033 127.030067 129.827271 1 1 1
v -479.516418 126.649345 -270.187622 0.99999994 0.99999994 0.99999994
v -703.638916 123.91716 -148.517929 1 1 1
v 789.336426 130.906006 -638.356689 0.99999994 0.99999994 0.99999994
v 1017.84314 126.039536 924.072937 1 1 1
v -675.882507 126.162392 -379.745575 1 1 1
v -274.10376 125.420181 -100.167412 0.999999881 0.999999881 0.999999881
v -928.65387 123.460793 -143.761856 0.99999994 0.979418039 0.947495282
v -474.414398 125.817879 -186.602173 0.999999881 0.999999881 0.999999881
v -598.769104 126.005463 -350.478912 1 1 1
v -461.992218 126.231537 -223.780991 0.999999881 0.999999881 0.999999881
v 189.810455 124.211258 152.360107 1 1 1
v -963.591431 122.890541 -96.6511383 0.999999881 0.999999881 0.999999881
v -537.408264 123.081627 104.966949 1 1 1
v -547.461487 125.289307 -191.465073 1 1 1
v -953.266785 123.576241 -133.17189 1 1 1
v 887.22821 124.598572 669.913208 1 1 1
v -372.01828 124.980812 -75.932663 1 1 1
v -369.914886 129.925232 -537.656311 1 1 1
v -466.079041 122.340828 169.830353 1 1 1
v -509.053711 125.256248 -133.880219 1 1 1
v -849.413025 125.919151 -442.450256 1 1 1
v -521.152283 135.377304 -930.413635 0.999999881 0.999999881 0.999999881
v -162.098312 125.195854 9.76673317 0.99999994 0.99999994 0.99999994
v 634.895203 128.640686 103.810814 0.99999994 0.99999994 0.99999994
v -385.741974 129.858902 -529.273315 1 1 1
v -925.242249 128.790619 -691.6073 1 1 1
v -686.70874 124.071068 -167.556366 1 1 1
v -445.389862 126.30471 -192.639267 1 0.858477712 0.638973773
v -544.96936 124.140266 21.6953373 0.999999881 0.999999881 0.999999881
v -550.070435 135.34639 -948.822144 1 1 1
v -640.292175 125.597961 -310.328064 1 1 1
v 461.529266 132.217728 -461.902588 1 1 1
v -778.936096 124.419655 -169.218491 1 1 1
v -781.659546 132.268906 -910.904053 0.99999994 0.99999994 0.99999994
v -410.181458 126.576164 -160.232391 1 1 1
v -643.201965 128.787476 -597.641113 1 1 1
v 899.689453 127.331894 563.972534 1 1 1
v -460.600525 135.887772 -967.852234 1 1 1
v -472.705444 121.762268 222.751572 1 1 1
v -509.685883 127.693596 -434.510284 0.999999881 0.999999881 0.999999881
v -428.771057 127.512917 -293.105438 1 1 1
v 727.580261 129.430511 81.4404755 1 1 1
v -499.813507 117.368744 905.120789 1 1 1
v -859.031067 127.517746 -594.367737 0.999999881 0.999999881 0.999999881
v 210.989594 124.376465 199.023193 1 1 1
v 1007.19012 126.91684 759.50592 1 1 1
v -694.094727 131.395401 -823.990479 1 1 1
v 871.325195 140.547897 -615.906372 1 0.992985785 0.982106566
v -627.189758 127.280121 -477.15979 1 1 1
v -630.465698 124.852982 -257.749786 1 1 1
v -709.451782 125.335251 -314.811401 0.99999994 0.99999994 0.99999994
v 521.109802 134.093246 -495.408478 1.00000012 0.871329427 0.671758533
v -889.867615 128.956848 -702.32074 1 1 1
v -548.473877 135.732132 -997.486633 1 1 1
v 615.993103 122.133995 907.389771 0.99999994 0.99999994 0.99999994
v -599.777466 121.633919 152.029251 1 1 1
v -645.774048 124.515572 -179.652451 1.00000012 0.989012182 0.971969664
v 1017.83368 126.046288 705.996094 0.698176384 0.772274137 0.907531857
v -692.881897 126.322655 -411.589783 0.999999881 0.999999881 0.999999881
v -783.715088 127.479019 -559.418579 0.99999994 0.99999994 0.99999994
v -510.631622 125.820686 -226.3965 0.99999994 0.862802148 0.650005519
v 844.14386 126.827591 805.868713 1 0.82763207 0.560285926
v 551.180176 127.486359 96.638916 1 1 1
v -763.627136 125.640495 -367.582733 1 1 1
v -340.191406 118.921074 831.687927 0.999999881 0.999999881 0.999999881
v -741.514038 111.910103 921.540894 0.723707438 0.791537285 0.915353656
v -610.091431 127.934822 -512.101624 0.99999994 0.99999994 0.99999994
v -603.370605 125.83445 -336.412903 1.00000012 1.00000012 1.00000012
v -575.488342 125.295364 -251.311295 0.99999994 0.99999994 0.99999994
v -967.084106 124.688484 -285.836212 1 1 1
v -869.243896 128.107376 -672.666504 1 1 1
v 492.841125 125.841721 597.189697 1 0.828858197 0.563413978
v -318.866943 126.755363 -155.96434 1.00000012 1.00000012 1.00000012
v 705.718628 125.988358 516.249023 1.00000012 1.00000012 1.00000012
v 790.976196 138.376938 -557.555298 1 1 1
v -516.703003 123.6548 77.0950928 0.99999994 0.99999994 0.99999994
v -709.279175 126.059555 -388.435303 0.99999994 0.949580133 0.871377945
v 764.282532 136.643738 -604.140259 0.999999881 0.999999881 0.999999881
v -739.235291 122.481216 -52.1294212 1 1 1
v 904.519226 141.636307 -904.116821 1 1 1
v -632.650024 125.692131 -320.928833 1 0.805597782 0.504076004
v -612.942078 129.389694 -627.794861 1 1 1
v 660.493652 129.882431 12.8726807 1 1 1
v -401.233398 117.094193 902.377197 0.99999994 0.99999994 0.99999994
v 802.815735 138.924622 -575.831665 0.999999881 0.999999881 0.999999881
v -745.226379 133.115295 -914.452942 1 1 1
v 556.929565 134.968124 -542.780396 0.99999994 0.99999994 0.99999994
v -680.825562 123.644279 -78.9337997 1.00000012 1.00000012 1.00000012
v -601.707092 125.068016 -252.589478 0.99999994 0.99999994 0.99999994
v -852.542297 122.484642 -2.00393558 1 1 1
v -646.650513 126.72934 -435.604065 1 0.984557629 0.960606277
v -960.348511 123.622864 -218.500092 1 1 1
v -545.854675 124.850395 -126.793884 0.99999994 0.99999994 0.99999994
v 744.668823 131.483078 -686.501038 0.99999994 0.99999994 0.99999994
v -766.574768 124.745232 -272.776337 1 0.866333067 0.659012973
v 543.988953 126.347191 -432.666931 1 1 1
v 517.576843 133.425964 -532.096985 0.999999881 0.999999881 0.999999881
v -904.577271 123.34623 -146.717697 0.999999881 0.999999881 0.999999881
v -827.898376 122.688957 -55.6346893 0.99999994 0.998399198 0.995916426
v -844.743286 121.999603 54.3286781 1 1 1
v -601.985046 113.190865 819.071716 0.99999994 0.99999994 0.99999994
v 946.469238 127.465569 750.546753 1 1 1
v 81.7912445 119.900764 247.120911 0.790298939 0.841780543 0.935755014
v 463.000183 133.424362 -533.359436 1 1 1
v -631.239014 132.83197 -855.140991 0.99999994 0.99999994 0.99999994
v -663.472839 128.64296 -597.361938 0.99999994 0.99999994 0.99999994
v -861.145691 125.286011 -357.597504 0.999999881 0.999999881 0.999999881
v 76.1944809 121.42321 228.011826 0.99999994 0.99999994 0.99999994
v -455.13678 121.757645 244.866379 0.999999821 0.807238042 0.50826031
v -962.2901 129.879501 -738.799927 1 1 1
v -662.32251 124.513977 -188.76387 1 1 1
v -862.850647 124.393456 -250.128662 0.999999881 0.999999881 0.999999881
v -930.134583 130.82222 -821.074341 1 1 1
v -797.594604 122.781616 -97.0788803 0.999999881 0.999999881 0.999999881
v 600.554749 122.086067 851.875366 1 0.879292488 0.692072809
v 134.48793 122.286285 193.50206 1 1 1
v -612.229004 124.838104 -220.230927 1 1 1
v 309.729919 119.733574 986.468384 1 1 1
v 802.307922 123.408669 930.486755 1 0.96145004 0.901658177
v 173.332092 118.850189 974.871338 1 1 1
v -876.605652 125.302155 -389.146362 1 1 1
v 599.005493 129.198746 659.482361 0.99999994 0.99999994 0.99999994
v -801.693542 121.96521 1.50801992 0.99999994 0.99999994 0.99999994
v -869.144653 128.023956 -659.598572 1 0.896952093 0.737122834
v -354.625916 130.968216 -586.035706 1 1 1
v -543.55188 125.148621 -175.331894 0.99999994 0.99999994 0.99999994
v -471.807404 116.748047 901.391846 1 1 1
v -854.633606 128.288986 -665.562317 1 1 1
v -560.92572 134.028244 -876.597717 1 1 1
v -782.527893 132.06929 -897.864624 1 1 1
v 882.216187 126.647034 583.381775 0.999999881 0.999999881 0.999999881
v 890.023804 124.317261 682.768921 1 1 1
v -187.223206 124.804619 31.6726952 1 1 1
v -629.016174 123.624191 -18.1435204 1 1 1
v -280.002686 118.19342 857.408081 0.999999881 0.999999881 0.999999881
v 92.3018646 119.180733 935.549927 1 1 1
v 560.463013 134.016907 -527.889526 1 1 1
v 613.405457 127.867828 -532.951538 1 1 1
v -731.120239 125.90136 -382.22876 0.99999994 0.99999994 0.99999994
v -840.735962 125.845741 -424.923523 0.999999881 0.999999881 0.999999881
v -688.205566 130.95401 -779.572571 0.99999994 0.99999994 0.99999994
v -880.561462 132.273941 -953.494141 0.99999994 0.99999994 0.99999994
v -627.105591 126.336754 -393.389404 0.99999994 0.99999994 0.99999994
v -59.1437073 125.024353 29.2712803 0.99999994 0.99999994 0.99999994
v -722.839539 129.079483 -658.096558 0.99999994 0.99999994 0.99999994
v -532.600952 125.520432 -217.37233 0.99999994 0.99999994 0.99999994
v 814.42572 124.420868 867.703613 1 1 1
v -633.926025 125.942215 -354.075165 1 1 1
v -846.251221 127.720833 -607.985352 0.99999994 0.99999994 0.99999994
v 85.741684 121.737747 219.08812 0.999999881 0.999999881 0.999999881
v -533.266479 125.288658 -183.393585 0.99999994 0.99999994 0.99999994
v -691.820984 126.9132 -481.650146 1 1 1
v -513.017273 125.542419 -194.228516 0.999999881 0.999999881 0.999999881
v -700.84137 132.771713 -728.480469 1 1 1
v 615.536926 127.362915 -504.568665 0.99999994 0.99999994 0.99999994
v -483.07782 126.86499 -337.793701 1 1 1
v -839.231812 126.125771 -470.550781 1 1 1
v -361.964539 118.003418 777.244202 0.999999881 0.999999881 0.999999881
v 835.359558 124.318657 897.189148 0.99999994 0.99999994 0.99999994
v -467.084564 125.093048 -96.7487793 1 1 1
v -523.644165 124.091789 -6.6511569 0.999999881 0.999999881 0.999999881
v -750.34137 129.669815 -728.741394 1 1 1
v -455.365967 126.842735 -283.638367 1 1 1
v -560.148132 126.066765 -300.725708 1 1 1
v -499.013428 127.546989 -408.535522 1 1 1
v -470.562561 127.155807 -320.701508 0.99999994 0.99999994 0.99999994
v 588.096436 130.063354 1.64363682 1 1 1
v -389.225922 129.741882 -503.033813 1 1 1
v -540.916016 124.608009 -72.6996307 0.99999994 0.99999994 0.99999994
v -103.323158 125.132698 44.3124161 1 0.988477767 0.970606446
v -614.011292 125.907715 -344.409912 0.999999881 0.999999881 0.999999881
v 909.440491 126.143875 613.673523 1 1 1
v -492.219299 124.544136 -57.8461723 0.99999994 0.99999994 0.99999994
v 603.921692 126.918312 671.6026 0.99999994 0.99999994 0.99999994
v -919.829224 127.693222 -610.277039 1 0.94855386 0.86875993
v -697.799072 112.761238 872.406128 0.999999881 0.999999881 0.999999881
v -970.122742 122.160889 -44.5199203 1 1 1
v -623.483582 125.080856 -268.891327 1 1 1
v -542.847168 127.059799 -387.566864 1 0.960651755 0.899621725
v 787.884155 124.024406 854.599304 1 0.970652044 0.925132751
v -859.064331 115.321465 866.40979 1 1 1
v -910.934937 132.093155 -945.234924 0.999999881 0.999999881 0.999999881
v -627.050293 124.772728 -208.289124 1 1 1
v -643.695618 127.238403 -481.059631 1 1 1
v -720.172119 135.193207 -861.183533 1 1 1
v -745.133545 126.841171 -496.519135 0.99999994 0.91856724 0.792263508
v -145.959717 119.749245 845.597595 1 1 1
v -625.879333 124.297195 -112.918915 1 1 1
v -923.371521 131.176102 -870.126221 1 1 1
v 637.970276 129.001328 655.829224 1 1 1
v -500.531494 135.949387 -969.528748 1 1 1
v -885.432068 132.792404 -986.70813 0.999999881 0.999999881 0.999999881
v 733.129578 136.203186 -710.154541 1.00000012 0.962304294 0.903837442
v -856.743408 128.4142 -678.459106 1 1 1
v -423.463318 116.615906 953.755981 1.00000012 1.00000012 1.00000012
v -334.286743 131.252274 -601.748474 0.99999994 0.99999994 0.99999994
v -812.606018 121.818443 13.9946346 0.999999821 0.999999821 0.999999821
v -735.327576 126.746216 -462.379333 0.99999994 0.99999994 0.99999994
v -515.149231 123.410942 91.482666 1 1 1
v -839.056885 132.945007 -989.68219 1 1 1
v 504.937103 140.147537 -827.97699 1 1 1
v -865.980408 123.818695 -160.611649 1 1 1
v -680.39917 124.297882 -191.356949 1 1 1
v 50.83955 118.539215 951.556274 0.99999994 0.99999994 0.99999994
v -759.126953 127.840027 -586.075684 1 1 1
v -615.910339 125.509445 -300.728455 1 1 1
v -470.498596 126.608887 -256.439178 0.99999994 0.99999994 0.99999994
v -567.805786 119.207748 431.143524 0.99999994 0.99999994 0.99999994
v -398.610413 116.899292 938.781006 1.00000012 1.00000012 1.00000012
v -440.07843 116.547432 974.893066 0.99999994 0.99999994 0.99999994
v 894.07666 141.279922 -896.259888 1 1 1
v -866.251343 125.600502 -405.494263 1 1 1
v 675.926758 127.879601 636.356262 1 1 1
v 530.277283 121.368713 961.215088 1 1 1
v -270.299561 125.171158 -68.4255295 1 1 1
v -804.89917 126.018639 -416.875122 1 1 1
v -952.974854 127.467888 -580.147888 0.99999994 0.99999994 0.99999994
v -431.18219 123.958961 2.85422421 1 1 1
v 619.589844 127.856331 -491.566193 1 1 1
v -829.733826 123.223648 -112.294853 1 1 1
v 505.980621 133.798889 -540.745728 1 0.848624825 0.613838792
v -647.086426 124.696815 -200.965057 1.00000012 1.00000012 1.00000012
v -545.220886 119.406281 415.255066 1 1 1
v -830.512939 125.416588 -364.737915 1.00000012 1.00000012 1.00000012
v -825.512329 128.848221 -700.666809 1 1 1
v -814.197998 122.416191 -44.0662575 1 1 1
v -494.113159 124.780609 -83.5196228 1.00000012 1.00000012 1.00000012
v 866.999023 126.099617 595.98114 1 1 1
v -868.014404 122.396362 -5.36369228 0.999999881 0.999999881 0.999999881
v -603.496399 124.411758 -125.892403 1 1 1
v -305.954193 127.102127 -174.298538 1 1 1
v 947.730347 126.744759 821.996277 0.99999994 0.99999994 0.99999994
v -324.278503 133.739029 -781.542725 1 1 1
v -504.671631 123.995644 26.4553146 1.00000012 1.00000012 1.00000012
v -463.099365 136.472977 -1008.21906 1 1 1
v -875.84552 124.86882 -325.093567 0.999999881 0.999999881 0.999999881
v -747.336792 124.322395 -190.086975 1 1 1
v -939.809082 131.846848 -905.397827 1 1 1
v -446.69812 136.202759 -987.298523 0.999999881 0.999999881 0.999999881
v -539.690674 136.681961 -1007.16321 1 1 1
v -774.963074 126.735779 -490.613525 1 1 1
v -500.451752 136.072281 -986.822205 1 1 1
v 468.26236 131.62944 -439.957825 1.00000012 1.00000012 1.00000012
v -862.524963 127.820633 -634.142212 1 1 1
v -909.384521 126.732407 -525.161133 1 1 1
v 860.390076 125.368156 627.154541 1 1 1
v -799.130188 132.474213 -940.180725 0.99999994 0.99999994 0.99999994
v -797.005676 122.31707 -57.1873703 1 1 1
v -571.015625 124.671112 -93.5592728 1 1 1
v -439.307159 126.015816 -116.57016 1 1 1
v 894.027344 127.444252 860.193237 1 1 1
v -582.194336 119.140137 419.608551 1 1 1
v 193.602142 119.256233 943.859375 1 1 1
v -840.399719 127.032829 -551.070068 1 1 1
v -543.818298 119.21701 447.825653 0.999999881 0.999999881 0.999999881
v -571.260498 124.682404 -117.793617 0.99999994 0.99999994 0.99999994
v -275.195251 128.678833 -322.46109 1 0.809401631 0.513779759
v 547.2229 128.089523 84.1841965 0.999999881 0.822968245 0.548388958
v 830.789062 139.009583 -725.242065 1 1 1
v -582.062561 126.118546 -340.822815 1 1 1
v -641.553711 124.950714 -264.666077 1 1 1
v -529.32312 127.206886 -390.06131 0.99999994 0.819035411 0.538355827
v -388.229218 117.133224 910.433228 1 1 1
v 832.302856 137.509476 -542.899719 1 0.94873023 0.869209766
v 835.74469 131.33197 -698.922546 0.756776094 0.754273117 0.766774356
v -828.370667 124.932808 -321.944122 1 1 1
v 324.565674 127.654816 564.883789 1 0.956717849 0.88958621
v -482.904114 126.609886 -301.365753 1 1 1
v 88.5450363 130.145752 -302.495789 1 1 1
v 727.303162 131.136963 -609.820618 0.99999994 0.99999994 0.99999994
v 849.379761 136.264938 -662.945007 1 1 1
v -743.254333 123.944954 -161.837845 1 1 1
v -455.64389 117.086288 948.308472 1 1 1
v -562.031616 124.726326 -127.046036 1 1 1
v -718.980835 125.075226 -295.494202 1 1 1
v -502.701813 136.425064 -1010.11603 1 1 1
v -517.250061 135.903336 -981.327271 1.00000012 1.00000012 1.00000012
v -794.018982 120.988174 45.7716713 1 1 1
v -673.08429 131.729385 -823.271667 1 1 1
v -292.383087 127.824623 -226.799515 1 1 1
v -444.953583 126.231506 -179.569595 0.99999994 0.99999994 0.99999994
v -902.378662 128.862106 -698.545227 0.99999994 0.99999994 0.99999994
v -694.994934 124.578819 -240.421402 1 1 1
v -921.925354 130.467224 -792.50061 0.999999881 0.999999881 0.999999881
v -699.607544 128.64386 -615.634216 0.999999881 0.999999881 0.999999881
v -726.68396 129.169144 -673.71637 1.00000012 1.00000012 1.00000012
v -326.970276 118.263588 867.164368 1 1 1
v -690.01123 124.07914 -107.004005 0.99999994 0.99999994 0.99999994
v -854.200439 128.911743 -713.795715 1 1 1
v 421.606598 128.559418 87.6982574 1.00000012 1.00000012 1.00000012
v 999.737 127.058235 820.904785 1 0.912337124 0.776370287
v -515.004395 116.98629 941.460938 1 1 1
v -613.230469 124.621567 -169.266373 1 0.941041708 0.849596262
v -955.815796 131.055893 -812.617126 0.99999994 0.99999994 0.99999994
v 606.768005 127.210876 152.698471 0.999999881 0.95355624 0.881521225
v -369.726349 117.682007 836.359009 1 1 1
v -927.189514 131.045441 -853.376343 0.99999994 0.99999994 0.99999994
v -414.506073 117.011932 894.634644 1 1 1
v 284.176697 119.429031 974.532654 1 1 1
v -431.264984 124.783218 -67.6211472 1 1 1
v -574.722656 130.50325 -627.566528 1 1 1
v 831.19574 126.803902 815.476868 0.99999994 0.978562951 0.945313871
v -408.079498 126.19944 -141.585022 1 1 1
v -465.136627 127.308418 -339.65918 1 1 1
v -699.478394 134.270035 -985.191162 0.999999881 0.999999881 0.999999881
v -811.083862 127.890892 -615.067627 1 1 1
v -880.953735 125.075317 -352.79538 1 1 1
v 946.666321 126.976982 769.266296 1 1 1
v 782.070862 123.123726 943.042297 0.999999881 0.999999881 0.999999881
v -131.88588 129.665329 -343.429901 1 0.840161562 0.592248917
v 982.763123 126.424133 890.982971 0.99999994 0.99999994 0.99999994
v -894.082581 132.604111 -973.898682 0.99999994 0.99999994 0.99999994
v -685.680054 123.509689 -66.8006058 1 0.929769099 0.820839524
v -798.250977 124.872932 -210.90332 1 0.979081929 0.94663763
v 850.689697 124.297913 954.45874 1 1 1
v -877.364319 127.543579 -613.130737 1 0.972909272 0.930891156
v -242.251831 128.830444 -316.236267 1 1 1
v 476.502563 134.094925 -529.39447 0.99999994 0.99999994 0.99999994
v -562.348206 134.96756 -929.279541 0.999999881 0.999999881 0.999999881
v 628.864685 128.036087 134.726501 0.99999994 0.99999994 0.99999994
v -529.243835 118.875771 503.384216 1 1 1
v -285.837372 127.248901 -199.589264 1.00000012 1.00000012 1.00000012
v -420.164062 126.375816 -146.559143 0.999999881 0.999999881 0.999999881
v -919.69812 124.541275 -298.786255 1 1 1
v -802.182068 125.527344 -373.532806 1 0.916397214 0.786727548
v -774.104553 127.294083 -547.314941 0.99999994 0.99999994 0.99999994
v -851.193115 126.892662 -543.702454 1 0.821564317 0.544806838
v -758.348816 124.88195 -282.930939 1 1 1
v 452.719727 128.621811 -162.691376 1 1 1.00000012
v -897.630981 123.582802 -94.3917847 0.99999994 0.99999994 0.99999994
v -954.00116 130.103485 -748.716797 1 1 1
v -892.769836 124.342651 -264.362885 0.99999994 0.820411325 0.541866004
v -941.016235 126.213051 -488.563599 1 1 1
v 608.525696 127.083344 240.491959 1 0.88433814 0.704944015
v -487.73526 136.12999 -983.810608 1 1 1
v 572.118225 126.342072 671.472778 1 1 1
v 1017.71765 126.0438 906.230774 1 1 1
v -952.26825 124.586327 -284.4711 0.99999994 0.99999994 0.99999994
v -459.390167 124.400909 -43.3038216 1 1 1
v -619.039978 126.206451 -375.823059 0.999999881 0.999999881 0.999999881
v -444.522186 124.274612 -41.61586 0.99999994 0.99999994 0.99999994
v 654.121765 129.628098 -530.474792 0.99999994 0.99999994 0.99999994
v -387.383911 117.594635 829.983582 1 1 1
v 509.539795 126.271706 187.922348 0.99999994 0.99999994 0.99999994
v -709.132141 134.124176 -943.454346 1 1 1
v -952.753845 132.166061 -907.190369 1 0.816529751 0.531963706
v -443.184875 135.689865 -971.406189 0.99999994 0.99999994 0.99999994
v -601.729736 121.583191 172.204529 0.999999881 0.999999881 0.999999881
v -650.776733 128.92952 -612.238953 1 1 1
v -635.351257 124.060837 -73.2555237 1 1 1
v -722.074402 127.876129 -553.9823 1 1 1
v -830.214539 121.702049 51.9784126 1 1 1
v -751.880066 128.38028 -627.539795 1 1 1
v -467.961121 125.85804 -169.223373 1 1 1
v -565.990967 124.47274 -68.3597336 1 1 1
v -867.665466 127.113373 -569.365234 1 1 1
v -251.854706 118.703506 817.852112 0.99999994 0.99999994 0.99999994
v -732.517578 130.004883 -726.409912 0.999999881 0.999999881 0.999999881
v -663.303833 128.375534 -578.400696 1 1 1
v -446.182404 136.291107 -1000.35657 0.999999881 0.999999881 0.999999881
v -618.090759 113.76915 803.18219 1 1 1
v -847.671936 127.886719 -627.535583 1 1 1
v -843.079895 124.88327 -209.553894 1 1 1
v -835.425476 126.634384 -509.7724 0.999999762 0.849862874 0.616997361
v -848.043457 122.508911 -19.3774776 1 1 1
v -547.105652 128.205719 -495.821869 1 1 1
v -494.471008 136.323944 -999.735107 1 1 1
v -906.308777 127.979599 -631.281982 0.999999881 0.999999881 0.999999881
v -758.357544 126.670898 -490.825012 1.00000012 1.00000012 1.00000012
v -769.888367 128.23407 -640.144226 0.999999881 0.999999881 0.999999881
v -497.41861 122.455292 162.092178 1 1 1
v 777.477905 123.033592 930.807739 0.99999994 0.99999994 0.99999994
v -655.785156 133.173752 -900.237305 0.99999994 0.99999994 0.99999994
v -42.2124443 118.538681 878.950317 1 1 1
v -449.175507 127.895378 -336.998291 0.99999994 0.99999994 0.99999994
v -717.451538 129.429062 -682.96521 1 1 1
v -756.933411 128.133865 -614.813354 0.99999994 0.99999994 0.99999994
v -518.009094 124.229881 -23.901701 1 1 1
v -573.524841 119.12944 409.829926 1 1 1
v -435.694855 124.515533 -52.481102 0.99999994 0.99999994 0.99999994
v 359.015808 120.093842 970.47937 1 1 1
v 747.586243 126.895256 478.734344 1 1 1
v 584.389465 128.714447 662.948914 1 1 1
v -584.103882 121.869308 139.384506 0.999999881 0.999999881 0.999999881
v -935.258179 123.468056 -182.455429 1 0.882429719 0.700075746
v -523.97406 125.727661 -247.201813 1 0.934019566 0.831682503
v 437.387115 120.843521 928.775635 0.999999881 0.999999881 0.999999881
v -286.980194 118.520004 814.602905 1 1 1
v 741.853516 132.796875 -699.262512 1 1 1
v -918.563599 131.541931 -912.300842 0.999999881 0.999999881 0.999999881
v -663.968628 127.114624 -479.219788 1 1 1
v 574.036316 126.454002 -475.722229 0.783330619 0.836522996 0.933620095
v -810.141724 124.959518 -216.324631 1 1 1
v -733.067078 126.912735 -491.501068 1.00000012 1.00000012 1.00000012
v -791.439758 114.18618 842.870483 1 1 1
v -530.223938 135.868896 -979.759644 1 1 1
v -654.801331 123.938217 -67.378479 0.99999994 0.99999994 0.99999994
v -659.915405 127.011383 -465.806061 0.99999994 0.99999994 0.99999994
v -594.983643 134.465027 -927.624512 1 1 1
v -866.613342 115.811043 727.635742 1 1 1
v 443.856079 129.225357 -407.658905 0.999999762 0.863863289 0.652712762
v 806.714172 126.064125 568.200134 0.99999994 0.99999994 0.99999994
v 453.741364 129.747726 -439.862122 1 0.95080632 0.874505758
v -177.12204 130.035995 -426.508911 1 1 1
v 824.422974 136.895767 -637.899963 1 1 1
v 804.12384 126.292595 555.391113 1 1 1
v -881.380188 126.90271 -550.830017 1 1 1
v -849.949646 125.080368 -344.755676 1 1 1
v 938.689697 126.633865 842.317017 0.99999994 0.99999994 0.99999994
v 590.334106 126.724411 211.484161 1 0.89861387 0.741361856
v -880.467041 124.763802 -309.681335 0.99999994 0.99999994 0.99999994
v -493.861145 125.965302 -230.714279 0.99999994 0.958545685 0.89424932
v -277.529907 118.393745 827.926331 1 1 1
v -681.315735 127.107368 -493.427948 0.99999994 0.99999994 0.99999994
v -797.124573 132.740219 -973.696899 1 1 1
v -900.088867 128.367905 -660.484253 1 1 1
v -135.956146 120.025894 837.18866 1 1 1
v -509.397369 125.357262 -160.958252 0.99999994 0.99999994 0.99999994
v -567.279053 128.765793 -557.186768 1 1 1
v -698.010254 128.563232 -602.663879 0.99999994 0.99999994 0.99999994
v -586.749695 124.612289 -102.570221 0.99999994 0.99999994 0.99999994
v 259.564087 124.647583 221.105103 1 1 1
v 336.782013 128.679031 555.243225 1 1 1
v -775.927856 125.195465 -324.859741 0.99999994 0.99999994 0.99999994
v -926.786804 130.520615 -770.394836 0.99999994 0.99999994 0.99999994
v -667.259949 134.854538 -997.339294 1 1 1
v -814.750061 125.322754 -356.871155 0.99999994 0.99999994 0.99999994
v -926.159302 114.487831 903.781189 1 1 1
v -912.018372 121.92305 20.4353485 1 0.826777697 0.558106422
v 572.423462 128.835403 6.96278954 1 0.813345313 0.523840129
v -587.349915 122.576027 102.690178 1 1 1
v -523.203735 124.767456 -80.2207184 1 1 1
v 824.061279 126.989983 804.527954 1 1 1
v -380.96228 117.233162 898.466858 1 1 1
v 929.558167 125.533409 634.673096 0.99999994 0.99999994 0.99999994
v 820.097961 136.700272 -694.562622 1 1 1
v -565.421143 123.980827 -15.1924362 1 1 1
v 547.065125 121.897087 960.963867 1 0.87263006 0.675076842
v -583.842896 129.529922 -618.20697 1 1 1
v 688.387207 129.056442 -607.331055 0.998559952 0.998913527 0.999558806
v -488.566406 125.496086 -136.108948 1 0.962064326 0.903225482
v 712.190125 129.075882 88.9600143 1 1 1
v -712.341309 134.737381 -993.909851 1 1 1
v -691.790222 134.651581 -997.18866 1 1 1
v -727.220642 124.4328 -238.177277 1 1 1
v -469.561279 127.992096 -377.491364 0.99999994 0.99999994 0.99999994
v 428.403595 132.768295 -442.627655 1 1 1
v -414.436737 116.67395 964.314331 1 1 1
v -874.259094 127.685364 -628.389648 1 0.879597902 0.692851722
v 836.6474 126.498337 549.623352 1 1 1
v -215.649796 130.567322 -455.348938 0.99999994 0.99999994 0.99999994
v 342.475494 128.647354 153.876648 1 0.998626709 0.996496916
v -648.96521 128.576706 -585.912231 1 1 1
v -774.135742 127.782089 -579.08429 0.999999881 0.999999881 0.999999881
v -334.41568 126.17852 -118.270355 1 1 1
v -512.682922 122.800995 129.851898 1 1 1
v -807.462036 124.588501 -246.141663 1 1 1
v -477.189087 125.684021 -142.538284 1 0.858124614 0.638072848
v 1010.24933 126.110443 883.685425 1 1 1
v -349.732849 118.103027 793.854675 1.00000012 1.00000012 1.00000012
v -676.703125 126.993263 -476.285309 0.99999994 0.99999994 0.99999994
v -712.923401 126.690842 -475.775024 1 0.870325387 0.669197321
v -610.487122 126.439575 -396.623016 0.99999994 0.99999994 0.99999994
v 877.394958 127.109825 557.844543 0.99999994 0.99999994 0.99999994
v 897.147949 126.737541 577.953857 0.999999881 0.999999881 0.999999881
v -746.447998 134.648056 -901.441895 1 1 1
v -485.050995 127.48188 -395.801453 1.00000012 0.820464611 0.542001367
v -367.980316 117.222939 922.452942 0.999999881 0.999999881 0.999999881
v -522.848022 125.221985 -162.98143 1 1 1
v -848.708313 122.550293 18.8012238 0.999999881 0.999999881 0.999999881
v -236.428192 118.823997 825.203918 0.99999994 0.99999994 0.99999994
v -928.956177 131.541641 -898.118103 0.999999881 0.999999881 0.999999881
v -583.43457 123.285423 64.6109543 1 1 1
v 606.759644 131.145569 646.621216 0.999999881 0.999999881 0.999999881
v -463.916565 125.832253 -138.669403 0.99999994 0.902902722 0.752303004
v -814.444824 126.837334 -537.619141 1 1 1
v 838.982056 124.46299 759.684448 0.999999881 0.999999881 0.999999881
v -626.086792 124.14785 -99.8419266 1 1 1
v -956.707764 124.674934 -310.692841 1 0.916153789 0.786106765
v -334.556488 117.99231 856.523193 1.00000012 1.00000012 1.00000012
v -707.938232 136.441391 -930.440613 1 1 1
v -456.646484 127.120346 -304.567871 0.999999881 0.999999881 0.999999881
v -503.448761 121.517952 205.014832 0.999999821 0.999999821 0.999999821
v 514.310974 133.84903 -553.78302 0.999999881 0.999999881 0.999999881
v 441.568604 129.164429 77.1800537 0.999999881 0.999999881 0.999999881
v -345.089752 128.247635 -264.964935 0.99999994 0.99999994 0.99999994
v -607.605103 126.187904 -369.49649 0.999999881 0.999999881 0.999999881
v 57.2561798 121.128494 558.615295 0.99999994 0.99999994 0.99999994
v 881.505127 140.875626 -875.559509 1 1 1
v 714.314636 128.944305 -608.378601 0.819910407 0.864122331 0.944826901
v -908.740601 123.843208 -214.821777 1 0.978904486 0.946184814
v -567.275085 125.880226 -286.237946 1 1 1
v 124.072739 119.242439 971.023865 0.99999994 0.99999994 0.99999994
v -915.739441 130.830215 -847.077515 1 1 1
v -703.793396 126.254196 -418.781342 1 1 1
v -546.366638 124.429062 -53.3986282 0.99999994 0.99999994 0.99999994
v 508.681152 133.359268 -499.446838 1 1 1
v -676.078674 124.106323 -107.158783 1 1 1
v -622.982178 125.552307 -311.717896 0.99999994 0.81103301 0.517941356
v 716.886597 123.624657 918.159668 1 1 1
v 764.717834 136.857407 -705.471313 1 1 1
v -573.328552 126.441574 -360.08844 1 1 1
v -787.371826 126.777542 -515.529541 1 1 1
v -438.645996 126.672958 -241.851471 0.99999994 0.99999994 0.99999994
v -817.229919 122.25856 -18.1720791 1 1 1
v 522.60376 126.200508 187.58667 1 0.889944196 0.719245374
v -580.419922 121.237877 242.527069 1 1 1
v -597.173645 126.582069 -402.04538 1 1 1
v -336.720734 131.059052 -553.410828 1 0.817367911 0.534101784
v -613.756165 124.435081 -117.79818 1 1 1
v -931.189758 125.143517 -382.30011 1 1 1
v -558.423767 139.841644 -1006.38898 1 1 1
v -297.866028 125.08165 -74.2696686 0.99999994 0.988445461 0.970524132
v 700.593994 128.806366 82.9343033 0.999999881 0.999999881 0.999999881
v -747.677368 122.240349 -38.5611343 0.999999881 0.999999881 0.999999881
v -924.495728 123.745468 -114.947937 1 1 1
v 818.245789 123.376686 975.197144 1.00000012 0.895223796 0.73271364
v -803.12262 122.188271 -15.8421316 0.999999881 0.999999881 0.999999881
v -349.40799 126.361778 -129.406097 1 1 1
v -503.689362 124.335403 -33.2064705 1.00000012 1.00000012 1.00000012
v -724.619629 124.005295 -180.86554 1 1 1
v -556.33667 124.852837 -141.95462 1 1 1
v 591.351562 130.249908 647.317993 1 1 1
v 874.386414 125.460121 624.133179 0.99999994 0.99999994 0.99999994
v -353.598022 117.677063 870.516235 1 1 1
v -655.358582 129.537842 -649.175415 1 1 1
v -799.818359 122.256821 -44.4253922 0.999999881 0.999999881 0.999999881
v -4.18943119 118.945717 887.930969 0.999999881 0.999999881 0.999999881
v -934.904602 114.355904 873.763428 1 1 1
v 33.1844826 119.745712 860.625366 1 1 1
v -885.89563 117.405838 905.58667 1 1 1
v -885.622559 114.931786 928.195068 0.999999881 0.888394594 0.715292454
v -711.279724 123.764931 -136.120712 1 1 1
v -477.587463 122.788788 102.584686 0.99999994 0.99999994 0.99999994
v 631.622986 125.285698 583.770569 1 1 1
v 19.3537083 121.11718 549.850952 0.99999994 0.916288793 0.786451101
v -513.01178 120.501244 408.979492 1 1 1
v -573.06958 127.532982 -461.988678 1 1 1
v -476.20636 124.500275 -45.5939293 1 1 1
v -804.283325 124.922775 -199.305038 0.99999994 0.99999994 0.99999994
v -493.451569 121.492477 191.912796 1 1 1
v -962.45874 123.123596 -112.624596 0.999999881 0.999999881 0.999999881
v -520.939575 127.122505 -370.391754 1 1 1
v -457.859589 126.016266 -177.51712 1 1 1
v -836.277283 127.233963 -563.471069 1 1 1
v -477.406189 124.321922 -23.1140709 1 1 1
v -968.404968 114.144897 883.694763 1 1 1
v -592.60968 126.759178 -414.290833 1.00000024 0.862012267 0.647990108
v -34.6407204 118.500778 889.601562 1 1 1
v -664.052673 124.297882 -164.924225 1.00000012 1.00000012 1.00000012
v -833.440002 127.728958 -605.406067 1 1 1
v -901.988892 122.90094 -64.3706512 0.99999994 0.99999994 0.99999994
v -680.278259 112.827522 846.569458 1 1 1
v -959.806274 133.690735 -992.344788 1 1 1
v -802.272278 121.195503 55.9039879 1 1 1
v -414.265259 123.670395 29.0377426 1 1 1
v -613.649536 124.971153 -242.953583 0.99999994 0.99999994 0.99999994
v -814.905151 124.395035 -169.814682 0.999999881 0.999999881 0.999999881
v -568.015869 124.042953 28.4764938 1 1 1
v -945.791992 122.660126 -57.7787209 0.99999994 0.99999994 0.99999994
v 652.502808 129.770569 644.466919 1 1 1
v -658.961121 132.321579 -857.331787 1 1 1
v 76.8774796 122.842751 209.485779 1 1 1
v -605.69574 121.195839 228.763184 0.99999994 0.99999994 0.99999994
v -704.495422 128.904068 -636.272034 1 1 1
v -515.012451 121.731888 193.562042 1.00000012 1.00000012 1.00000012
v -668.325134 134.355682 -903.915283 0.99999994 0.99999994 0.99999994
v 827.686279 125.240211 657.176453 1 1 1
v -809.380432 122.845543 -91.433075 1 1 1
v -905.617065 124.538559 -317.568573 0.99999994 0.824668229 0.552725017
v -738.185608 123.562553 -113.580055 1 1 1
v 890.556152 139.956268 -864.218384 1 0.871218622 0.671476126
v -548.296997 124.181503 -25.3326054 0.99999994 0.99999994 0.99999994
v 795.790222 136.318024 -507.697144 1 1 1
v 796.392578 123.182312 948.092712 0.99999994 0.99999994 0.99999994
v -945.438049 131.046906 -826.432922 0.999999881 0.999999881 0.999999881
v -856.681519 132.837051 -883.717407 1 1 1
v -445.004089 116.997704 871.628052 0.999999881 0.999999881 0.999999881
v 59.2164841 122.983017 471.705627 1 1 1
v 887.077209 126.965691 568.484863 0.99999994 0.99999994 0.99999994
v -766.33252 114.777451 876.729614 1 1 1
v 180.486038 124.396812 209.417435 1 0.9085536 0.766718507
v 805.643677 125.500145 626.208862 0.99999994 0.99999994 0.99999994
v -450.933716 122.866638 119.347733 1 1 1
v 657.416138 128.399368 -544.862793 1 1 1
v 763.841858 135.555649 -620.2677 0.999999881 0.999999881 0.999999881
v 839.195496 124.715225 870.511108 1 1 1
v -23.4433842 118.738136 881.241089 1 1 1
v 48.3467407 118.538933 924.688782 1 1 1
v -830.945007 128.563477 -675.55011 1.00000012 1.00000012 1.00000012
v -210.077301 124.958244 -18.8435707 1 0.882223368 0.699549556
v -526.174988 134.735901 -903.748657 1 1 1
v -494.482849 121.849571 177.526733 0.99999994 0.99999994 0.99999994
v 34.8444862 118.794693 939.617004 1 1 1
v -613.660217 124.780479 -206.792664 1 1 1
v -482.310852 135.997635 -969.724548 1 1 1
v 711.362244 130.27388 -593.675049 1 1 1
v 840.864746 124.896004 918.857117 1 1 1
v -533.680054 123.478882 84.2312775 1 1 1
v 653.559937 130.073593 630.027344 0.99999994 0.99999994 0.99999994
v -435.598785 116.564445 958.604675 1 1 1
v 423.340424 132.966446 -454.693268 1 1 1
v -452.778687 117.562859 844.310913 1 1 1
v 627.649719 127.404564 167.121017 0.999999881 0.999999881 0.999999881
v 193.466385 124.363792 207.904068 1 1 1
v -261.899933 128.99321 -343.525665 1 1 1
v 154.230499 122.472084 175.62825 0.99999994 0.99999994 0.99999994
v -847.471863 128.043686 -641.800049 0.999999881 0.999999881 0.999999881
v 784.991577 123.890831 871.528809 1 0.904173732 0.755545199
v -748.647339 125.160141 -306.564514 1 1 1
v 153.789536 119.540245 954.341187 1 1 1
v 499.433807 133.516724 -528.6651 0.999999821 0.901958764 0.749895155
v 818.96582 126.499237 533.010986 0.999999881 0.999999881 0.999999881
v -725.399963 131.105438 -770.147888 1 1 1
v 138.302795 124.088501 256.597382 1.00000012 1.00000012 1.00000012
v 377.097107 128.354813 136.057816 0.999999881 0.949681759 0.871637106
v 38.4260025 122.04084 239.55957 0.99999994 0.99999994 0.99999994
v -768.400391 121.792847 -19.7606659 0.99999994 0.99999994 0.99999994
v 966.627014 125.303703 647.728577 0.99999994 0.99999994 0.99999994
v 810.891479 124.685356 844.655701 1 1 1
v 478.745819 131.38504 -273.577393 0.99999994 0.96880734 0.920426786
v -890.069092 130.589462 -798.174805 1 1 1
v -400.29361 127.00248 -198.393387 0.99999994 0.99999994 0.99999994
v -221.866989 118.908569 811.443665 1 1 1
v 962.360229 124.691696 661.61145 0.999999881 0.999999881 0.999999881
v -844.219482 125.336502 -357.585388 0.99999994 0.99999994 0.99999994
v 854.31665 127.177841 530.513062 0.99999994 0.99999994 0.99999994
v -829.939758 122.364403 -21.2120914 1 1 1
v 834.117126 124.514534 961.964966 1 1 1
v -467.889435 126.737801 -287.555206 0.99999994 0.99999994 0.99999994
v -754.616333 129.421402 -709.804199 0.99999994 0.99999994 0.99999994
v -572.675537 128.885117 -569.088867 1 1 1
v 647.681763 127.569366 202.907089 1.00000012 1.00000012 1.00000012
v -562.859131 123.138603 89.2314529 1 1 1
v -118.920082 125.123215 50.5857468 1 1 1
v -696.774658 122.407211 32.4521866 0.99999994 0.99999994 0.99999994
v 136.837921 118.875702 973.822144 1.00000012 1.00000012 1.00000012
v -484.30304 126.252235 -244.806702 1 1 1
v -822.337585 122.997948 -93.1335449 1 1 1
v -863.357971 122.453186 8.84645939 0.999999821 0.999999821 0.999999821
v 818.650024 123.807976 952.575684 1 0.955637932 0.886831284
v 29.3851719 118.89373 902.689819 1 1 1
v -542.223389 126.818459 -354.966156 0.99999994 0.99999994 0.99999994
v -688.285828 127.749474 -539.293518 1.00000012 1.00000012 1.00000012
v -848.917175 125.416519 -371.486633 0.999999881 0.999999881 0.999999881
v 478.822449 120.915077 906.231934 1 1 1
v -602.800537 134.055099 -908.503174 1 1 1
v -616.351562 121.940086 115.133957 0.99999994 0.99999994 0.99999994
v 548.891602 127.251213 -477.700256 0.99999994 0.99999994 0.99999994
v 610.817932 126.307312 682.702942 1 1 1
v 523.894653 128.56955 -403.760712 0.999999821 0.938324928 0.84266597
v 923.253418 125.520531 931.31958 1 1 1
v -766.582886 129.443146 -723.440186 0.999999881 0.999999881 0.999999881
v -663.827576 128.854034 -612.913147 1 1 1
v -363.166595 126.107307 -120.175934 1 1 1
v 96.7325211 121.490013 316.92218 1 1 1
v -517.272156 121.337677 222.541809 0.999999881 0.999999881 0.999999881
v -481.831024 125.682556 -167.972183 0.999999881 0.999999881 0.999999881
v -435.919159 126.638161 -224.570496 0.99999994 0.99999994 0.99999994
v -181.174667 125.297485 -25.2715092 0.999999881 0.805077732 0.502749205
v -601.199768 124.621178 -213.221359 1 1 1
v -895.486511 127.110252 -574.130859 1 0.854599416 0.629080296
v 641.459656 128.515869 -519.30719 1 1 1
v -866.052063 113.879692 930.856384 1 1 1
v -259.686401 125.349693 -77.9200821 1 1 1
v 841.491211 126.178795 579.980774 0.999999881 0.999999881 0.999999881
v -336.628174 131.373917 -588.891602 1 1 1
v -855.674255 122.257271 41.1562233 1 1 1
v 593.347229 129.498962 -472.810242 0.99999994 0.99999994 0.99999994
v -868.736572 122.198357 41.549469 1 1 1
v -485.602051 121.717941 224.863205 1 1 1
v -319.671722 127.864342 -230.675385 1 1 1
v -457.547058 124.487099 -56.2414398 0.99999994 0.99999994 0.99999994
v 927.889404 126.150803 706.029968 0.593608201 0.693377376 0.875495851
v -503.816345 125.693031 -203.508743 0.999999881 0.999999881 0.999999881
v -738.754028 126.092583 -392.835663 0.999999881 0.999999881 0.999999881
v -332.132507 128.03656 -263.264618 0.99999994 0.99999994 0.99999994
v 737.081482 130.347519 -84.6619415 1 1 1
v -843.181458 124.958923 -333.555328 1 1 1
v -701.659241 134.119492 -874.165588 1 1 1
v 713.72052 135.2836 -471.800354 0.999999881 0.999999881 0.999999881
v -950.104065 114.299309 862.75647 1 1 1
v 458.642365 120.896751 973.575317 1 1 1
v -516.151917 125.892441 -257.670502 0.999999881 0.999999881 0.999999881
v -865.630432 125.400604 -382.05249 1 1 1
v 798.818848 136.781082 -528.97522 1 1 1
v -544.429077 127.066216 -404.928528 1 0.96169585 0.902285218
v -839.936096 122.356148 1.44007277 0.99999994 0.99999994 0.99999994
v -574.330811 122.810631 101.556358 0.999999881 0.999999881 0.999999881
v -533.89801 135.273392 -933.29895 0.999999821 0.999999821 0.999999821
v -434.81781 117.432198 897.426636 1.00000012 1.00000012 1.00000012
v 494.663116 132.597275 -516.241943 1 0.972833335 0.930697203
v -382.61377 129.83519 -491.76178 1 1 1
v -599.681946 121.749397 138.426697 1 1 1
v -575.290222 133.890762 -878.684692 1 1 1
v -138.60405 124.909218 43.7179489 1 1 1
v -639.341797 124.781532 -212.72731 1 1 1
v -481.21521 127.271942 -364.326233 1 1 1
v 782.491516 140.568954 -775.569763 1 1 1
v -928.640625 121.901329 -3.53979397 1 1 1
v -561.606506 126.283974 -313.712341 1 1 1
v -649.45752 125.071404 -275.073303 1 1 1
v 762.952271 137.856949 -550.328979 0.99999994 0.99999994 0.99999994
v -430.163055 126.662712 -204.802048 1.00000012 1.00000012 1.00000012
v -562.125854 121.910278 158.041656 1 1 1
v -470.755859 124.887222 -84.20681 1 1 1
v -614.752747 125.328873 -280.149353 0.99999994 0.99999994 0.99999994
v 877.538147 124.16497 686.627502 0.99999994 0.99999994 0.99999994
v 631.835205 127.680191 147.872711 1 1 1
v -838.613586 124.642639 -252.045242 0.999999881 0.808397889 0.511219323
v -726.88855 122.683998 -40.0680122 1 1 1
v -934.51947 114.408066 893.736877 1 1 1
v -400.414429 127.446114 -265.065826 1 1 1
v 126.020828 121.969498 477.603943 0.99999994 0.99999994 0.99999994
v 540.112854 126.859116 117.239616 1 1 1
v 505.873901 126.409065 155.327133 0.99999994 0.99999994 0.99999994
v 338.247986 124.455399 501.814209 1 1 1
v -902.99646 125.235367 -387.068237 1 1 1
v -415.5914 124.68679 -65.8607101 1 1 1
v -800.525024 127.964348 -622.7677 1 1 1
v -935.321472 122.592964 -49.9364204 1 1 1
v 114.674866 123.650696 262.2005 1 0.988941908 0.971790552
v -674.982727 126.212486 -394.091003 1 1 1
v 901.695374 125.65844 633.185059 1 0.831310749 0.56967026
v -815.099487 122.578308 -58.2747765 0.999999881 0.999999881 0.999999881
v -514.406799 127.854118 -450.77652 1 1 1
v 684.077026 135.263596 -455.379181 1 1 1
v -895.962524 112.785019 981.668274 1 1 1
v -292.593567 126.488014 -156.340256 1 1 1
v -550.105469 119.293655 436.319 1 1 1
v 587.028931 128.772705 32.8447723 1 1 1
v 969.51532 144.814453 -986.013794 1 1 1
v 87.5361481 121.646004 490.537201 1 1 1
v 708.781494 136.165314 -535.998962 0.99999994 0.99999994 0.99999994
v -194.152435 125.18264 -26.8068237 0.999999881 0.977895141 0.943610251
v -285.60675 129.083481 -372.784729 1 1 1
v -708.622009 113.174187 865.081848 1 1 1
v 487.291534 134.618912 -539.302979 0.99999994 0.99999994 0.99999994
v -690.014526 123.091835 -32.9313889 1 1 1
v -644.419067 112.352196 860.329224 1 1 1
v 984.341309 127.321739 767.311401 1 1 1
v -514.51062 121.888756 180.503418 1 1 1
v -837.335144 122.92028 -71.7748871 1.00000012 0.82770282 0.560466409
v -841.797363 122.211792 33.2570419 0.999999881 0.999999881 0.999999881
v -259.569366 125.531479 -93.7226944 1 0.890587389 0.720886111
v -893.416138 124.738586 -326.335602 0.999999881 0.999999881 0.999999881
v -920.135986 114.523575 879.724915 0.99999994 0.99999994 0.99999994
v -252.381409 127.743256 -251.377716 1 1 1
v 621.747314 128.05072 79.9031219 1 1 1
v 399.239899 120.637794 919.317322 1 1 1
v 650.50647 128.295303 99.5519867 0.999999881 0.999999881 0.999999881
v 988.137817 126.948776 826.924927 0.99999994 0.939475596 0.845601201
v -937.828735 130.813065 -810.08551 0.999999881 0.999999881 0.999999881
v -904.948486 124.143143 -249.694672 1 0.899883986 0.744602144
v -497.889038 127.156021 -356.102661 1 0.849049866 0.614923239
v -896.072754 124.705139 -308.641937 0.99999994 0.99999994 0.99999994
v -777.461731 122.014511 -5.74552488 0.999999881 0.999999881 0.999999881
v -938.281494 125.538216 -430.637299 1 1 1
v 98.741333 123.04985 467.406769 1 1 1
v -494.503479 126.522423 -307.385162 1 1 1
v -945.591553 131.758713 -892.424255 1 1 1
v -536.445068 122.126938 157.25148 0.999999881 0.999999881 0.999999881
v -814.917786 133.346207 -862.577637 1 1 1
v 608.043518 122.68129 936.643433 1 1 1
v -144.572723 130.29686 -374.318848 0.99999994 0.99999994 0.99999994
v -322.473724 133.393326 -768.599609 0.99999994 0.851115286 0.62019223
v 837.013 126.059654 949.221619 0.99999994 0.99999994 0.99999994
v -912.483398 123.444084 -95.9213791 1 1 1
v -876.520874 116.097267 715.494019 1 1 1
v 798.613098 130.289612 -212.831161 0.999999881 0.843199968 0.600000024
v -548.338745 134.729355 -903.757202 1 1 1
v 643.952515 127.537804 190.347137 1 0.93521601 0.834734678
v -929.790039 124.522209 -281.221252 1 1 1
v -646.630554 112.765236 847.449402 1 1 1
v 850.408997 139.088638 -610.15802 1 1 1
v -569.247314 125.631149 -273.319366 0.999999881 0.999999881 0.999999881
v -750.672974 123.694214 -117.43309 1 1 1
v 629.747742 128.083878 -509.366486 1 1 1
v 120.346855 119.126312 908.655518 1 1 1
v -732.381714 133.721924 -845.380066 1 1 1
v -717.444397 117.727501 727.151733 1 1 1
v 772.151428 136.609055 -506.932129 1 1 1
v -918.723083 124.498756 -259.494385 1 1 1
v 556.768494 130.854034 -426.084259 0.999999881 0.999999881 0.999999881
v 957.807495 124.500519 684.163391 1 1 1
v -532.98822 120.101387 396.654297 1 1 1
v -663.195618 126.131546 -382.879486 1 1 1
v -858.645325 132.781387 -898.844482 1 1 1
v -958.903687 122.721931 -78.2952652 1 1 1
v -752.935242 114.105202 876.990051 1 1 1
v -354.849884 130.870148 -567.817444 0.999999881 0.999999881 0.999999881
v 809.017334 136.623199 -517.901733 1 1 1
v 448.462494 129.018372 -175.046738 1 0.80400002 0.5
v 885.723938 139.608734 -614.665222 0.99999994 0.806763828 0.507050633
v 457.793488 132.953445 -521.373108 1 1 1
v -881.70697 124.322777 -257.406494 0.999999881 0.999999881 0.999999881
v -695.792358 131.000107 -768.932007 1 0.974028289 0.933745682
v 882.391357 127.176094 764.252075 0.99999994 0.99999994 0.99999994
v 288.447906 126.84375 184.36087 0.999999881 0.999999881 0.999999881
v -651.448853 132.236557 -837.957397 1 1 1
v 903.376221 126.735123 765.125244 0.999999881 0.999999881 0.999999881
v -855.668579 124.723541 -213.061569 1 1 1
v -247.827927 128.154404 -283.8172 0.999999881 0.999999881 0.999999881
v -589.265991 124.464966 -133.209259 0.99999994 0.99999994 0.99999994
v -932.481079 122.270714 -29.4585934 1 1 1
v 872.789978 140.970306 -865.821716 1.00000012 0.988477409 0.970605612
v 795.062256 144.536789 -1010.36816 1 1 1
v -959.488525 132.989868 -951.148438 1 1 1
v -95.1555557 125.186829 54.5138893 0.99999994 0.883349717 0.702422857
v -878.836731 131.677948 -923.635376 0.99999994 0.99999994 0.99999994
v 498.214783 134.670822 -551.256226 0.999999881 0.999999881 0.999999881
v -282.892059 127.855865 -235.782867 0.999999821 0.999999821 0.999999821
v -564.221069 124.295601 -43.1822701 0.999999881 0.999999881 0.999999881
v 123.942192 121.619217 297.148407 1 1 1
v -939.066711 124.631767 -316.960205 1 0.830835521 0.568457663
v 377.418762 129.401031 158.703079 0.99999994 0.945987344 0.862212777
v 494.503723 126.459373 183.001129 1 1 1
v 276.355682 125.436783 249.14357 1 1 1
v 859.656555 138.13562 -581.451233 0.999999881 0.999999881 0.999999881
v 849.499023 137.76239 -573.229004 0.99999994 0.99999994 0.99999994
v -406.818848 132.431595 -691.512146 1 1 1
v 959.390869 127.242699 756.378418 1.00000012 1.00000012 1.00000012
v -849.702087 125.517944 -384.531281 1 1 1
v 798.216797 140.121246 -760.059326 1 0.82257539 0.547386229
v -174.184479 124.85144 30.7931137 0.99999994 0.99999994 0.99999994
v -671.874695 131.815186 -774.819092 1 1 1
v -917.191345 124.773964 -345.151184 0.999999881 0.999999881 0.999999881
v 637.654358 122.276894 915.467529 1 1 1
v 489.417786 120.992989 973.874023 1 1 1
v 1002.0448 125.910782 708.843872 0.587504327 0.688772082 0.873625934
v -280.489105 126.663307 -172.194427 1.00000012 1.00000012 1.00000012
v 811.658875 130.451767 -212.284332 1 0.8099401 0.515153229
v 967.754761 126.850449 822.511169 0.99999994 0.99999994 0.99999994
v -903.650818 114.616379 905.683716 0.99999994 0.99999994 0.99999994
v 732.988831 131.129883 -144.962723 1 1 1
v -458.267975 136.14534 -980.710632 0.99999994 0.99999994 0.99999994
v 615.432861 127.262772 162.481079 1 0.803828537 0.499562532
v -644.937073 133.131073 -890.95459 0.99999994 0.99999994 0.99999994
v -782.700989 115.278442 861.588623 0.99999994 0.99999994 0.99999994
v 656.897583 122.488846 919.280579 0.99999994 0.99999994 0.99999994
v -299.507202 118.044792 876.23761 1 1 1
v -687.658325 113.191704 835.784546 1 1 1
v -957.833923 122.559639 -62.8552551 1 1 1
v 738.89502 136.680725 -595.016724 0.99999994 0.99999994 0.99999994
v 534.355957 136.46138 -630.266602 0.999999881 0.949758649 0.871833444
v 730.738464 135.750122 -572.345947 1 0.84800154 0.612248898
v 780.019897 126.941887 482.565125 1 0.881234944 0.697027922
v -195.404373 128.314758 -290.498047 1 1 1
v 284.632965 126.656609 260.168945 1 1 1
v -214.806076 124.726395 1.54019117 1 0.923298776 0.804333389
v -472.303833 116.661545 986.442078 0.99999994 0.99999994 0.99999994
v 633.55304 122.441978 874.247131 1 1 1
v -238.890015 129.379669 -399.324585 1 1 1
v -529.409851 127.226196 -403.129242 1 1 1
v 876.810364 134.957367 -209.560593 1 0.971877337 0.928258479
v 497.951935 126.936043 144.933716 0.99999994 0.99999994 0.99999994
v -435.762573 116.62735 927.164795 1 1 1
v -932.832458 123.650932 -206.618881 1 1 1
v -79.2674332 124.749138 58.2829132 0.999999881 0.999999881 0.999999881
v -877.883179 116.435814 889.728455 0.99999994 0.99999994 0.99999994
v -344.739044 131.08876 -577.48999 1 1 1
v 528.038452 126.266357 211.427139 1 1 1
v -58.6338997 125.295311 16.2128792 1 1 1
v 675.61792 131.670776 -552.069885 1 1 1
v -967.11676 127.314751 -572.002441 1 1 1
v 548.425598 121.780739 974.362427 1 0.949089706 0.870126903
v -711.740295 129.320099 -671.204712 1.00000012 1.00000012 1.00000012
v 997.46344 127.565514 721.082886 1 1 1
v 702.48407 122.936493 874.842896 1 1 1
v -238.539673 129.71376 -413.423645 1 1 1
v -956.346497 114.471863 851.275574 0.99999994 0.99999994 0.99999994
v 858.57428 138.99736 -594.47467 1 1 1
v -177.278107 128.813751 -314.263153 1 1 1
v -455.002869 130.944214 -630.694092 1 1 1
v -289.552307 125.935585 -131.218689 0.999999881 0.932539582 0.827907324
v -354.352905 124.957466 -76.6340866 1 1 1
v 838.597534 138.094498 -615.750122 1 1 1
v 807.387024 136.708633 -501.672729 0.99999994 0.80400002 0.5
v -546.045532 119.654442 397.189331 1 1 1
v 943.174194 126.671745 854.591797 0.99999994 0.99999994 0.99999994
v 247.328613 124.519028 202.755249 0.999999881 0.999999881 0.999999881
v -529.975708 124.251106 -29.1535549 0.99999994 0.99999994 0.99999994
v 408.463287 120.448219 938.829712 1 1 1
v 644.069092 127.907898 113.117729 0.99999994 0.99999994 0.99999994
v -891.825012 123.241478 -78.3613815 1 1 1
v 683.120911 134.097565 -541.370056 1 1 1
v 204.15596 119.286621 956.631653 1 1 1
v 756.332703 125.637238 584.254639 1 1 1
v -945.198364 123.480659 -169.314362 1 0.909851968 0.770030558
v -188.40097 130.046661 -466.498688 1.00000012 1.00000012 1.00000012
v 287.808868 125.335281 564.267151 1 1 1
v -353.280914 127.052322 -171.19725 0.99999994 0.99999994 0.99999994
v -548.388733 128.42662 -515.435303 0.99999994 0.99999994 0.99999994
v -800.750122 113.472977 918.600952 1.00000012 1.00000012 1.00000012
v -957.647766 127.822014 -619.457825 1 1 1
v -345.21524 125.675659 -102.859238 1 1 1
v -941.20929 122.900269 -71.820137 0.99999994 0.99999994 0.99999994
v -847.393372 133.086624 -999.746216 1 1 1
v -518.593384 128.325882 -482.637299 0.99999994 0.99999994 0.99999994
v -106.472687 125.740364 -17.8521366 1 1 1
v -918.285461 123.04879 -77.3285294 1 1 1
v 708.721069 129.339218 52.9912758 1 1 1
v -253.672928 127.188614 -203.938675 1 1 1
v -156.389633 124.915848 35.832058 1 1 1
v -816.28363 132.807007 -959.613159 1 1 1
v -839.839294 132.931778 -844.264282 0.99999994 0.99999994 0.99999994
v -704.714478 118.477852 720.034302 1 1 1
v -843.875671 123.067345 -83.0886078 1 1 1
v 269.095581 139.490494 -888.137024 0.99999994 0.836354971 0.582538188
v 588.661438 121.720856 904.2276 0.999999881 0.999999881 0.999999881
v 61.6116333 122.192322 520.746887 1 1 1
v 582.996704 132.432007 -519.306885 1 1 1
v 864.010681 133.785812 -212.196442 0.99999994 0.99999994 0.99999994
v 365.084717 125.924438 79.4386368 1 1 1
v -915.1604 114.614502 891.808899 0.99999994 0.99999994 0.99999994
v 566.180298 127.36113 92.8619461 1 1 1
v 903.14624 124.392296 676.871704 1.00000012 1.00000012 1.00000012
v -330.349396 126.777626 -162.204071 1 1 1
v -744.767578 123.806335 -130.029526 0.99999994 0.99999994 0.99999994
v -721.350342 127.517838 -521.740417 1 1 1
v -770.184204 133.3414 -774.570618 1 1 1
v -960.103271 123.406548 -196.033707 0.999999881 0.999999881 0.999999881
v -950.947754 124.704178 -322.423187 1 1 1
v 721.984253 129.271469 115.880585 1 1 1
v 631.712585 129.579666 -496.446716 1 1 1
v -873.553589 122.603943 -33.8502846 1.00000012 1.00000012 1.00000012
v -965.980164 122.023071 -25.4280224 1 1 1
v 71.3347931 121.288269 555.522522 1 1 1
v 534.301147 130.575378 -476.777313 0.99999994 0.99999994 0.99999994
v 423.270569 120.616264 943.266907 1 1 1
v 624.322266 130.010986 4.30023003 1 1 1
v -145.065826 130.597672 -407.837219 1 1 1
v -495.0849 122.831741 119.049858 1 1 1
v -944.433716 123.638245 -212.634811 0.99999994 0.99999994 0.99999994
v -891.834534 126.956764 -558.671265 1 1 1
v 707.191895 129.191864 66.1022415 1 1 1
v 685.037659 128.434128 106.760841 1 1 1
v 500.770325 121.239716 888.283875 0.99999994 0.99999994 0.99999994
v -308.29126 128.040222 -251.896851 1 1 1
v 479.794556 120.944267 939.579041 0.99999994 0.99999994 0.99999994
v 639.390991 128.388214 89.2449722 0.99999994 0.99999994 0.99999994
v -822.80603 112.432686 949.788696 1 1 1
v -357.195038 126.92691 -158.728958 0.99999994 0.942343116 0.852916121
v 695.150879 129.17836 58.6406479 1 1 1
v 622.989258 128.175705 96.8202896 1 1 1
v 102.309799 121.831123 304.35614 1 0.960917056 0.900298595
v 274.842224 124.331947 565.894714 0.999999821 0.999999821 0.999999821
v -250.919052 129.257004 -370.443878 1 1 1
v 552.417419 126.862793 112.837761 0.99999994 0.99999994 0.99999994
v -338.058533 124.971062 -66.0601425 1 1 1
v 433.769989 120.792358 916.217957 1 1 1
v -764.954651 126.349556 -430.153259 1 0.992390394 0.98058778
v 628.742188 127.856621 120.225815 1 1 1
v 605.592102 127.650139 -522.476196 0.754219532 0.814558625 0.924701452
v 493.725952 130.099777 -440.290314 1 0.931088984 0.82420665
v 864.903748 135.307205 -196.984436 0.99999994 0.825430632 0.554670036
v 451.017822 120.898964 916.850586 0.999999881 0.999999881 0.999999881
v -902.389771 114.364944 752.567566 1 1 1
v -207.331451 129.169022 -335.90567 1 1 1
v 688.34314 124.260521 965.438354 1 1 1
v 928.319946 127.267403 884.734619 1 1 1
v -691.385803 123.18058 -45.9276009 0.99999994 0.99999994 0.99999994
v 326.703186 119.87365 948.513489 1 1 1
v -919.94928 123.519173 -134.014557 1 0.84183228 0.596511006
v -937.743469 125.267456 -398.968597 0.99999994 0.99999994 0.99999994
v -936.082214 126.761337 -535.354919 1 1 1
v 1024.14001 127.705452 733.232666 1 1 1
v -20.8007793 125.607597 66.4987946 1 0.857643008 0.636844277
v -798.325684 113.684174 892.352905 1 1 1
v 840.109863 125.388512 783.4104 0.999999881 0.999999881 0.999999881
v -38.7083588 126.079536 22.3101559 1 1 1
v -494.143616 125.554909 -172.351562 0.999999881 0.999999881 0.999999881
v 643.828918 128.064362 128.112991 1 1 1
v 569.266357 126.592316 193.373398 0.999999881 0.98688674 0.966548026
v -674.633972 113.260567 834.713379 0.999999881 0.999999881 0.999999881
v -186.552917 129.877335 -361.542053 1 1 1
v -942.837341 122.350975 -37.4291687 1 1 1
v 455.993896 130.38446 -244.527634 1 1 1
v 911.247681 125.586098 936.481323 0.99999994 0.99999994 0.99999994
v -794.84729 111.72686 965.496338 1 1 1
v -268.432861 124.287704 -3.07405686 1.00000012 1.00000012 1.00000012
v -552.28833 120.949982 263.32608 0.999999881 0.999999881 0.999999881
v -535.079346 120.596245 279.854675 1 1 1
v -759.976807 114.069061 888.148193 1 1 1
v 722.29126 129.284637 100.021584 1 1 1
v -232.974976 131.496384 -476.654633 1 1 1
v -581.249023 125.323853 -263.041412 1 1 1
v -947.566345 133.382706 -976.500305 1.00000012 0.858457267 0.638921499
v 629.496521 128.698273 27.2517929 1 1 1
v 580.646973 128.616638 -506.45163 1 1 1
v 517.615356 132.062195 -283.08725 1 1 1
v -287.516785 126.998665 -186.629395 0.999999881 0.999999881 0.999999881
v 516.748352 126.210663 204.845917 1 1 1
v 892.295959 126.591446 786.224854 1 1 1
v -944.675659 125.608513 -445.360413 1.00000012 0.967083454 0.916028917
v -251.139145 124.740189 -19.6038303 1.00000012 1.00000012 1.00000012
v 966.068848 125.771835 921.390381 0.99999994 0.99999994 0.99999994
v -500.799957 125.528145 -184.540359 0.999999881 0.999999881 0.999999881
v -810.506409 111.505714 971.074646 0.999999821 0.805269539 0.503238916
v 507.616669 131.887497 -270.968475 1 1 1
v -4.98023367 122.25103 494.056366 1 1 1
v -914.596069 127.030739 -567.86084 1 1 1
v -277.844147 128.968582 -362.27179 0.99999994 0.99999994 0.99999994
v 271.883301 125.174835 228.63324 0.99999994 0.99999994 0.99999994
v 499.103668 135.017227 -564.324646 1 1 1
v 974.248474 126.542343 870.977112 0.99999994 0.99999994 0.99999994
v 946.391846 125.798256 932.708618 1 1 1
v -810.376099 133.039185 -776.107544 1.00000012 1.00000012 1.00000012
v 546.936707 121.702034 905.062012 1 1 1
v 696.2052 128.688522 99.9734802 0.99999994 0.99999994 0.99999994
v -944.083862 116.273071 676.519897 1 1 1
v -480.186676 123.485863 81.5422058 1 1 1
v -971.90625 114.02845 897.462158 1 1 1
v 145.050903 135.925674 -703.96228 1.00000012 0.770939469 0.415661603
v -889.017822 113.499817 958.691956 0.999999881 0.999999881 0.999999881
v -801.721558 114.814384 851.992676 1.00000012 1.00000012 1.00000012
v -740.16925 113.875443 888.137451 0.99999994 0.99999994 0.99999994
v 706.023804 128.916702 118.573235 1 1 1
v 498.550781 132.030975 -308.308075 1 1 1
v -609.451294 124.285378 -81.7934189 1 1 1
v -971.285156 128.183716 -630.599976 1 1 1
v 895.883606 136.080902 -783.987244 0.76532042 0.82293421 0.928102434
v -749.951599 133.510529 -981.505127 1 1 1
v -780.133911 133.514038 -787.599121 1 1 1
v -212.338638 128.584686 -303.958008 1 1 1
v -234.844879 128.058975 -282.326538 1 1 1
v 338.4823 127.208817 514.880371 1 1 1
v 476.276917 128.418381 149.771683 0.99999994 0.99999994 0.99999994
v -158.179398 128.929794 -310.111969 1 0.895412982 0.733196318
v -196.041061 129.787994 -455.896271 1 1 1
v 6.07178879 122.31057 503.915771 0.999999881 0.999999881 0.999999881
v 608.409485 135.736359 -645.844177 1 1 1
v 708.369263 124.307327 950.576233 1 1 1
v 862.277588 126.93634 838.422119 0.99999994 0.99999994 0.99999994
v -903.581665 126.91201 -552.362122 0.99999994 0.99999994 0.99999994
v -540.132568 120.199989 317.971893 1 1 1
v -203.476273 127.821869 -267.902069 1 1 1
v 958.364746 126.511322 850.061218 0.99999994 0.99999994 0.99999994
v -743.559448 113.945305 900.758423 0.99999994 0.99999994 0.99999994
v 927.838135 140.947159 -874.676331 0.99999994 0.895848453 0.734307349
v -783.249451 133.297058 -774.850464 1 1 1
v -223.440033 129.411041 -365.13327 1 1 1
v -154.541534 130.412521 -385.756409 1 1 1
v 1003.95618 126.968948 746.843994 1 1 1
v -922.782654 127.629692 -594.282471 1 0.920164943 0.796339035
v 793.860901 125.716316 590.470215 1.00000012 0.83464396 0.57817328
v 42.9519806 120.87809 265.36969 0.99999994 0.99999994 0.99999994
v -570.789246 120.549232 301.331024 1 1 1
v 609.051514 131.324951 -475.859253 1 1 1
v -164.853867 130.467484 -422.0065 1 1 1
v 462.61145 120.784821 959.723999 1 1 1
v 443.708313 129.995346 106.245956 1 1 1
v -774.279663 126.871819 -513.600464 1 1 1
v -238.787247 131.244446 -462.317108 1 1 1
v 868.304932 127.305969 763.064453 1 1 1
v -344.737091 127.421928 -214.740738 0.99999994 0.99999994 0.99999994
v -313.23056 125.420776 -92.2471237 1 1 1
v 575.186951 121.765656 883.494141 1 1 1
v 36.3657761 120.992813 555.542969 1 0.977058887 0.941476822
v 457.473816 120.79335 944.005493 1 1 1
v -252.462585 130.112671 -413.639252 0.99999994 0.99999994 0.99999994
v -51.598877 124.898285 47.4431496 0.99999994 0.99999994 0.99999994
v -857.904846 113.936249 920.638489 1 1 1
v -372.952515 125.832657 -106.8069 1 1 1
v 501.131805 121.048538 968.08075 1 1 1
v -720.92688 123.627426 -119.434723 0.99999994 0.99999994 0.99999994
v -265.879395 126.683685 -174.829086 1.00000012 1.00000012 1.00000012
v -351.479797 125.977654 -114.328056 1 1 1
v 438.674591 128.697968 133.483688 0.99999994 0.99999994 0.99999994
v -947.294495 123.455696 -199.610672 0.99999994 0.99999994 0.99999994
v -837.589172 113.64254 925.187561 0.999999881 0.999999881 0.999999881
v 596.507568 127.78743 95.2872543 1 1 1
v 774.480835 126.128922 531.572571 1 1 1
v 692.001038 123.061325 864.812195 1 1 1
v 680.708435 122.687645 902.180359 1.00000012 0.912608862 0.777063489
v 407.830109 120.609566 952.569824 1 1 1
v -183.091888 129.932083 -398.988464 1 1 1
v 422.413513 120.776489 929.214722 1 1 1
v 547.528625 126.687325 134.73877 0.99999994 0.99999994 0.99999994
v -554.109741 125.432358 -259.156036 1 0.885026455 0.706700087
v 857.745361 134.526077 -740.60022 0.846324563 0.827854156 0.809557438
v 675.295227 122.603256 919.58136 0.99999994 0.856447101 0.63379395
v 682.810913 122.750664 931.208984 1 1 1
v -222.584518 130.941742 -468.728882 1 1 1
v -248.363693 126.992317 -188.488831 1 1 1
v -311.778442 125.099022 -74.9584885 1.00000012 0.809444189 0.513888121
v 784.966919 124.392036 812.623718 1 1 1
v -445.668152 122.051521 259.62677 1 1 1
v -241.408066 130.988129 -449.369415 0.99999994 0.99999994 0.99999994
v -194.326889 129.173508 -337.194702 1 1 1
v 776.02771 136.333145 -609.870361 0.999999762 0.954684019 0.88439846
v 410.064056 126.447647 -307.424927 0.538553357 0.651838481 0.858628929
v 983.036987 126.091087 933.154053 0.99999994 0.99999994 0.99999994
v -890.673218 113.946426 940.247986 0.99999994 0.99999994 0.99999994
v 750.447205 127.483749 455.861023 0.99999994 0.99999994 0.99999994
v 520.562927 127.328102 118.293365 0.999999881 0.999999881 0.999999881
v 225.868484 124.406105 306.462646 1 0.9870314 0.96691668
v 693.290588 122.78614 915.547302 1 1 1
v 774.954834 125.757545 587.52179 1.00000012 1.00000012 1.00000012
v 520.540222 121.309464 897.912903 0.99999994 0.99999994 0.99999994
v -536.200989 119.049599 620.50415 1 1 1
v -331.398163 125.840813 -105.555275 1 1 1
v -0.31541425 126.442863 23.3276367 1 1 1
v -68.7203293 124.594681 66.4894485 0.999999881 0.999999881 0.999999881
v -536.886353 121.273796 227.654297 0.999999821 0.80400002 0.500000477
v -469.697662 126.906784 -303.900574 0.999999881 0.999999881 0.999999881
v -949.640015 116.583885 724.703247 1 0.856062353 0.632812202
v 735.217285 127.348305 433.021973 1 1 1
v -969.480591 129.864014 -754.480774 1 1 1
v 922.755859 126.848022 845.607117 1 1 1
v -25.5283623 126.701569 13.0473738 1.00000012 1.00000012 1.00000012
v 732.248413 127.054398 453.372925 1 1 1
v -486.68924 120.593033 358.263702 1 1 1
v 436.01535 120.74498 969.383972 1 1 1
v 518.677917 132.100266 -264.009399 1 1 1
v -815.228149 122.181122 -2.66973972 0.99999994 0.99999994 0.99999994
v 165.940002 119.298973 935.308533 1 1 1
v 909.833862 140.396713 -725.741211 1 1 1
v 613.921448 123.033615 982.07782 1 1 1
v 406.452698 120.528114 969.875122 1 1 1
v 298.718964 127.277588 115.264587 1 0.952473044 0.878757596
v -148.032089 130.718521 -424.992218 1 1 1
v 890.111572 137.388474 -824.288269 1 1 1
v 688.619507 130.100586 -35.8171234 1 1 1
v -78.0521011 125.60215 -1.8873266 0.99999994 0.99999994 0.99999994
v 706.444214 135.15976 -443.49173 1 1 1
v -35.3305244 125.306343 45.5224609 1 1 1
v 624.607056 122.085045 917.217285 1 1 1
v 785.116333 135.977386 -451.569916 1 1 1
v -282.936951 128.407776 -275.493225 1.00000012 1.00000012 1.00000012
v 416.139221 127.976784 -189.974396 1 0.849787235 0.616804242
v -764.425598 127.696739 -570.338196 1 1 1
v 734.059753 123.35807 864.544067 1 0.830082119 0.566536009
v 481.994141 129.636414 106.9636 0.999999881 0.820088804 0.541042805
v -546.591736 120.510025 294.437103 0.999999881 0.999999881 0.999999881
v 647.802856 123.141052 970.81897 1 1 1
v 22.1777687 122.899216 414.517395 0.999999821 0.999999821 0.999999821
v 933.985107 125.654495 917.625183 0.999999881 0.999999881 0.999999881
v 488.509308 128.626175 71.7112808 0.999999881 0.999999881 0.999999881
v -144.891769 129.590927 -336.973785 1 1 1
v 652.662537 122.501511 906.917603 1 1 1
v 639.274597 141.501755 -827.285278 0.99999994 0.896876931 0.736930907
v 689.65271 126.293823 438.952393 1 1 1
v 721.680176 123.050835 840.785522 1 0.812149584 0.520789683
v -318.524506 127.138077 -170.725616 1 1 1
v -269.871094 128.670807 -309.614197 0.99999994 0.99999994 0.99999994
v 760.481384 125.99881 529.736267 1.00000012 1.00000012 1.00000012
v 749.748108 127.573013 421.499451 1 1 1
v -99.9538727 125.286163 10.8536196 1 1 1
v -349.470154 128.115158 -248.734207 0.99999994 0.995611012 0.988803685
v 649.701294 122.571396 887.412537 1.00000012 1.00000012 1.00000012
v 869.991882 125.398438 968.012268 1 0.864374578 0.654016733
v 761.237732 135.441513 -458.911865 1 0.854099274 0.627804279
v 776.665344 128.384262 442.594482 1 1 1
v -143.198364 129.837891 -349.972565 1 1 1
v -106.93412 125.935265 -38.7207794 1.00000012 0.799795568 0.489274591
v 585.473694 121.6483 891.554077 1 1 1
v -532.562378 121.062073 239.98764 0.99999994 0.99999994 0.99999994
v -128.166107 125.605888 -16.3021374 0.99999994 0.888528526 0.715634286
v 559.499023 122.247337 964.986328 1 1 1
v 619.942871 122.285255 931.238159 1 1 1
v 909.654175 126.622635 788.274109 1 1 1
v -751.647339 124.568695 -250.792465 0.99999994 0.99999994 0.99999994
v 645.844421 122.634148 869.808533 1 1 1
v 614.808533 123.404099 947.824402 0.999999881 0.999999881 0.999999881
v -290.541138 128.725113 -340.148346 0.999999881 0.91091305 0.772737265
v -736.887573 128.653275 -629.990295 0.99999994 0.99999994 0.99999994
v -470.030945 121.214127 275.46344 1 1 1
v 930.502319 126.510254 900.792175 1 1 1
v -240.652847 127.166374 -202.817352 1 1 1
v 615.3078 126.043167 403.836548 0.99999994 0.99999994 0.99999994
v 411.125092 126.330933 -281.81723 0.965173066 0.847648621 0.667711914
v -831.559204 128.017441 -632.508301 1 1 1
v 887.928955 139.699341 -699.025452 0.999999881 0.982469857 0.955280244
v -331.578613 127.000229 -185.411301 1 1 1
v -775.329285 123.069733 -109.363579 1 1 1
v -549.81897 124.74691 -114.341408 1 1 1
v 720.656616 126.790993 443.155121 0.999999821 0.999999821 0.999999821
v 660.648865 126.38649 377.800476 0.999999881 0.999999881 0.999999881
v 435.532318 130.07402 -459.398285 1 1 1
v 690.688965 135.282898 -493.999207 0.99999994 0.99999994 0.99999994
v 38.4807358 120.71122 288.345459 1 0.851824284 0.622000754
v -236.413849 128.976593 -328.344086 1.00000012 1.00000012 1.00000012
v 918.80188 126.615463 797.606812 1 1 1
v -732.418518 113.594093 986.208374 1 1 1
v 688.799683 126.225029 466.007904 1 1 1
v 425.269348 126.334435 -231.05336 0.823782682 0.76582849 0.687810183
v 898.354431 135.668259 -796.819824 0.497890025 0.621158123 0.846171319
v -698.999268 125.457634 -325.314728 0.99999994 0.99999994 0.99999994
v 415.020294 127.632805 -175.185959 0.834089458 0.87482053 0.949171007
v 457.091858 127.222267 -276.949615 1 0.963170111 0.906046093
v 966.522583 126.376381 882.34021 0.999999881 0.999999881 0.999999881
v -597.140381 121.428032 204.166626 1 1 1
v 899.157471 138.147156 -849.678711 1 1 1
v 872.314392 133.401459 -726.025818 1 1 1
v 666.026733 137.222443 -648.475586 1 1 1
v -67.1732559 124.626404 53.3321228 1 1 1
v -25.0286541 125.293587 53.563118 1 1 1
v 701.86731 129.308228 -187.555939 1 0.849245727 0.615422606
v 886.748535 126.911186 836.427551 1 1 1
v 627.55365 134.776978 -420.240753 0.99999994 0.99999994 0.99999994
v 878.407593 140.118088 -635.311401 0.99999994 0.791195691 0.467336059
v -98.5775146 119.111267 823.997192 1 1 1
v -944.391296 131.219696 -846.661804 1 1 1
v 858.576294 127.041855 780.074036 1 1 1
v 923.542786 126.275208 986.942627 1 1 1
v 606.441406 122.927139 971.361877 0.99999994 0.825784385 0.555572569
v 864.80127 137.553238 -666.670654 1 0.869544625 0.667205691
v 651.019348 131.998779 -611.989746 0.99999994 0.99999994 0.99999994
v 1020.9599 144.402878 -1011.3092 1 0.831472158 0.570082009
v -125.198807 120.336472 451.01123 0.915095329 0.822291791 0.684070587
v 772.272827 128.137009 455.564789 1 1 1
v -152.446396 124.594681 86.4583511 1 1 1
v 616.683838 125.630745 417.52066 1 1 1
v 675.48053 135.193909 -442.085327 1 1 1
v -538.326721 120.834122 260.98703 0.999999881 0.999999881 0.999999881
v 747.969116 125.875397 520.569458 1 1 1
v -545.975037 119.006134 607.200623 1 1 1
v -88.5893707 120.415497 494.84317 0.99999994 0.85213989 0.622805715
v 736.245361 127.274414 419.546722 1 1 1
v 234.317871 119.134148 973.911011 0.579641998 0.68283999 0.871217072
v 742.905212 127.095222 466.533264 1.00000012 1.00000012 1.00000012
v 102.483139 137.717163 -827.318848 1 0.985825598 0.963840842
v -33.7703094 125.239212 64.8955002 1.00000012 1.00000012 1.00000012
v -941.664612 130.341125 -752.547119 1 1 1
v 400.552673 130.182587 -298.463226 0.99999994 0.939638197 0.846015811
v 624.930908 134.859192 -470.454346 1 1 1
v -476.719055 117.491753 866.742981 1 1 1
v -526.455383 120.71051 266.450562 0.999999881 0.999999881 0.999999881
v -82.9755554 119.314987 829.097168 1 0.994160473 0.98510325
v -574.051636 133.778793 -865.675293 1 1 1
v 63.5251427 130.721848 -339.3255 1 0.9990381 0.997546256
v 685.801758 132.349457 -20.0885525 1 1 1
v -595.080444 120.843468 270.644867 0.99999994 0.99999994 0.99999994
v -562.012695 121.137886 254.571198 0.99999994 0.99999994 0.99999994
v -592.263367 119.07016 432.33316 1 1 1
v -660.552979 135.282654 -986.123352 0.999999881 0.999999881 0.999999881
v 308.202484 126.616379 105.541916 0.843814671 0.88215822 0.952150285
v 482.933685 128.660477 -355.53479 1 1 1
v -470.103882 121.114182 311.881897 1 1 1
v 566.848816 137.125351 -641.56897 0.99999994 0.983601093 0.958166122
v -554.094543 120.302551 305.136993 0.99999994 0.99999994 0.99999994
v 698.997253 123.075775 929.723022 1 1 1
v 709.662476 126.539322 455.730469 1 1 1
v 641.245239 126.129982 396.89212 1.00000012 1.00000012 1.00000012
v 679.516846 129.417526 -114.019005 1 0.891292989 0.722686231
v 875.814575 139.464508 -652.643677 1 0.866529226 0.659513235
v -515.628418 121.389557 235.670166 0.999999821 0.828312218 0.562021077
v -559.387817 121.234116 241.769272 1 1 1
v 664.685547 129.063263 -143.538956 0.99999994 0.99999994 0.99999994
v -38.9212799 120.763153 350.938446 1 0.984950364 0.961608052
v 897.263245 132.912979 -752.877319 1 1 1
v 697.896118 130.678131 -25.0389118 1 1 1
v 293.886139 127.140869 103.122833 0.999999821 0.870662272 0.670056999
v 559.511963 126.608177 156.148331 1 1 1
v 934.127258 140.765076 -797.517944 1 1 1
v 440.758636 129.807831 -438.369232 0.99999994 0.99999994 0.99999994
v 788.425903 136.345566 -464.486389 1 0.874119878 0.678877115
v 700.671692 126.562477 487.654175 0.999999881 0.999999881 0.999999881
v -913.723389 124.541862 -271.56839 1 1 1
v 710.739624 122.924629 906.62738 1 1 1
v 30.9923592 121.162865 274.35434 0.99999994 0.95754689 0.891701162
v -443.468597 121.612877 279.221069 0.999999881 0.999999881 0.999999881
v -131.313553 125.824371 -42.9927216 1 1 1
v 888.062073 139.68248 -644.118774 1 1 1
v 764.722961 127.19841 467.177643 1 1 1
v 667.436707 122.701324 930.022766 0.999999881 0.911046624 0.773078203
v -122.977829 120.049072 438.133057 0.844783843 0.808190346 0.761888266
v -286.64563 132.467743 -611.125671 0.999999881 0.999999881 0.999999881
v -190.442627 125.507599 -54.6284866 1 1 1
v 696.032104 122.842529 902.769836 1 0.806497037 0.506369948
v -363.71283 128.247116 -273.091309 1 0.938326359 0.842669368
v 714.031067 126.334793 485.955719 1 1 1
v 714.388184 124.81559 962.175964 1 1 1
v 763.311279 123.346962 877.035706 1 1 1
v 24.6687622 120.349136 322.306671 0.999999821 0.822672904 0.547635138
v -336.273132 131.17038 -538.68158 0.999999881 0.999999881 0.999999881
v -360.325714 130.358047 -526.070679 1 0.922454953 0.802181005
v 773.990906 126.441971 502.429504 1 1 1
v 736.95929 123.339737 822.197266 0.750918269 0.812067747 0.92369014
v -205.613235 125.656868 -74.5433884 1 1 1
v 700.49939 128.742371 -171.22934 1 0.945568919 0.861145258
v 596.771057 135.94252 -577.002136 1 1 1
v -553.790344 121.440865 222.394028 0.99999994 0.939715266 0.846212387
v -637.551758 127.777634 -520.543213 1 1 1
v -679.460754 114.023361 978.070984 1 1 1
v 302.510498 126.772682 93.3045349 1.00000012 1.00000012 1.00000012
v -112.591934 118.838318 814.047852 1 1 1
v -391.445129 129.020706 -408.819611 0.99999994 0.96743536 0.91692698
v 776.360046 126.456306 517.384766 0.99999994 0.99999994 0.99999994
v -150.713516 125.56852 -26.0321083 1 1 1
v 89.3416595 121.744423 302.741302 0.999999881 0.924592793 0.807634711
v 465.581696 129.696808 -320.405701 1 1 1
v -548.318054 121.25531 234.261398 1 1 1
v 532.071472 128.029343 46.3837967 1 0.856546283 0.634046674
v 763.339722 126.199417 516.266846 0.99999994 0.99999994 0.99999994
v 503.420227 132.324768 -339.190704 0.999999881 0.999999881 0.999999881
v -570.978455 121.362289 230.200653 0.99999994 0.99999994 0.99999994
v -524.917175 120.926247 250.586212 0.999999881 0.999999881 0.999999881
v 609.57312 135.380341 -458.156097 1 1 1
v -177.166946 125.658134 -76.7311401 1 0.864798605 0.655098379
v -546.244019 121.050285 248.011047 0.999999881 0.999999881 0.999999881
v 651.412109 122.618141 830.365662 0.927226543 0.94509244 0.977704823
v -449.998596 121.414215 290.540924 0.99999994 0.99999994 0.99999994
v -548.323425 120.780113 276.382904 0.99999994 0.99999994 0.99999994
v -173.562134 125.637703 -54.8460846 1 1 1
v 1013.72021 130.076294 315.03952 0.99999994 0.99999994 0.99999994
v 583.312988 135.77681 -633.608521 1 1 1
v 1003.23993 129.976776 322.846161 1 1 1
v -454.385162 121.506065 272.010315 0.999999881 0.999999881 0.999999881
v -147.930481 120.779526 451.099243 1 0.808612227 0.511766136
v -533.822266 120.358521 297.497437 0.99999994 0.99999994 0.99999994
v 553.969177 126.488609 185.212494 1.00000012 0.982220888 0.954644978
v -202.795212 125.498978 -61.7825813 1 1 1
v -422.241211 117.038666 876.779785 0.99999994 0.99999994 0.99999994
v 679.524048 140.775909 -815.297974 1 0.92492497 0.808481932
v -580.629944 121.123848 258.093872 0.999999821 0.999999821 0.999999821
v -345.102173 117.625122 880.446045 1 1 1
v 522.666931 128.106796 65.0394974 1 0.918171287 0.791253209
v 556.874207 140.236816 -808.604553 1 1 1
v 541.774353 126.351151 165.619843 1 1 1
v -511.664124 121.173615 248.122452 1 1 1
v 52.5299759 122.923561 380.509155 1 1 1
v 538.572937 132.734283 -336.110535 1 1 1
v 715.754456 139.16275 -711.194702 1 1 1
v 621.47937 122.434937 834.769653 1 1 1
v -188.492386 125.663483 -67.5504074 1 1 1
v 43.1166229 121.548553 344.406738 0.834181547 0.874890029 0.94919908
v -224.2379 125.551819 -72.7249374 1 1 1
v 547.628723 132.777115 -326.688477 0.99999994 0.99999994 0.99999994
v -347.550018 134.241699 -861.508423 1 0.849241316 0.61541152
v -563.62561 120.936478 277.510254 0.99999994 0.99999994 0.99999994
v 624.009888 140.417053 -815.92981 1.00000012 0.968835592 0.920498848
v -515.420959 120.339714 314.70108 1 1 1
v 625.329224 135.557709 -588.427307 1 1 1
v 593.675415 136.314774 -595.615234 1 1 1
v 1001.58691 130.566559 307.334045 1 1 1
v 24.4579411 119.935539 374.226196 0.698021472 0.772157133 0.907484353
v 318.081757 125.080048 794.121582 1 1 1
v -139.322662 125.692955 -32.4375648 0.999999881 0.999999881 0.999999881
v 695.224487 135.088715 -638.236267 1 1 1
v -14.9804754 122.084076 525.938538 1 1 1
v 567.632935 136.323334 -594.500977 0.99999994 0.99999994 0.99999994
v 682.449402 135.251709 -640.989197 1 1 1
v 604.211548 135.188828 -562.56366 0.999999881 0.999999881 0.999999881
v 637.577393 134.948334 -598.933105 0.99999994 0.99999994 0.99999994
v 585.854065 136.075333 -584.185303 1 1 1
v 1024.32898 130.423203 345.289246 0.999999821 0.84367305 0.601206899
v 1026.1239 130.126831 332.344757 1 1 1
v 224.786865 138.741562 -854.743958 1 0.994607449 0.986243367
v 506.532776 127.675629 -387.186737 0.999999881 0.999999881 0.999999881
v 591.143494 135.69313 -562.643555 1 1 1
v -6.56517124 123.09761 445.659271 0.999999881 0.950349808 0.873341441
v 558.427368 135.631363 -568.936218 0.99999994 0.99999994 0.99999994
v 566.6828 126.902145 136.629532 1 0.871087909 0.671142578
v 538.210938 134.842117 -576.286926 0.99999994 0.99999994 0.99999994
v 733.427368 135.384567 -481.114716 1 1 1
v -356.53598 130.470184 -504.576935 1 0.840093553 0.592075527
v 540.153442 133.271423 -393.265564 0.99999994 0.859785795 0.642310619
v 625.143066 136.26207 -642.21344 1 1 1
v 186.373154 138.343124 -844.922852 1 0.941779613 0.851478755
v 1.75410366 123.028786 435.580963 1 1 1
v -306.851746 131.900513 -609.154053 1.00000012 0.822465539 0.547106087
v 165.642487 122.465118 205.793564 0.802977741 0.753445685 0.689891875
v -554.154785 132.237473 -689.295349 1 1 1
v 709.214661 137.412582 -668.44751 1 1 1
v -349.555725 130.820496 -555.869568 1 0.9750157 0.936264634
v -341.900818 131.33638 -526.887146 1 0.993583441 0.983631134
v -693.310364 116.964256 581.774536 1 1 1
v -323.381805 131.247696 -541.52356 0.999999821 0.999999821 0.999999821
v 572.751404 126.756035 164.537384 1 1 1
v 718.817505 129.917236 -119.045105 1 1 1
v -382.03833 129.721222 -460.458191 1.00000012 0.980415881 0.9500404
v 549.589417 126.528976 147.643478 0.999999762 0.855445266 0.631237984
v 274.192932 124.87915 179.882233 0.999999881 0.978580415 0.945358098
v -479.050842 130.185349 -589.943909 1 1 1
v -701.393555 116.651794 645.673157 1 0.890922964 0.721742213
v 788.339966 133.421341 -189.896912 1 1 1
v 301.844421 124.044296 803.295288 1 1 1
v 286.79007 125.078163 165.115005 1 1 1
v 663.647339 141.547852 -826.30072 1 0.893739104 0.728926122
v -679.845459 116.711021 585.966064 1 1 1
v -671.553894 116.68396 602.156006 1 1 1
v -667.71283 116.48703 618.805054 1 1 1
v -688.866028 116.569191 631.374146 1 1 1
v 202.831238 123.868767 188.814255 0.980902731 0.985591054 0.994149148
v -657.872314 117.139725 598.245483 1 1 1
v 556.910156 128.566498 23.2709694 1 0.956583142 0.889242649
vt 0 0 0
vn 0 1 0
vn 0 1 0
vn 0 1 0
vn 0 1 0
vn 0 1 0
vn 0 1 0
vn 0 1 0
vn 0 1 0
vn 0 1 0
vn 0 1 0
vn 0 1 0
vn 0 1 0
vn 0 1 0
vn 0 1 0
vn 0 1 0
vn 0 1 0
vn 0 1 0
vn 0 1 0
vn 0 1 0
vn 0 1 0
vn 0 1 0
vn 0 1 0
vn 0 1 0
vn 0 1 0
vn 0 1 0
vn 0 1 0
vn 0 1 0
vn 0 1 0
vn 0 1 0
vn 0 1 0
vn 0 1 0
vn 0 1 0
vn 0 1 0
vn 0 1 0
vn 0 1 0
vn 0 1 0
vn 0 1 0
vn 0 1 0
vn 0 1 0
vn 0 1 0
vn 0 1 0
vn 0 1 0
vn 0 1 0
vn 0 1 0
vn 0 1 0
vn 0 1 0
vn 0 1 0
vn 0 1 0
vn 0 1 0
vn 0 1 0
vn 0 1 0
vn 0 1 0
vn 0 1 0
vn 0 1 0
vn 0 1 0
vn 0 1 0
vn 0 1 0
vn 0 1 0
vn 0 1 0
vn 0 1 0
vn 0 1 0
vn 0 1 0
vn 0 1 0
vn 0 1 0
vn 0 1 0
vn 0 1 0
vn 0 1 0
vn 0 1 0
vn 0 1 0
vn 0 1 0
vn 0 1 0
vn 0 1 0
vn 0 1 0
vn 0 1 0
vn 0 1 0
vn 0 1 0
vn 0 1 0
vn 0 1 0
vn 0 1 0
vn 0 1 0
vn 0 1 0
vn 0 1 0
vn 0 1 0
vn 0 1 0
vn 0 1 0
vn 0 1 0
vn 0 1 0
vn 0 1 0
vn 0 1 0
vn 0 1 0
vn 0 1 0
vn 0 1 0
vn 0 1 0
vn 0 1 0
vn 0 1 0
vn 0 1 0
vn 0 1 0
vn 0 1 0
vn 0 1 0
vn 0 1 0
vn 0 1 0
vn 0 1 0
vn 0 1 0
vn 0 1 0
vn 0 1 0
vn 0 1 0
vn 0 1 0
vn 0 1 0
vn 0 1 0
vn 0 1 0
vn 0 1 0
vn 0 1 0
vn 0 1 0
vn 0 1 0
vn 0 1 0
vn 0 1 0
vn 0 1 0
vn 0 1 0
vn 0 1 0
vn 0 1 0
vn 0 1 0
vn 0 1 0
vn 0 1 0
vn 0 1 0
vn 0 1 0
vn 0 1 0
vn 0 1 0
vn 0 1 0
vn 0 1 0
vn 0 1 0
vn 0 1 0
vn 0 1 0
vn 0 1 0
vn 0 1 0
vn 0 1 0
vn 0 1 0
vn 0 1 0
vn 0 1 0
vn 0 1 0
vn 0 1 0
vn 0 1 0
vn 0 1 0
vn 0 1 0
vn 0 1 0
vn 0 1 0
vn 0 1 0
vn 0 1 0
vn 0 1 0
vn 0 1 0
vn 0 1 0
vn 0 1 0
vn 0 1 0
vn 0 1 0
vn 0 1 0
vn 0 1 0
vn 0 1 0
vn 0 1 0
vn 0 1 0
vn 0 1 0
vn 0 1 0
vn 0 1 0
vn 0 1 0
vn 0 1 0
vn 0 1 0
vn 0 1 0
vn 0 1 0
vn 0 1 0
vn 0 1 0
vn 0 1 0
vn 0 1 0
vn 0 1 0
vn 0 1 0
vn 0 1 0
vn 0 1 0
vn 0 1 0
vn 0 1 0
vn 0 1 0
vn 0 1 0
vn 0 1 0
vn 0 1 0
vn 0 1 0
vn 0 1 0
vn 0 1 0
vn 0 1 0
vn 0 1 0
vn 0 1 0
vn 0 1 0
vn 0 1 0
vn 0 1 0
vn 0 1 0
vn 0 1 0
vn 0 1 0
vn 0 1 0
vn 0 1 0
vn 0 1 0
vn 0 1 0
vn 0 1 0
vn 0 1 0
vn 0 1 0
vn 0 1 0
vn 0 1 0
vn 0 1 0
vn 0 1 0
vn 0 1 0
vn 0 1 0
vn 0 1 0
vn 0 1 0
vn 0 1 0
vn 0 1 0
vn 0 1 0
vn 0 1 0
vn 0 1 0
vn 0 1 0
vn 0 1 0
vn 0 1 0
vn 0 1 0
vn 0 1 0
vn 0 1 0
vn 0 1 0
vn 0 1 0
vn 0 1 0
vn 0 1 0
vn 0 1 0
vn 0 1 0
vn 0 1 0
vn 0 1 0
vn 0 1 0
vn 0 1 0
vn 0 1 0
vn 0 1 0
vn 0 1 0
vn 0 1 0
vn 0 1 0
vn 0 1 0
vn 0 1 0
vn 0 1 0
vn 0 1 0
vn 0 1 0
vn 0 1 0
vn 0 1 0
vn 0 1 0
vn 0 1 0
vn 0 1 0
vn 0 1 0
vn 0 1 0
vn 0 1 0
vn 0 1 0
vn 0 1 0
vn 0 1 0
vn 0 1 0
vn 0 1 0
vn 0 1 0
vn 0 1 0
vn 0 1 0
vn 0 1 0
vn 0 1 0
vn 0 1 0
vn 0 1 0
vn 0 1 0
vn 0 1 0
vn 0 1 0
vn 0 1 0
vn 0 1 0
vn 0 1 0
vn 0 1 0
vn 0 1 0
vn 0 1 0
vn 0 1 0
vn 0 1 0
vn 0 1 0
vn 0 1 0
vn 0 1 0
vn 0 1 0
vn 0 1 0
vn 0 1 0
vn 0 1 0
vn 0 1 0
vn 0 1 0
vn 0 1 0
vn 0 1 0
vn 0 1 0
vn 0 1 0
vn 0 1 0
vn 0 1 0
vn 0 1 0
vn 0 1 0
vn 0 1 0
vn 0 1 0
vn 0 1 0
vn 0 1 0
vn 0 1 0
vn 0 1 0
vn 0 1 0
vn 0 1 0
vn 0 1 0
vn 0 1 0
vn 0 1 0
vn 0 1 0
vn 0 1 0
vn 0 1 0
vn 0 1 0
vn 0 1 0
vn 0 1 0
vn 0 1 0
vn 0 1 0
vn 0 1 0
vn 0 1 0
vn 0 1 0
vn 0 1 0
vn 0 1 0
vn 0 1 0
vn 0 1 0
vn 0 1 0
vn 0 1 0
vn 0 1 0
vn 0 1 0
vn 0 1 0
vn 0 1 0
vn 0 1 0
vn 0 1 0
vn 0 1 0
vn 0 1 0
vn 0 1 0
vn 0 1 0
vn 0 1 0
vn 0 1 0
vn 0 1 0
vn 0 1 0
vn 0 1 0
vn 0 1 0
vn 0 1 0
vn 0 1 0
vn 0 1 0
vn 0 1 0
vn 0 1 0
vn 0 1 0
vn 0 1 0
vn 0 1 0
vn 0 1 0
vn 0 1 0
vn 0 1 0
vn 0 1 0
vn 0 1 0
vn 0 1 0
vn 0 1 0
vn 0 1 0
vn 0 1 0
vn 0 1 0
vn 0 1 0
vn 0 1 0
vn 0 1 0
vn 0 1 0
vn 0 1 0
vn 0 1 0
vn 0 1 0
vn 0 1 0
vn 0 1 0
vn 0 1 0
vn 0 1 0
vn 0 1 0
vn 0 1 0
vn 0 1 0
vn 0 1 0
vn 0 1 0
vn 0 1 0
vn 0 1 0
vn 0 1 0
vn 0 1 0
vn 0 1 0
vn 0 1 0
vn 0 1 0
vn 0 1 0
vn 0 1 0
vn 0 1 0
vn 0 1 0
vn 0 1 0
vn 0 1 0
vn 0 1 0
vn 0 1 0
vn 0 1 0
vn 0 1 0
vn 0 1 0
vn 0 1 0
vn 0 1 0
vn 0 1 0
vn 0 1 0
vn 0 1 0
vn 0 1 0
vn 0 1 0
vn 0 1 0
vn 0 1 0
vn 0 1 0
vn 0 1 0
vn 0 1 0
vn 0 1 0
vn 0 1 0
vn 0 1 0
vn 0 1 0
vn 0 1 0
vn 0 1 0
vn 0 1 0
vn 0 1 0
vn 0 1 0
vn 0 1 0
vn 0 1 0
vn 0 1 0
vn 0 1 0
vn 0 1 0
vn 0 1 0
vn 0 1 0
vn 0 1 0
vn 0 1 0
vn 0 1 0
vn 0 1 0
vn 0 1 0
vn 0 1 0
vn 0 1 0
vn 0 1 0
vn 0 1 0
vn 0 1 0
vn 0 1 0
vn 0 1 0
vn 0 1 0
vn 0 1 0
vn 0 1 0
vn 0 1 0
vn 0 1 0
vn 0 1 0
vn 0 1 0
vn 0 1 0
vn 0 1 0
vn 0 1 0
vn 0 1 0
vn 0 1 0
vn 0 1 0
vn 0 1 0
vn 0 1 0
vn 0 1 0
vn 0 1 0
vn 0 1 0
vn 0 1 0
vn 0 1 0
vn 0 1 0
vn 0 1 0
vn 0 1 0
vn 0 1 0
vn 0 1 0
vn 0 1 0
vn 0 1 0
vn 0 1 0
vn 0 1 0
vn 0 1 0
vn 0 1 0
vn 0 1 0
vn 0 1 0
vn 0 1 0
vn 0 1 0
vn 0 1 0
vn 0 1 0
vn 0 1 0
vn 0 1 0
vn 0 1 0
vn 0 1 0
vn 0 1 0
vn 0 1 0
vn 0 1 0
vn 0 1 0
vn 0 1 0
vn 0 1 0
vn 0 1 0
vn 0 1 0
vn 0 1 0
vn 0 1 0
vn 0 1 0
vn 0 1 0
vn 0 1 0
vn 0 1 0
vn 0 1 0
vn 0 1 0
vn 0 1 0
vn 0 1 0
vn 0 1 0
vn 0 1 0
vn 0 1 0
vn 0 1 0
vn 0 1 0
vn 0 1 0
vn 0 1 0
vn 0 1 0
vn 0 1 0
vn 0 1 0
vn 0 1 0
vn 0 1 0
vn 0 1 0
vn 0 1 0
vn 0 1 0
vn 0 1 0
vn 0 1 0
vn 0 1 0
vn 0 1 0
vn 0 1 0
vn 0 1 0
vn 0 1 0
vn 0 1 0
vn 0 1 0
vn 0 1 0
vn 0 1 0
vn 0 1 0
vn 0 1 0
vn 0 1 0
vn 0 1 0
vn 0 1 0
vn 0 1 0
vn 0 1 0
vn 0 1 0
vn 0 1 0
vn 0 1 0
vn 0 1 0
vn 0 1 0
vn 0 1 0
vn 0 1 0
vn 0 1 0
vn 0 1 0
vn 0 1 0
vn 0 1 0
vn 0 1 0
vn 0 1 0
vn 0 1 0
vn 0 1 0
vn 0 1 0
vn 0 1 0
vn 0 1 0
vn 0 1 0
vn 0 1 0
vn 0 1 0
vn 0 1 0
vn 0 1 0
vn 0 1 0
vn 0 1 0
vn 0 1 0
vn 0 1 0
vn 0 1 0
vn 0 1 0
vn 0 1 0
vn 0 1 0
vn 0 1 0
vn 0 1 0
vn 0 1 0
vn 0 1 0
vn 0 1 0
vn 0 1 0
vn 0 1 0
vn 0 1 0
vn 0 1 0
vn 0 1 0
vn 0 1 0
vn 0 1 0
vn 0 1 0
vn 0 1 0
vn 0 1 0
vn 0 1 0
vn 0 1 0
vn 0 1 0
vn 0 1 0
vn 0 1 0
vn 0 1 0
vn 0 1 0
vn 0 1 0
vn 0 1 0
vn 0 1 0
vn 0 1 0
vn 0 1 0
vn 0 1 0
vn 0 1 0
vn 0 1 0
vn 0 1 0
vn 0 1 0
vn 0 1 0
vn 0 1 0
vn 0 1 0
vn 0 1 0
vn 0 1 0
vn 0 1 0
vn 0 1 0
vn 0 1 0
vn 0 1 0
vn 0 1 0
vn 0 1 0
vn 0 1 0
vn 0 1 0
vn 0 1 0
vn 0 1 0
vn 0 1 0
vn 0 1 0
vn 0 1 0
vn 0 1 0
vn 0 1 0
vn 0 1 0
vn 0 1 0
vn 0 1 0
vn 0 1 0
vn 0 1 0
vn 0 1 0
vn 0 1 0
vn 0 1 0
vn 0 1 0
vn 0 1 0
vn 0 1 0
vn 0 1 0
vn 0 1 0
vn 0 1 0
vn 0 1 0
vn 0 1 0
vn 0 1 0
vn 0 1 0
vn 0 1 0
vn 0 1 0
vn 0 1 0
vn 0 1 0
vn 0 1 0
vn 0 1 0
vn 0 1 0
vn 0 1 0
vn 0 1 0
vn 0 1 0
vn 0 1 0
vn 0 1 0
vn 0 1 0
vn 0 1 0
vn 0 1 0
vn 0 1 0
vn 0 1 0
vn 0 1 0
vn 0 1 0
vn 0 1 0
vn 0 1 0
vn 0 1 0
vn 0 1 0
vn 0 1 0
vn 0 1 0
vn 0 1 0
vn 0 1 0
vn 0 1 0
vn 0 1 0
vn 0 1 0
vn 0 1 0
vn 0 1 0
vn 0 1 0
vn 0 1 0
vn 0 1 0
vn 0 1 0
vn 0 1 0
vn 0 1 0
vn 0 1 0
vn 0 1 0
vn 0 1 0
vn 0 1 0
vn 0 1 0
vn 0 1 0
vn 0 1 0
vn 0 1 0
vn 0 1 0
vn 0 1 0
vn 0 1 0
vn 0 1 0
vn 0 1 0
vn 0 1 0
vn 0 1 0
vn 0 1 0
vn 0 1 0
vn 0 1 0
vn 0 1 0
vn 0 1 0
vn 0 1 0
vn 0 1 0
vn 0 1 0
vn 0 1 0
vn 0 1 0
vn 0 1 0
vn 0 1 0
vn 0 1 0
vn 0 1 0
vn 0 1 0
vn 0 1 0
vn 0 1 0
vn 0 1 0
vn 0 1 0
vn 0 1 0
vn 0 1 0
vn 0 1 0
vn 0 1 0
vn 0 1 0
vn 0 1 0
vn 0 1 0
vn 0 1 0
vn 0 1 0
vn 0 1 0
vn 0 1 0
vn 0 1 0
vn 0 1 0
vn 0 1 0
vn 0 1 0
vn 0 1 0
vn 0 1 0
vn 0 1 0
vn 0 1 0
vn 0 1 0
vn 0 1 0
vn 0 1 0
vn 0 1 0
vn 0 1 0
vn 0 1 0
vn 0 1 0
vn 0 1 0
vn 0 1 0
vn 0 1 0
vn 0 1 0
vn 0 1 0
vn 0 1 0
vn 0 1 0
vn 0 1 0
vn 0 1 0
vn 0 1 0
vn 0 1 0
vn 0 1 0
vn 0 1 0
vn 0 1 0
vn 0 1 0
vn 0 1 0
vn 0 1 0
vn 0 1 0
vn 0 1 0
vn 0 1 0
vn 0 1 0
vn 0 1 0
vn 0 1 0
vn 0 1 0
vn 0 1 0
vn 0 1 0
vn 0 1 0
vn 0 1 0
vn 0 1 0
vn 0 1 0
vn 0 1 0
vn 0 1 0
vn 0 1 0
vn 0 1 0
vn 0 1 0
vn 0 1 0
vn 0 1 0
vn 0 1 0
vn 0 1 0
vn 0 1 0
vn 0 1 0
vn 0 1 0
vn 0 1 0
vn 0 1 0
vn 0 1 0
vn 0 1 0
vn 0 1 0
vn 0 1 0
vn 0 1 0
vn 0 1 0
vn 0 1 0
vn 0 1 0
vn 0 1 0
vn 0 1 0
vn 0 1 0
vn 0 1 0
vn 0 1 0
vn 0 1 0
vn 0 1 0
vn 0 1 0
vn 0 1 0
vn 0 1 0
vn 0 1 0
vn 0 1 0
vn 0 1 0
vn 0 1 0
vn 0 1 0
vn 0 1 0
vn 0 1 0
vn 0 1 0
vn 0 1 0
vn 0 1 0
vn 0 1 0
vn 0 1 0
vn 0 1 0
vn 0 1 0
vn 0 1 0
vn 0 1 0
vn 0 1 0
vn 0 1 0
vn 0 1 0
vn 0 1 0
vn 0 1 0
vn 0 1 0
vn 0 1 0
vn 0 1 0
vn 0 1 0
vn 0 1 0
vn 0 1 0
vn 0 1 0
vn 0 1 0
vn 0 1 0
vn 0 1 0
vn 0 1 0
vn 0 1 0
vn 0 1 0
vn 0 1 0
vn 0 1 0
vn 0 1 0
vn 0 1 0
vn 0 1 0
vn 0 1 0
vn 0 1 0
vn 0 1 0
vn 0 1 0
vn 0 1 0
vn 0 1 0
vn 0 1 0
vn 0 1 0
vn 0 1 0
vn 0 1 0
vn 0 1 0
vn 0 1 0
vn 0 1 0
vn 0 1 0
vn 0 1 0
vn 0 1 0
vn 0 1 0
vn 0 1 0
vn 0 1 0
vn 0 1 0
vn 0 1 0
vn 0 1 0
vn 0 1 0
vn 0 1 0
vn 0 1 0
vn 0 1 0
vn 0 1 0
vn 0 1 0
vn 0 1 0
vn 0 1 0
vn 0 1 0
vn 0 1 0
vn 0 1 0
vn 0 1 0
vn 0 1 0
vn 0 1 0
vn 0 1 0
vn 0 1 0
vn 0 1 0
vn 0 1 0
vn 0 1 0
vn 0 1 0
vn 0 1 0
vn 0 1 0
vn 0 1 0
vn 0 1 0
vn 0 1 0
vn 0 1 0
vn 0 1 0
vn 0 1 0
vn 0 1 0
vn 0 1 0
vn 0 1 0
vn 0 1 0
vn 0 1 0
vn 0 1 0
vn 0 1 0
vn 0 1 0
vn 0 1 0
vn 0 1 0
vn 0 1 0
vn 0 1 0
vn 0 1 0
vn 0 1 0
vn 0 1 0
vn 0 1 0
vn 0 1 0
vn 0 1 0
vn 0 1 0
vn 0 1 0
vn 0 1 0
vn 0 1 0
vn 0 1 0
vn 0 1 0
vn 0 1 0
vn 0 1 0
vn 0 1 0
vn 0 1 0
vn 0 1 0
vn 0 1 0
vn 0 1 0
vn 0 1 0
vn 0 1 0
vn 0 1 0
vn 0 1 0
vn 0 1 0
vn 0 1 0
vn 0 1 0
vn 0 1 0
vn 0 1 0
vn 0 1 0
vn 0 1 0
vn 0 1 0
vn 0 1 0
vn 0 1 0
vn 0 1 0
vn 0 1 0
vn 0 1 0
vn 0 1 0
vn 0 1 0
vn 0 1 0
vn 0 1 0
vn 0 1 0
vn 0 1 0
vn 0 1 0
vn 0 1 0
vn 0 1 0
vn 0 1 0
vn 0 1 0
vn 0 1 0
vn 0 1 0
vn 0 1 0
vn 0 1 0
vn 0 1 0
vn 0 1 0
vn 0 1 0
vn 0 1 0
vn 0 1 0
vn 0 1 0
vn 0 1 0
vn 0 1 0
vn 0 1 0
vn 0 1 0
vn 0 1 0
vn 0 1 0
vn 0 1 0
vn 0 1 0
vn 0 1 0
vn 0 1 0
vn 0 1 0
vn 0 1 0
vn 0 1 0
vn 0 1 0
vn 0 1 0
vn 0 1 0
vn 0 1 0
vn 0 1 0
vn 0 1 0
vn 0 1 0
vn 0 1 0
vn 0 1 0
vn 0 1 0
vn 0 1 0
vn 0 1 0
vn 0 1 0
vn 0 1 0
vn 0 1 0
vn 0 1 0
vn 0 1 0
vn 0 1 0
vn 0 1 0
vn 0 1 0
vn 0 1 0
vn 0 1 0
vn 0 1 0
vn 0 1 0
vn 0 1 0
vn 0 1 0
vn 0 1 0
vn 0 1 0
vn 0 1 0
vn 0 1 0
vn 0 1 0
vn 0 1 0
vn 0 1 0
vn 0 1 0
vn 0 1 0
vn 0 1 0
vn 0 1 0
vn 0 1 0
vn 0 1 0
vn 0 1 0
vn 0 1 0
vn 0 1 0
vn 0 1 0
vn 0 1 0
vn 0 1 0
vn 0 1 0
vn 0 1 0
vn 0 1 0
vn 0 1 0
vn 0 1 0
vn 0 1 0
vn 0 1 0
vn 0 1 0
vn 0 1 0
vn 0 1 0
vn 0 1 0
vn 0 1 0
vn 0 1 0
vn 0 1 0
vn 0 1 0
vn 0 1 0
vn 0 1 0
vn 0 1 0
vn 0 1 0
vn 0 1 0
vn 0 1 0
vn 0 1 0
vn 0 1 0
vn 0 1 0
vn 0 1 0
vn 0 1 0
vn 0 1 0
vn 0 1 0
vn 0 1 0
vn 0 1 0
vn 0 1 0
vn 0 1 0
vn 0 1 0
vn 0 1 0
vn 0 1 0
vn 0 1 0
vn 0 1 0
vn 0 1 0
vn 0 1 0
vn 0 1 0
vn 0 1 0
vn 0 1 0
vn 0 1 0
vn 0 1 0
vn 0 1 0
vn 0 1 0
vn 0 1 0
vn 0 1 0
vn 0 1 0
vn 0 1 0
vn 0 1 0
vn 0 1 0
vn 0 1 0
vn 0 1 0
vn 0 1 0
vn 0 1 0
vn 0 1 0
vn 0 1 0
vn 0 1 0
vn 0 1 0
vn 0 1 0
vn 0 1 0
vn 0 1 0
vn 0 1 0
vn 0 1 0
vn 0 1 0
vn 0 1 0
vn 0 1 0
vn 0 1 0
vn 0 1 0
vn 0 1 0
vn 0 1 0
vn 0 1 0
vn 0 1 0
vn 0 1 0
vn 0 1 0
vn 0 1 0
vn 0 1 0
vn 0 1 0
vn 0 1 0
vn 0 1 0
vn 0 1 0
vn 0 1 0
vn 0 1 0
vn 0 1 0
vn 0 1 0
vn 0 1 0
vn 0 1 0
vn 0 1 0
vn 0 1 0
vn 0 1 0
vn 0 1 0
vn 0 1 0
vn 0 1 0
vn 0 1 0
vn 0 1 0
vn 0 1 0
vn 0 1 0
vn 0 1 0
vn 0 1 0
vn 0 1 0
vn 0 1 0
vn 0 1 0
vn 0 1 0
vn 0 1 0
vn 0 1 0
vn 0 1 0
vn 0 1 0
vn 0 1 0
vn 0 1 0
vn 0 1 0
vn 0 1 0
vn 0 1 0
vn 0 1 0
vn 0 1 0
vn 0 1 0
vn 0 1 0
vn 0 1 0
vn 0 1 0
vn 0 1 0
vn 0 1 0
vn 0 1 0
vn 0 1 0
vn 0 1 0
vn 0 1 0
vn 0 1 0
vn 0 1 0
vn 0 1 0
vn 0 1 0
vn 0 1 0
vn 0 1 0
vn 0 1 0
vn 0 1 0
vn 0 1 0
vn 0 1 0
vn 0 1 0
vn 0 1 0
vn 0 1 0
vn 0 1 0
vn 0 1 0
vn 0 1 0
vn 0 1 0
vn 0 1 0
vn 0 1 0
vn 0 1 0
vn 0 1 0
vn 0 1 0
vn 0 1 0
vn 0 1 0
vn 0 1 0
vn 0 1 0
vn 0 1 0
vn 0 1 0
vn 0 1 0
vn 0 1 0
vn 0 1 0
vn 0 1 0
vn 0 1 0
vn 0 1 0
vn 0 1 0
vn 0 1 0
vn 0 1 0
vn 0 1 0
vn 0 1 0
vn 0 1 0
vn 0 1 0
vn 0 1 0
vn 0 1 0
vn 0 1 0
vn 0 1 0
vn 0 1 0
vn 0 1 0
vn 0 1 0
vn 0 1 0
vn 0 1 0
vn 0 1 0
vn 0 1 0
vn 0 1 0
vn 0 1 0
vn 0 1 0
vn 0 1 0
vn 0 1 0
vn 0 1 0
vn 0 1 0
vn 0 1 0
vn 0 1 0
vn 0 1 0
vn 0 1 0
vn 0 1 0
vn 0 1 0
vn 0 1 0
vn 0 1 0
vn 0 1 0
vn 0 1 0
vn 0 1 0
vn 0 1 0
vn 0 1 0
vn 0 1 0
vn 0 1 0
vn 0 1 0
vn 0 1 0
vn 0 1 0
vn 0 1 0
vn 0 1 0
vn 0 1 0
vn 0 1 0
vn 0 1 0
vn 0 1 0
vn 0 1 0
vn 0 1 0
vn 0 1 0
vn 0 1 0
vn 0 1 0
vn 0 1 0
vn 0 1 0
vn 0 1 0
vn 0 1 0
vn 0 1 0
vn 0 1 0
vn 0 1 0
vn 0 1 0
vn 0 1 0
vn 0 1 0
vn 0 1 0
vn 0 1 0
vn 0 1 0
vn 0 1 0
vn 0 1 0
vn 0 1 0
vn 0 1 0
vn 0 1 0
vn 0 1 0
vn 0 1 0
vn 0 1 0
vn 0 1 0
vn 0 1 0
vn 0 1 0
vn 0 1 0
vn 0 1 0
vn 0 1 0
vn 0 1 0
vn 0 1 0
vn 0 1 0
vn 0 1 0
vn 0 1 0
vn 0 1 0
vn 0 1 0
vn 0 1 0
vn 0 1 0
vn 0 1 0
vn 0 1 0
vn 0 1 0
vn 0 1 0
vn 0 1 0
vn 0 1 0
vn 0 1 0
vn 0 1 0
vn 0 1 0
vn 0 1 0
vn 0 1 0
vn 0 1 0
vn 0 1 0
vn 0 1 0
vn 0 1 0
vn 0 1 0
vn 0 1 0
vn 0 1 0
vn 0 1 0
vn 0 1 0
vn 0 1 0
vn 0 1 0
vn 0 1 0
vn 0 1 0
vn 0 1 0
vn 0 1 0
vn 0 1 0
vn 0 1 0
vn 0 1 0
vn 0 1 0
vn 0 1 0
vn 0 1 0
vn 0 1 0
vn 0 1 0
vn 0 1 0
vn 0 1 0
vn 0 1 0
vn 0 1 0
vn 0 1 0
vn 0 1 0
vn 0 1 0
vn 0 1 0
vn 0 1 0
vn 0 1 0
vn 0 1 0
vn 0 1 0
vn 0 1 0
vn 0 1 0
vn 0 1 0
vn 0 1 0
vn 0 1 0
vn 0 1 0
vn 0 1 0
vn 0 1 0
vn 0 1 0
vn 0 1 0
vn 0 1 0
vn 0 1 0
vn 0 1 0
vn 0 1 0
vn 0 1 0
vn 0 1 0
vn 0 1 0
vn 0 1 0
vn 0 1 0
vn 0 1 0
vn 0 1 0
vn 0 1 0
vn 0 1 0
vn 0 1 0
vn 0 1 0
vn 0 1 0
vn 0 1 0
vn 0 1 0
vn 0 1 0
vn 0 1 0
vn 0 1 0
vn 0 1 0
vn 0 1 0
vn 0 1 0
vn 0 1 0
vn 0 1 0
vn 0 1 0
vn 0 1 0
vn 0 1 0
vn 0 1 0
vn 0 1 0
vn 0 1 0
vn 0 1 0
vn 0 1 0
vn 0 1 0
vn 0 1 0
vn 0 1 0
vn 0 1 0
vn 0 1 0
vn 0 1 0
vn 0 1 0
vn 0 1 0
vn 0 1 0
vn 0 1 0
vn 0 1 0
vn 0 1 0
vn 0 1 0
vn 0 1 0
vn 0 1 0
vn 0 1 0
vn 0 1 0
vn 0 1 0
vn 0 1 0
vn 0 1 0
vn 0 1 0
vn 0 1 0
vn 0 1 0
vn 0 1 0
vn 0 1 0
vn 0 1 0
vn 0 1 0
vn 0 1 0
vn 0 1 0
vn 0 1 0
vn 0 1 0
vn 0 1 0
vn 0 1 0
vn 0 1 0
vn 0 1 0
vn 0 1 0
vn 0 1 0
vn 0 1 0
vn 0 1 0
vn 0 1 0
vn 0 1 0
vn 0 1 0
vn 0 1 0
vn 0 1 0
vn 0 1 0
vn 0 1 0
vn 0 1 0
vn 0 1 0
vn 0 1 0
vn 0 1 0
vn 0 1 0
vn 0 1 0
vn 0 1 0
vn 0 1 0
vn 0 1 0
vn 0 1 0
vn 0 1 0
vn 0 1 0
vn 0 1 0
vn 0 1 0
vn 0 1 0
vn 0 1 0
vn 0 1 0
vn 0 1 0
vn 0 1 0
vn 0 1 0
vn 0 1 0
vn 0 1 0
vn 0 1 0
vn 0 1 0
vn 0 1 0
vn 0 1 0
vn 0 1 0
vn 0 1 0
vn 0 1 0
vn 0 1 0
vn 0 1 0
vn 0 1 0
vn 0 1 0
vn 0 1 0
vn 0 1 0
vn 0 1 0
vn 0 1 0
vn 0 1 0
vn 0 1 0
vn 0 1 0
vn 0 1 0
vn 0 1 0
vn 0 1 0
vn 0 1 0
vn 0 1 0
vn 0 1 0
vn 0 1 0
vn 0 1 0
vn 0 1 0
vn 0 1 0
vn 0 1 0
vn 0 1 0
vn 0 1 0
vn 0 1 0
vn 0 1 0
vn 0 1 0
vn 0 1 0
vn 0 1 0
vn 0 1 0
vn 0 1 0
vn 0 1 0
vn 0 1 0
vn 0 1 0
vn 0 1 0
vn 0 1 0
vn 0 1 0
vn 0 1 0
vn 0 1 0
vn 0 1 0
vn 0 1 0
vn 0 1 0
vn 0 1 0
vn 0 1 0
vn 0 1 0
vn 0 1 0
vn 0 1 0
vn 0 1 0
vn 0 1 0
vn 0 1 0
vn 0 1 0
vn 0 1 0
vn 0 1 0
vn 0 1 0
vn 0 1 0
vn 0 1 0
vn 0 1 0
vn 0 1 0
vn 0 1 0
vn 0 1 0
vn 0 1 0
vn 0 1 0
vn 0 1 0
vn 0 1 0
vn 0 1 0
vn 0 1 0
vn 0 1 0
vn 0 1 0
vn 0 1 0
vn 0 1 0
vn 0 1 0
vn 0 1 0
vn 0 1 0
vn 0 1 0
vn 0 1 0
vn 0 1 0
vn 0 1 0
vn 0 1 0
vn 0 1 0
vn 0 1 0
vn 0 1 0
vn 0 1 0
vn 0 1 0
vn 0 1 0
vn 0 1 0
vn 0 1 0
vn 0 1 0
vn 0 1 0
vn 0 1 0
vn 0 1 0
vn 0 1 0
vn 0 1 0
vn 0 1 0
vn 0 1 0
vn 0 1 0
vn 0 1 0
vn 0 1 0
vn 0 1 0
vn 0 1 0
vn 0 1 0
vn 0 1 0
vn 0 1 0
vn 0 1 0
vn 0 1 0
vn 0 1 0
vn 0 1 0
vn 0 1 0
vn 0 1 0
vn 0 1 0
vn 0 1 0
vn 0 1 0
vn 0 1 0
vn 0 1 0
vn 0 1 0
vn 0 1 0
vn 0 1 0
vn 0 1 0
vn 0 1 0
vn 0 1 0
vn 0 1 0
vn 0 1 0
vn 0 1 0
vn 0 1 0
vn 0 1 0
vn 0 1 0
vn 0 1 0
vn 0 1 0
vn 0 1 0
vn 0 1 0
vn 0 1 0
vn 0 1 0
vn 0 1 0
vn 0 1 0
vn 0 1 0
vn 0 1 0
vn 0 1 0
vn 0 1 0
vn 0 1 0
vn 0 1 0
vn 0 1 0
vn 0 1 0
vn 0 1 0
vn 0 1 0
vn 0 1 0
vn 0 1 0
vn 0 1 0
vn 0 1 0
vn 0 1 0
vn 0 1 0
vn 0 1 0
vn 0 1 0
vn 0 1 0
vn 0 1 0
vn 0 1 0
vn 0 1 0
vn 0 1 0
vn 0 1 0
vn 0 1 0
vn 0 1 0
vn 0 1 0
vn 0 1 0
vn 0 1 0
vn 0 1 0
vn 0 1 0
vn 0 1 0
vn 0 1 0
vn 0 1 0
vn 0 1 0
vn 0 1 0
vn 0 1 0
vn 0 1 0
vn 0 1 0
vn 0 1 0
vn 0 1 0
vn 0 1 0
vn 0 1 0
vn 0 1 0
vn 0 1 0
vn 0 1 0
vn 0 1 0
vn 0 1 0
vn 0 1 0
vn 0 1 0
vn 0 1 0
vn 0 1 0
vn 0 1 0
vn 0 1 0
vn 0 1 0
vn 0 1 0
vn 0 1 0
vn 0 1 0
vn 0 1 0
vn 0 1 0
vn 0 1 0
vn 0 1 0
vn 0 1 0
vn 0 1 0
vn 0 1 0
vn 0 1 0
vn 0 1 0
vn 0 1 0
vn 0 1 0
vn 0 1 0
vn 0 1 0
vn 0 1 0
vn 0 1 0
vn 0 1 0
vn 0 1 0
vn 0 1 0
vn 0 1 0
vn 0 1 0
vn 0 1 0
vn 0 1 0
vn 0 1 0
vn 0 1 0
vn 0 1 0
vn 0 1 0
vn 0 1 0
vn 0 1 0
vn 0 1 0
vn 0 1 0
vn 0 1 0
vn 0 1 0
vn 0 1 0
vn 0 1 0
vn 0 1 0
vn 0 1 0
vn 0 1 0
vn 0 1 0
vn 0 1 0
vn 0 1 0
vn 0 1 0
vn 0 1 0
vn 0 1 0
vn 0 1 0
vn 0 1 0
vn 0 1 0
vn 0 1 0
vn 0 1 0
vn 0 1 0
vn 0 1 0
vn 0 1 0
vn 0 1 0
vn 0 1 0
vn 0 1 0
vn 0 1 0
vn 0 1 0
vn 0 1 0
vn 0 1 0
vn 0 1 0
vn 0 1 0
vn 0 1 0
vn 0 1 0
vn 0 1 0
vn 0 1 0
vn 0 1 0
vn 0 1 0
vn 0 1 0
vn 0 1 0
vn 0 1 0
vn 0 1 0
vn 0 1 0
vn 0 1 0
vn 0 1 0
vn 0 1 0
vn 0 1 0
vn 0 1 0
vn 0 1 0
vn 0 1 0
vn 0 1 0
vn 0 1 0
vn 0 1 0
vn 0 1 0
vn 0 1 0
vn 0 1 0
vn 0 1 0
vn 0 1 0
vn 0 1 0
vn 0 1 0
vn 0 1 0
vn 0 1 0
vn 0 1 0
vn 0 1 0
vn 0 1 0
vn 0 1 0
vn 0 1 0
vn 0 1 0
vn 0 1 0
vn 0 1 0
vn 0 1 0
vn 0 1 0
vn 0 1 0
vn 0 1 0
vn 0 1 0
vn 0 1 0
vn 0 1 0
vn 0 1 0
vn 0 1 0
vn 0 1 0
vn 0 1 0
vn 0 1 0
vn 0 1 0
vn 0 1 0
vn 0 1 0
vn 0 1 0
vn 0 1 0
vn 0 1 0
vn 0 1 0
vn 0 1 0
vn 0 1 0
vn 0 1 0
vn 0 1 0
vn 0 1 0
vn 0 1 0
vn 0 1 0
vn 0 1 0
vn 0 1 0
vn 0 1 0
vn 0 1 0
vn 0 1 0
vn 0 1 0
vn 0 1 0
vn 0 1 0
vn 0 1 0
vn 0 1 0
vn 0 1 0
vn 0 1 0
vn 0 1 0
vn 0 1 0
vn 0 1 0
vn 0 1 0
vn 0 1 0
vn 0 1 0
vn 0 1 0
vn 0 1 0
vn 0 1 0
vn 0 1 0
vn 0 1 0
vn 0 1 0
vn 0 1 0
vn 0 1 0
vn 0 1 0
vn 0 1 0
vn 0 1 0
vn 0 1 0
vn 0 1 0
vn 0 1 0
vn 0 1 0
vn 0 1 0
vn 0 1 0
vn 0 1 0
vn 0 1 0
vn 0 1 0
vn 0 1 0
vn 0 1 0
vn 0 1 0
vn 0 1 0
vn 0 1 0
vn 0 1 0
vn 0 1 0
vn 0 1 0
vn 0 1 0
vn 0 1 0
vn 0 1 0
vn 0 1 0
vn 0 1 0
vn 0 1 0
vn 0 1 0
vn 0 1 0
vn 0 1 0
vn 0 1 0
vn 0 1 0
vn 0 1 0
vn 0 1 0
vn 0 1 0
vn 0 1 0
vn 0 1 0
vn 0 1 0
vn 0 1 0
vn 0 1 0
vn 0 1 0
vn 0 1 0
vn 0 1 0
vn 0 1 0
vn 0 1 0
vn 0 1 0
vn 0 1 0
vn 0 1 0
vn 0 1 0
vn 0 1 0
vn 0 1 0
vn 0 1 0
vn 0 1 0
vn 0 1 0
vn 0 1 0
vn 0 1 0
vn 0 1 0
vn 0 1 0
vn 0 1 0
vn 0 1 0
vn 0 1 0
vn 0 1 0
vn 0 1 0
vn 0 1 0
vn 0 1 0
vn 0 1 0
vn 0 1 0
vn 0 1 0
vn 0 1 0
vn 0 1 0
vn 0 1 0
vn 0 1 0
vn 0 1 0
vn 0 1 0
vn 0 1 0
vn 0 1 0
vn 0 1 0
vn 0 1 0
vn 0 1 0
vn 0 1 0
vn 0 1 0
vn 0 1 0
vn 0 1 0
vn 0 1 0
vn 0 1 0
vn 0 1 0
vn 0 1 0
vn 0 1 0
vn 0 1 0
vn 0 1 0
vn 0 1 0
vn 0 1 0
vn 0 1 0
vn 0 1 0
vn 0 1 0
vn 0 1 0
vn 0 1 0
vn 0 1 0
vn 0 1 0
vn 0 1 0
vn 0 1 0
vn 0 1 0
vn 0 1 0
vn 0 1 0
vn 0 1 0
vn 0 1 0
vn 0 1 0
vn 0 1 0
vn 0 1 0
vn 0 1 0
vn 0 1 0
vn 0 1 0
vn 0 1 0
vn 0 1 0
vn 0 1 0
vn 0 1 0
vn 0 1 0
vn 0 1 0
vn 0 1 0
vn 0 1 0
vn 0 1 0
vn 0 1 0
vn 0 1 0
vn 0 1 0
vn 0 1 0
vn 0 1 0
vn 0 1 0
vn 0 1 0
vn 0 1 0
vn 0 1 0
vn 0 1 0
vn 0 1 0
vn 0 1 0
vn 0 1 0
vn 0 1 0
vn 0 1 0
vn 0 1 0
vn 0 1 0
vn 0 1 0
vn 0 1 0
vn 0 1 0
vn 0 1 0
vn 0 1 0
vn 0 1 0
vn 0 1 0
vn 0 1 0
vn 0 1 0
vn 0 1 0
vn 0 1 0
vn 0 1 0
vn 0 1 0
vn 0 1 0
vn 0 1 0
vn 0 1 0
vn 0 1 0
vn 0 1 0
vn 0 1 0
vn 0 1 0
vn 0 1 0
vn 0 1 0
vn 0 1 0
vn 0 1 0
vn 0 1 0
vn 0 1 0
vn 0 1 0
vn 0 1 0
vn 0 1 0
vn 0 1 0
vn 0 1 0
vn 0 1 0
vn 0 1 0
vn 0 1 0
vn 0 1 0
vn 0 1 0
vn 0 1 0
vn 0 1 0
vn 0 1 0
vn 0 1 0
vn 0 1 0
vn 0 1 0
vn 0 1 0
vn 0 1 0
vn 0 1 0
vn 0 1 0
vn 0 1 0
vn 0 1 0
vn 0 1 0
vn 0 1 0
vn 0 1 0
vn 0 1 0
vn 0 1 0
vn 0 1 0
vn 0 1 0
vn 0 1 0
vn 0 1 0
vn 0 1 0
vn 0 1 0
vn 0 1 0
vn 0 1 0
vn 0 1 0
vn 0 1 0
vn 0 1 0
vn 0 1 0
vn 0 1 0
vn 0 1 0
vn 0 1 0
vn 0 1 0
vn 0 1 0
vn 0 1 0
vn 0 1 0
vn 0 1 0
vn 0 1 0
vn 0 1 0
vn 0 1 0
vn 0 1 0
vn 0 1 0
vn 0 1 0
vn 0 1 0
vn 0 1 0
vn 0 1 0
vn 0 1 0
vn 0 1 0
vn 0 1 0
vn 0 1 0
vn 0 1 0
vn 0 1 0
vn 0 1 0
vn 0 1 0
vn 0 1 0
vn 0 1 0
vn 0 1 0
vn 0 1 0
vn 0 1 0
vn 0 1 0
vn 0 1 0
vn 0 1 0
vn 0 1 0
vn 0 1 0
vn 0 1 0
vn 0 1 0
vn 0 1 0
vn 0 1 0
vn 0 1 0
vn 0 1 0
vn 0 1 0
vn 0 1 0
vn 0 1 0
vn 0 1 0
vn 0 1 0
vn 0 1 0
vn 0 1 0
vn 0 1 0
vn 0 1 0
vn 0 1 0
vn 0 1 0
vn 0 1 0
vn 0 1 0
vn 0 1 0
vn 0 1 0
vn 0 1 0
vn 0 1 0
vn 0 1 0
vn 0 1 0
vn 0 1 0
vn 0 1 0
vn 0 1 0
vn 0 1 0
vn 0 1 0
vn 0 1 0
vn 0 1 0
vn 0 1 0
vn 0 1 0
vn 0 1 0
vn 0 1 0
vn 0 1 0
vn 0 1 0
vn 0 1 0
vn 0 1 0
vn 0 1 0
vn 0 1 0
vn 0 1 0
vn 0 1 0
vn 0 1 0
vn 0 1 0
vn 0 1 0
vn 0 1 0
vn 0 1 0
vn 0 1 0
vn 0 1 0
vn 0 1 0
vn 0 1 0
vn 0 1 0
vn 0 1 0
vn 0 1 0
vn 0 1 0
vn 0 1 0
vn 0 1 0
vn 0 1 0
vn 0 1 0
vn 0 1 0
vn 0 1 0
vn 0 1 0
vn 0 1 0
vn 0 1 0
vn 0 1 0
vn 0 1 0
vn 0 1 0
vn 0 1 0
vn 0 1 0
vn 0 1 0
vn 0 1 0
vn 0 1 0
vn 0 1 0
vn 0 1 0
vn 0 1 0
vn 0 1 0
vn 0 1 0
vn 0 1 0
vn 0 1 0
vn 0 1 0
vn 0 1 0
vn 0 1 0
vn 0 1 0
vn 0 1 0
vn 0 1 0
vn 0 1 0
vn 0 1 0
vn 0 1 0
vn 0 1 0
vn 0 1 0
vn 0 1 0
vn 0 1 0
vn 0 1 0
vn 0 1 0
vn 0 1 0
vn 0 1 0
vn 0 1 0
vn 0 1 0
vn 0 1 0
vn 0 1 0
vn 0 1 0
vn 0 1 0
vn 0 1 0
vn 0 1 0
vn 0 1 0
vn 0 1 0
vn 0 1 0
vn 0 1 0
vn 0 1 0
vn 0 1 0
vn 0 1 0
vn 0 1 0
vn 0 1 0
vn 0 1 0
vn 0 1 0
vn 0 1 0
vn 0 1 0
vn 0 1 0
vn 0 1 0
vn 0 1 0
vn 0 1 0
vn 0 1 0
vn 0 1 0
vn 0 1 0
vn 0 1 0
vn 0 1 0
vn 0 1 0
vn 0 1 0
vn 0 1 0
vn 0 1 0
vn 0 1 0
vn 0 1 0
vn 0 1 0
vn 0 1 0
vn 0 1 0
vn 0 1 0
vn 0 1 0
vn 0 1 0
vn 0 1 0
vn 0 1 0
vn 0 1 0
vn 0 1 0
vn 0 1 0
vn 0 1 0
vn 0 1 0
vn 0 1 0
vn 0 1 0
vn 0 1 0
vn 0 1 0
vn 0 1 0
vn 0 1 0
vn 0 1 0
vn 0 1 0
vn 0 1 0
vn 0 1 0
vn 0 1 0
vn 0 1 0
vn 0 1 0
vn 0 1 0
vn 0 1 0
vn 0 1 0
vn 0 1 0
vn 0 1 0
vn 0 1 0
vn 0 1 0
vn 0 1 0
vn 0 1 0
vn 0 1 0
vn 0 1 0
vn 0 1 0
vn 0 1 0
vn 0 1 0
vn 0 1 0
vn 0 1 0
vn 0 1 0
vn 0 1 0
vn 0 1 0
vn 0 1 0
vn 0 1 0
vn 0 1 0
vn 0 1 0
vn 0 1 0
vn 0 1 0
vn 0 1 0
vn 0 1 0
vn 0 1 0
vn 0 1 0
vn 0 1 0
vn 0 1 0
vn 0 1 0
vn 0 1 0
vn 0 1 0
vn 0 1 0
vn 0 1 0
vn 0 1 0
vn 0 1 0
vn 0 1 0
vn 0 1 0
vn 0 1 0
vn 0 1 0
vn 0 1 0
vn 0 1 0
vn 0 1 0
vn 0 1 0
vn 0 1 0
vn 0 1 0
vn 0 1 0
vn 0 1 0
vn 0 1 0
vn 0 1 0
vn 0 1 0
vn 0 1 0
vn 0 1 0
vn 0 1 0
vn 0 1 0
vn 0 1 0
vn 0 1 0
vn 0 1 0
vn 0 1 0
vn 0 1 0
vn 0 1 0
vn 0 1 0
vn 0 1 0
vn 0 1 0
vn 0 1 0
vn 0 1 0
vn 0 1 0
vn 0 1 0
vn 0 1 0
vn 0 1 0
vn 0 1 0
vn 0 1 0
vn 0 1 0
vn 0 1 0
vn 0 1 0
vn 0 1 0
vn 0 1 0
vn 0 1 0
vn 0 1 0
vn 0 1 0
vn 0 1 0
vn 0 1 0
vn 0 1 0
vn 0 1 0
vn 0 1 0
vn 0 1 0
vn 0 1 0
vn 0 1 0
vn 0 1 0
vn 0 1 0
vn 0 1 0
vn 0 1 0
vn 0 1 0
vn 0 1 0
vn 0 1 0
vn 0 1 0
vn 0 1 0
vn 0 1 0
vn 0 1 0
vn 0 1 0
vn 0 1 0
vn 0 1 0
vn 0 1 0
vn 0 1 0
vn 0 1 0
vn 0 1 0
vn 0 1 0
vn 0 1 0
vn 0 1 0
vn 0 1 0
vn 0 1 0
vn 0 1 0
vn 0 1 0
vn 0 1 0
vn 0 1 0
vn 0 1 0
vn 0 1 0
vn 0 1 0
vn 0 1 0
vn 0 1 0
vn 0 1 0
vn 0 1 0
vn 0 1 0
vn 0 1 0
vn 0 1 0
vn 0 1 0
vn 0 1 0
vn 0 1 0
vn 0 1 0
vn 0 1 0
vn 0 1 0
vn 0 1 0
vn 0 1 0
vn 0 1 0
vn 0 1 0
vn 0 1 0
vn 0 1 0
vn 0 1 0
vn 0 1 0
vn 0 1 0
vn 0 1 0
vn 0 1 0
vn 0 1 0
vn 0 1 0
vn 0 1 0
vn 0 1 0
vn 0 1 0
vn 0 1 0
vn 0 1 0
vn 0 1 0
vn 0 1 0
vn 0 1 0
vn 0 1 0
vn 0 1 0
vn 0 1 0
vn 0 1 0
vn 0 1 0
vn 0 1 0
vn 0 1 0
vn 0 1 0
vn 0 1 0
vn 0 1 0
vn 0 1 0
vn 0 1 0
vn 0 1 0
vn 0 1 0
vn 0 1 0
vn 0 1 0
vn 0 1 0
vn 0 1 0
vn 0 1 0
vn 0 1 0
vn 0 1 0
vn 0 1 0
vn 0 1 0
vn 0 1 0
vn 0 1 0
vn 0 1 0
vn 0 1 0
vn 0 1 0
vn 0 1 0
vn 0 1 0
vn 0 1 0
vn 0 1 0
vn 0 1 0
vn 0 1 0
vn 0 1 0
vn 0 1 0
vn 0 1 0
vn 0 1 0
vn 0 1 0
vn 0 1 0
vn 0 1 0
vn 0 1 0
vn 0 1 0
vn 0 1 0
vn 0 1 0
vn 0 1 0
vn 0 1 0
vn 0 1 0
vn 0 1 0
vn 0 1 0
vn 0 1 0
vn 0 1 0
vn 0 1 0
vn 0 1 0
vn 0 1 0
vn 0 1 0
vn 0 1 0
vn 0 1 0
vn 0 1 0
vn 0 1 0
vn 0 1 0
vn 0 1 0
vn 0 1 0
vn 0 1 0
vn 0 1 0
vn 0 1 0
vn 0 1 0
vn 0 1 0
vn 0 1 0
vn 0 1 0
vn 0 1 0
vn 0 1 0
vn 0 1 0
vn 0 1 0
vn 0 1 0
vn 0 1 0
vn 0 1 0
vn 0 1 0
vn 0 1 0
vn 0 1 0
vn 0 1 0
vn 0 1 0
vn 0 1 0
vn 0 1 0
vn 0 1 0
vn 0 1 0
vn 0 1 0
vn 0 1 0
vn 0 1 0
vn 0 1 0
vn 0 1 0
vn 0 1 0
vn 0 1 0
vn 0 1 0
vn 0 1 0
vn 0 1 0
vn 0 1 0
vn 0 1 0
vn 0 1 0
vn 0 1 0
vn 0 1 0
vn 0 1 0
vn 0 1 0
vn 0 1 0
vn 0 1 0
vn 0 1 0
vn 0 1 0
vn 0 1 0
vn 0 1 0
vn 0 1 0
vn 0 1 0
vn 0 1 0
vn 0 1 0
vn 0 1 0
vn 0 1 0
vn 0 1 0
vn 0 1 0
vn 0 1 0
vn 0 1 0
vn 0 1 0
vn 0 1 0
vn 0 1 0
vn 0 1 0
vn 0 1 0
vn 0 1 0
vn 0 1 0
vn 0 1 0
vn 0 1 0
vn 0 1 0
vn 0 1 0
vn 0 1 0
vn 0 1 0
vn 0 1 0
vn 0 1 0
vn 0 1 0
vn 0 1 0
vn 0 1 0
vn 0 1 0
vn 0 1 0
vn 0 1 0
vn 0 1 0
vn 0 1 0
vn 0 1 0
vn 0 1 0
vn 0 1 0
vn 0 1 0
vn 0 1 0
vn 0 1 0
vn 0 1 0
vn 0 1 0
vn 0 1 0
vn 0 1 0
vn 0 1 0
vn 0 1 0
vn 0 1 0
vn 0 1 0
vn 0 1 0
vn 0 1 0
vn 0 1 0
vn 0 1 0
vn 0 1 0
vn 0 1 0
vn 0 1 0
vn 0 1 0
vn 0 1 0
vn 0 1 0
vn 0 1 0
vn 0 1 0
vn 0 1 0
vn 0 1 0
vn 0 1 0
vn 0 1 0
vn 0 1 0
vn 0 1 0
vn 0 1 0
vn 0 1 0
vn 0 1 0
vn 0 1 0
vn 0 1 0
vn 0 1 0
vn 0 1 0
vn 0 1 0
vn 0 1 0
vn 0 1 0
vn 0 1 0
vn 0 1 0
vn 0 1 0
vn 0 1 0
vn 0 1 0
vn 0 1 0
vn 0 1 0
vn 0 1 0
vn 0 1 0
vn 0 1 0
vn 0 1 0
vn 0 1 0
vn 0 1 0
vn 0 1 0
vn 0 1 0
vn 0 1 0
vn 0 1 0
vn 0 1 0
vn 0 1 0
vn 0 1 0
vn 0 1 0
vn 0 1 0
vn 0 1 0
vn 0 1 0
vn 0 1 0
vn 0 1 0
vn 0 1 0
vn 0 1 0
vn 0 1 0
vn 0 1 0
vn 0 1 0
vn 0 1 0
vn 0 1 0
vn 0 1 0
vn 0 1 0
vn 0 1 0
vn 0 1 0
vn 0 1 0
vn 0 1 0
vn 0 1 0
vn 0 1 0
vn 0 1 0
vn 0 1 0
vn 0 1 0
vn 0 1 0
vn 0 1 0
vn 0 1 0
vn 0 1 0
vn 0 1 0
vn 0 1 0
vn 0 1 0
vn 0 1 0
vn 0 1 0
vn 0 1 0
vn 0 1 0
vn 0 1 0
vn 0 1 0
vn 0 1 0
vn 0 1 0
vn 0 1 0
vn 0 1 0
vn 0 1 0
vn 0 1 0
vn 0 1 0
vn 0 1 0
vn 0 1 0
vn 0 1 0
vn 0 1 0
vn 0 1 0
vn 0 1 0
vn 0 1 0
vn 0 1 0
vn 0 1 0
vn 0 1 0
vn 0 1 0
vn 0 1 0
vn 0 1 0
vn 0 1 0
vn 0 1 0
vn 0 1 0
vn 0 1 0
vn 0 1 0
vn 0 1 0
vn 0 1 0
vn 0 1 0
vn 0 1 0
vn 0 1 0
vn 0 1 0
vn 0 1 0
vn 0 1 0
vn 0 1 0
vn 0 1 0
vn 0 1 0
vn 0 1 0
vn 0 1 0
vn 0 1 0
vn 0 1 0
vn 0 1 0
vn 0 1 0
vn 0 1 0
vn 0 1 0
vn 0 1 0
vn 0 1 0
vn 0 1 0
vn 0 1 0
vn 0 1 0
vn 0 1 0
vn 0 1 0
vn 0 1 0
vn 0 1 0
vn 0 1 0
vn 0 1 0
vn 0 1 0
vn 0 1 0
vn 0 1 0
vn 0 1 0
vn 0 1 0
vn 0 1 0
vn 0 1 0
vn 0 1 0
vn 0 1 0
vn 0 1 0
vn 0 1 0
vn 0 1 0
vn 0 1 0
vn 0 1 0
vn 0 1 0
vn 0 1 0
vn 0 1 0
vn 0 1 0
vn 0 1 0
vn 0 1 0
vn 0 1 0
vn 0 1 0
vn 0 1 0
vn 0 1 0
vn 0 1 0
vn 0 1 0
vn 0 1 0
vn 0 1 0
vn 0 1 0
vn 0 1 0
vn 0 1 0
vn 0 1 0
vn 0 1 0
vn 0 1 0
vn 0 1 0
vn 0 1 0
vn 0 1 0
vn 0 1 0
vn 0 1 0
vn 0 1 0
vn 0 1 0
vn 0 1 0
vn 0 1 0
vn 0 1 0
vn 0 1 0
vn 0 1 0
vn 0 1 0
vn 0 1 0
vn 0 1 0
vn 0 1 0
vn 0 1 0
vn 0 1 0
vn 0 1 0
vn 0 1 0
vn 0 1 0
vn 0 1 0
vn 0 1 0
vn 0 1 0
vn 0 1 0
vn 0 1 0
vn 0 1 0
vn 0 1 0
vn 0 1 0
vn 0 1 0
vn 0 1 0
vn 0 1 0
vn 0 1 0
vn 0 1 0
vn 0 1 0
vn 0 1 0
vn 0 1 0
vn 0 1 0
vn 0 1 0
vn 0 1 0
vn 0 1 0
vn 0 1 0
vn 0 1 0
vn 0 1 0
vn 0 1 0
vn 0 1 0
vn 0 1 0
vn 0 1 0
vn 0 1 0
vn 0 1 0
vn 0 1 0
vn 0 1 0
vn 0 1 0
vn 0 1 0
vn 0 1 0
vn 0 1 0
vn 0 1 0
vn 0 1 0
vn 0 1 0
vn 0 1 0
vn 0 1 0
vn 0 1 0
vn 0 1 0
vn 0 1 0
vn 0 1 0
vn 0 1 0
vn 0 1 0
vn 0 1 0
vn 0 1 0
vn 0 1 0
vn 0 1 0
vn 0 1 0
vn 0 1 0
vn 0 1 0
vn 0 1 0
vn 0 1 0
vn 0 1 0
vn 0 1 0
vn 0 1 0
vn 0 1 0
vn 0 1 0
vn 0 1 0
vn 0 1 0
vn 0 1 0
vn 0 1 0
vn 0 1 0
vn 0 1 0
vn 0 1 0
vn 0 1 0
vn 0 1 0
vn 0 1 0
vn 0 1 0
vn 0 1 0
vn 0 1 0
vn 0 1 0
vn 0 1 0
vn 0 1 0
vn 0 1 0
vn 0 1 0
vn 0 1 0
vn 0 1 0
vn 0 1 0
vn 0 1 0
vn 0 1 0
vn 0 1 0
vn 0 1 0
vn 0 1 0
vn 0 1 0
vn 0 1 0
vn 0 1 0
vn 0 1 0
vn 0 1 0
vn 0 1 0
vn 0 1 0
vn 0 1 0
vn 0 1 0
vn 0 1 0
vn 0 1 0
vn 0 1 0
vn 0 1 0
vn 0 1 0
vn 0 1 0
vn 0 1 0
vn 0 1 0
vn 0 1 0
vn 0 1 0
vn 0 1 0
vn 0 1 0
vn 0 1 0
vn 0 1 0
vn 0 1 0
vn 0 1 0
vn 0 1 0
vn 0 1 0
vn 0 1 0
vn 0 1 0
vn 0 1 0
vn 0 1 0
vn 0 1 0
vn 0 1 0
vn 0 1 0
vn 0 1 0
vn 0 1 0
vn 0 1 0
vn 0 1 0
vn 0 1 0
vn 0 1 0
vn 0 1 0
vn 0 1 0
vn 0 1 0
vn 0 1 0
vn 0 1 0
vn 0 1 0
vn 0 1 0
vn 0 1 0
vn 0 1 0
vn 0 1 0
vn 0 1 0
vn 0 1 0
vn 0 1 0
vn 0 1 0
vn 0 1 0
vn 0 1 0
vn 0 1 0
vn 0 1 0
vn 0 1 0
vn 0 1 0
vn 0 1 0
vn 0 1 0
vn 0 1 0
vn 0 1 0
vn 0 1 0
vn 0 1 0
vn 0 1 0
vn 0 1 0
vn 0 1 0
vn 0 1 0
vn 0 1 0
vn 0 1 0
vn 0 1 0
vn 0 1 0
vn 0 1 0
vn 0 1 0
vn 0 1 0
vn 0 1 0
vn 0 1 0
vn 0 1 0
vn 0 1 0
vn 0 1 0
vn 0 1 0
vn 0 1 0
vn 0 1 0
vn 0 1 0
vn 0 1 0
vn 0 1 0
vn 0 1 0
vn 0 1 0
vn 0 1 0
vn 0 1 0
vn 0 1 0
vn 0 1 0
vn 0 1 0
vn 0 1 0
vn 0 1 0
vn 0 1 0
vn 0 1 0
vn 0 1 0
vn 0 1 0
vn 0 1 0
vn 0 1 0
vn 0 1 0
vn 0 1 0
vn 0 1 0
vn 0 1 0
vn 0 1 0
vn 0 1 0
vn 0 1 0
vn 0 1 0
vn 0 1 0
vn 0 1 0
vn 0 1 0
vn 0 1 0
vn 0 1 0
vn 0 1 0
vn 0 1 0
vn 0 1 0
vn 0 1 0
vn 0 1 0
vn 0 1 0
vn 0 1 0
vn 0 1 0
vn 0 1 0
vn 0 1 0
vn 0 1 0
vn 0 1 0
vn 0 1 0
vn 0 1 0
vn 0 1 0
vn 0 1 0
vn 0 1 0
vn 0 1 0
vn 0 1 0
vn 0 1 0
vn 0 1 0
vn 0 1 0
vn 0 1 0
vn 0 1 0
vn 0 1 0
vn 0 1 0
vn 0 1 0
vn 0 1 0
vn 0 1 0
vn 0 1 0
vn 0 1 0
vn 0 1 0
vn 0 1 0
vn 0 1 0
vn 0 1 0
vn 0 1 0
vn 0 1 0
vn 0 1 0
vn 0 1 0
vn 0 1 0
vn 0 1 0
vn 0 1 0
vn 0 1 0
vn 0 1 0
vn 0 1 0
vn 0 1 0
vn 0 1 0
vn 0 1 0
vn 0 1 0
vn 0 1 0
vn 0 1 0
vn 0 1 0
vn 0 1 0
vn 0 1 0
vn 0 1 0
vn 0 1 0
vn 0 1 0
vn 0 1 0
vn 0 1 0
vn 0 1 0
vn 0 1 0
vn 0 1 0
vn 0 1 0
vn 0 1 0
vn 0 1 0
vn 0 1 0
vn 0 1 0
vn 0 1 0
vn 0 1 0
vn 0 1 0
vn 0 1 0
vn 0 1 0
vn 0 1 0
vn 0 1 0
vn 0 1 0
vn 0 1 0
vn 0 1 0
vn 0 1 0
vn 0 1 0
vn 0 1 0
vn 0 1 0
vn 0 1 0
vn 0 1 0
vn 0 1 0
vn 0 1 0
vn 0 1 0
vn 0 1 0
vn 0 1 0
vn 0 1 0
vn 0 1 0
vn 0 1 0
vn 0 1 0
vn 0 1 0
vn 0 1 0
vn 0 1 0
vn 0 1 0
vn 0 1 0
vn 0 1 0
vn 0 1 0
vn 0 1 0
vn 0 1 0
vn 0 1 0
vn 0 1 0
vn 0 1 0
vn 0 1 0
vn 0 1 0
vn 0 1 0
vn 0 1 0
vn 0 1 0
vn 0 1 0
vn 0 1 0
vn 0 1 0
vn 0 1 0
vn 0 1 0
vn 0 1 0
vn 0 1 0
vn 0 1 0
vn 0 1 0
vn 0 1 0
vn 0 1 0
vn 0 1 0
vn 0 1 0
vn 0 1 0
vn 0 1 0
vn 0 1 0
vn 0 1 0
vn 0 1 0
vn 0 1 0
vn 0 1 0
vn 0 1 0
vn 0 1 0
vn 0 1 0
vn 0 1 0
vn 0 1 0
vn 0 1 0
vn 0 1 0
vn 0 1 0
vn 0 1 0
vn 0 1 0
vn 0 1 0
vn 0 1 0
vn 0 1 0
vn 0 1 0
vn 0 1 0
vn 0 1 0
vn 0 1 0
vn 0 1 0
vn 0 1 0
vn 0 1 0
vn 0 1 0
vn 0 1 0
vn 0 1 0
vn 0 1 0
vn 0 1 0
vn 0 1 0
vn 0 1 0
vn 0 1 0
vn 0 1 0
vn 0 1 0
vn 0 1 0
vn 0 1 0
vn 0 1 0
vn 0 1 0
vn 0 1 0
vn 0 1 0
vn 0 1 0
vn 0 1 0
vn 0 1 0
vn 0 1 0
vn 0 1 0
vn 0 1 0
vn 0 1 0
vn 0 1 0
vn 0 1 0
vn 0 1 0
vn 0 1 0
vn 0 1 0
vn 0 1 0
vn 0 1 0
vn 0 1 0
vn 0 1 0
vn 0 1 0
vn 0 1 0
vn 0 1 0
vn 0 1 0
vn 0 1 0
vn 0 1 0
vn 0 1 0
vn 0 1 0
vn 0 1 0
vn 0 1 0
vn 0 1 0
vn 0 1 0
vn 0 1 0
vn 0 1 0
vn 0 1 0
vn 0 1 0
vn 0 1 0
vn 0 1 0
vn 0 1 0
vn 0 1 0
vn 0 1 0
vn 0 1 0
vn 0 1 0
vn 0 1 0
vn 0 1 0
vn 0 1 0
vn 0 1 0
vn 0 1 0
vn 0 1 0
vn 0 1 0
vn 0 1 0
vn 0 1 0
vn 0 1 0
vn 0 1 0
vn 0 1 0
vn 0 1 0
vn 0 1 0
vn 0 1 0
vn 0 1 0
vn 0 1 0
vn 0 1 0
vn 0 1 0
vn 0 1 0
vn 0 1 0
vn 0 1 0
vn 0 1 0
vn 0 1 0
vn 0 1 0
vn 0 1 0
vn 0 1 0
vn 0 1 0
vn 0 1 0
vn 0 1 0
vn 0 1 0
vn 0 1 0
vn 0 1 0
vn 0 1 0
vn 0 1 0
vn 0 1 0
vn 0 1 0
vn 0 1 0
vn 0 1 0
vn 0 1 0
vn 0 1 0
vn 0 1 0
vn 0 1 0
vn 0 1 0
vn 0 1 0
vn 0 1 0
vn 0 1 0
vn 0 1 0
vn 0 1 0
vn 0 1 0
vn 0 1 0
vn 0 1 0
vn 0 1 0
vn 0 1 0
vn 0 1 0
vn 0 1 0
vn 0 1 0
vn 0 1 0
vn 0 1 0
vn 0 1 0
vn 0 1 0
vn 0 1 0
vn 0 1 0
vn 0 1 0
vn 0 1 0
vn 0 1 0
vn 0 1 0
vn 0 1 0
vn 0 1 0
vn 0 1 0
vn 0 1 0
vn 0 1 0
vn 0 1 0
vn 0 1 0
vn 0 1 0
vn 0 1 0
vn 0 1 0
vn 0 1 0
vn 0 1 0
vn 0 1 0
vn 0 1 0
vn 0 1 0
vn 0 1 0
vn 0 1 0
vn 0 1 0
vn 0 1 0
vn 0 1 0
vn 0 1 0
vn 0 1 0
vn 0 1 0
vn 0 1 0
vn 0 1 0
vn 0 1 0
vn 0 1 0
vn 0 1 0
vn 0 1 0
vn 0 1 0
vn 0 1 0
vn 0 1 0
vn 0 1 0
vn 0 1 0
vn 0 1 0
vn 0 1 0
vn 0 1 0
vn 0 1 0
vn 0 1 0
vn 0 1 0
vn 0 1 0
vn 0 1 0
vn 0 1 0
vn 0 1 0
vn 0 1 0
vn 0 1 0
vn 0 1 0
vn 0 1 0
vn 0 1 0
vn 0 1 0
vn 0 1 0
vn 0 1 0
vn 0 1 0
vn 0 1 0
vn 0 1 0
vn 0 1 0
vn 0 1 0
vn 0 1 0
vn 0 1 0
vn 0 1 0
vn 0 1 0
vn 0 1 0
vn 0 1 0
vn 0 1 0
vn 0 1 0
vn 0 1 0
vn 0 1 0
vn 0 1 0
vn 0 1 0
vn 0 1 0
vn 0 1 0
vn 0 1 0
vn 0 1 0
vn 0 1 0
vn 0 1 0
vn 0 1 0
vn 0 1 0
vn 0 1 0
vn 0 1 0
vn 0 1 0
vn 0 1 0
vn 0 1 0
vn 0 1 0
vn 0 1 0
vn 0 1 0
vn 0 1 0
vn 0 1 0
vn 0 1 0
vn 0 1 0
vn 0 1 0
vn 0 1 0
vn 0 1 0
vn 0 1 0
vn 0 1 0
vn 0 1 0
vn 0 1 0
vn 0 1 0
vn 0 1 0
vn 0 1 0
vn 0 1 0
vn 0 1 0
vn 0 1 0
vn 0 1 0
vn 0 1 0
vn 0 1 0
vn 0 1 0
vn 0 1 0
vn 0 1 0
vn 0 1 0
vn 0 1 0
vn 0 1 0
vn 0 1 0
vn 0 1 0
vn 0 1 0
vn 0 1 0
vn 0 1 0
vn 0 1 0
vn 0 1 0
vn 0 1 0
vn 0 1 0
vn 0 1 0
vn 0 1 0
vn 0 1 0
vn 0 1 0
vn 0 1 0
vn 0 1 0
vn 0 1 0
vn 0 1 0
vn 0 1 0
vn 0 1 0
vn 0 1 0
vn 0 1 0
vn 0 1 0
vn 0 1 0
vn 0 1 0
vn 0 1 0
vn 0 1 0
vn 0 1 0
vn 0 1 0
vn 0 1 0
vn 0 1 0
vn 0 1 0
vn 0 1 0
vn 0 1 0
vn 0 1 0
vn 0 1 0
vn 0 1 0
vn 0 1 0
vn 0 1 0
vn 0 1 0
vn 0 1 0
vn 0 1 0
vn 0 1 0
vn 0 1 0
vn 0 1 0
vn 0 1 0
vn 0 1 0
vn 0 1 0
vn 0 1 0
vn 0 1 0
vn 0 1 0
vn 0 1 0
vn 0 1 0
vn 0 1 0
vn 0 1 0
vn 0 1 0
vn 0 1 0
vn 0 1 0
vn 0 1 0
vn 0 1 0
vn 0 1 0
vn 0 1 0
vn 0 1 0
vn 0 1 0
vn 0 1 0
vn 0 1 0
vn 0 1 0
vn 0 1 0
vn 0 1 0
vn 0 1 0
vn 0 1 0
vn 0 1 0
vn 0 1 0
vn 0 1 0
vn 0 1 0
vn 0 1 0
vn 0 1 0
vn 0 1 0
vn 0 1 0
vn 0 1 0
vn 0 1 0
vn 0 1 0
vn 0 1 0
vn 0 1 0
vn 0 1 0
vn 0 1 0
vn 0 1 0
vn 0 1 0
vn 0 1 0
vn 0 1 0
vn 0 1 0
vn 0 1 0
vn 0 1 0
vn 0 1 0
vn 0 1 0
vn 0 1 0
vn 0 1 0
vn 0 1 0
vn 0 1 0
vn 0 1 0
vn 0 1 0
vn 0 1 0
vn 0 1 0
vn 0 1 0
vn 0 1 0
vn 0 1 0
vn 0 1 0
vn 0 1 0
vn 0 1 0
vn 0 1 0
vn 0 1 0
vn 0 1 0
vn 0 1 0
vn 0 1 0
vn 0 1 0
vn 0 1 0
vn 0 1 0
vn 0 1 0
vn 0 1 0
vn 0 1 0
vn 0 1 0
vn 0 1 0
vn 0 1 0
vn 0 1 0
vn 0 1 0
vn 0 1 0
vn 0 1 0
vn 0 1 0
vn 0 1 0
vn 0 1 0
vn 0 1 0
vn 0 1 0
vn 0 1 0
vn 0 1 0
vn 0 1 0
vn 0 1 0
vn 0 1 0
vn 0 1 0
vn 0 1 0
vn 0 1 0
vn 0 1 0
vn 0 1 0
vn 0 1 0
vn 0 1 0
vn 0 1 0
vn 0 1 0
vn 0 1 0
vn 0 1 0
vn 0 1 0
vn 0 1 0
vn 0 1 0
vn 0 1 0
vn 0 1 0
vn 0 1 0
vn 0 1 0
vn 0 1 0
vn 0 1 0
vn 0 1 0
vn 0 1 0
vn 0 1 0
vn 0 1 0
vn 0 1 0
vn 0 1 0
vn 0 1 0
vn 0 1 0
vn 0 1 0
vn 0 1 0
vn 0 1 0
vn 0 1 0
vn 0 1 0
vn 0 1 0
vn 0 1 0
vn 0 1 0
vn 0 1 0
vn 0 1 0
vn 0 1 0
vn 0 1 0
vn 0 1 0
vn 0 1 0
vn 0 1 0
vn 0 1 0
vn 0 1 0
vn 0 1 0
vn 0 1 0
vn 0 1 0
vn 0 1 0
vn 0 1 0
vn 0 1 0
vn 0 1 0
vn 0 1 0
vn 0 1 0
vn 0 1 0
vn 0 1 0
vn 0 1 0
vn 0 1 0
vn 0 1 0
vn 0 1 0
vn 0 1 0
vn 0 1 0
