# File exported by Houdini 20.5.654 (www.sidefx.com)
# 7376 points
# 0 vertices
# 0 primitives
# Bounds: [-1464.60547, 110.385063, -1517.13477] to [2528.81421, 205.887238, 1475.76147]
g 
v 118.113342 144.542389 -615.738586
v 122.269592 144.662628 -583.738586
v 137.988342 144.696014 -605.738586
v 52.6445923 144.649261 -570.738586
v 51.8945923 144.792755 -667.238586
v 61.1133423 144.812408 -661.238586
v 62.6445923 144.841339 -666.238586
v 64.8320923 144.873566 -671.238586
v 75.2383423 144.858612 -666.238586
v 78.9883423 144.850128 -663.738586
v 85.1445923 144.780609 -659.738586
v 92.7070923 144.80545 -662.238586
v 97.3633423 144.82547 -662.738586
v 93.8164673 144.842285 -667.238586
v 103.050842 144.842499 -667.738586
v 103.785217 144.938446 -675.488586
v 112.332092 145.050385 -679.238586
v 108.363342 144.804108 -661.738586
v 118.785217 144.861755 -661.988586
v 127.488342 144.935333 -663.238586
v 116.550842 144.946991 -669.738586
v 121.550842 145.02475 -671.738586
v 118.384178 145.106537 -680.571899
v 126.488342 145.126404 -676.738586
v 132.217514 145.421982 -678.738586
v 136.550842 145.661469 -672.738586
v 138.113342 145.673798 -668.738586
v 64.4570923 144.847076 -575.738586
v 68.3320923 145.160553 -587.238586
v 55.4883423 144.980927 -590.738586
v 55.5508423 144.871063 -581.238586
v 70.3633423 145.105682 -601.238586
v 93.2695923 143.669403 -616.238586
v 105.582092 144.689728 -632.238586
v 112.207092 144.634247 -641.738586
v 118.582092 144.817474 -650.738586
v 105.863342 144.7258 -653.238586
v 94.1758423 144.748383 -650.738586
v 77.8633423 144.727509 -649.738586
v 92.0820923 144.943695 -683.238586
v 119.113342 143.771271 -580.238586
v 77.3008423 144.885468 -672.238586
v 96.8320923 144.87204 -670.238586
v 86.7695923 144.897614 -673.738586
v 80.4258423 143.700348 -616.238586
v 89.5195923 144.432098 -628.738586
v 95.7070923 144.780975 -637.238586
v 112.832092 145.088226 -683.738586
v 198.753967 130.999756 287.261414
v 239.144592 133.45285 255.261414
v 235.957092 130.123077 417.261414
v 246.832092 130.372955 403.261414
v 252.769592 130.64328 396.761414
v 260.425842 130.934235 388.261414
v 256.207092 133.95816 220.761414
v 262.707092 134.029877 201.761414
v 237.050842 131.661835 320.261414
v 224.457092 129.923492 315.761414
v 219.941467 129.746552 308.511414
v 218.144592 129.356354 303.261414
v 201.441467 130.444916 292.511414
v 201.332092 130.245941 295.761414
v 207.957092 128.715973 325.261414
v 214.519592 129.445892 332.261414
v 242.894592 132.08606 321.261414
v 248.238342 132.013519 321.261414
v 261.738342 132.100189 321.261414
v 276.550842 133.132111 320.261414
v 229.300842 141.823914 -353.738586
v 231.410217 141.880463 -358.238586
v 229.082092 141.919647 -364.238586
v 236.144592 141.991058 -367.738586
v 231.269592 141.988861 -369.738586
v 238.941467 141.767944 -389.738586
v 243.519592 142.674042 -402.738586
v 280.113342 143.138153 -412.238586
v 283.32428 143.179459 -410.738586
v 306.457092 142.777069 -355.738586
v 307.019592 142.756073 -351.238586
v 301.832092 142.666351 -355.238586
v 300.082092 142.814484 -363.738586
v 294.363342 142.47406 -358.738586
v 287.035217 142.326614 -363.488586
v 271.894592 142.17868 -375.738586
v 267.863342 141.191193 -356.238586
v 284.769592 143.327362 -419.738586
v 307.519592 143.762238 -414.238586
v 229.660217 141.983398 -382.238586
v 223.800842 141.936127 -369.738586
v 228.207092 142.018036 -379.238586
v 399.019592 144.462128 -497.738586
v 398.300842 144.430267 -492.738586
v 396.394592 144.507538 -501.738586
v 395.113342 144.57547 -509.738586
v 392.363342 144.619415 -516.738586
v 404.863342 144.839203 -551.738586
v 389.863342 144.866852 -589.738586
v 316.175842 145.027374 -500.238586
v 330.613342 144.800262 -505.738586
v 366.238342 144.681671 -539.738586
v 363.832092 144.854675 -551.238586
v 390.675842 144.604889 -525.738586
v 309.644592 145.014191 -491.738586
v 365.363342 144.734283 -544.238586
v 364.738342 144.905792 -557.738586
v -378.074158 137.160919 -300.238586
v -367.667908 137.367096 -305.738586
v -330.824158 138.05484 -315.238586
v -296.667908 138.283905 -322.238586
v -229.886658 138.51181 -331.238586
v -287.980408 138.467316 -331.238586
v -292.480408 138.438629 -335.238586
v -298.292908 138.377777 -331.238586
v -329.199158 138.243439 -327.738586
v -336.261658 138.04483 -328.488586
v -340.167908 137.893829 -322.738586
v -363.886658 137.577179 -316.238586
v -403.230408 137.016815 -304.238586
v -409.792908 137.016144 -302.738586
v -415.886658 137.002289 -301.238586
v -423.324158 137.082123 -299.738586
v -440.136658 136.827545 -292.238586
v -465.339783 136.919067 -287.738586
v -469.980408 136.964996 -287.238586
v -254.355408 138.557892 -332.238586
v -37.9179077 151.175446 -1163.23853
v -41.6054077 151.208771 -1167.23853
v -47.7929077 151.016693 -1163.23853
v -15.7304077 146.899078 -813.738586
v -19.2929077 146.777069 -806.488586
v -26.0429077 146.360382 -753.738586
v 241.332092 152.770294 -1014.23859
v -20.9179077 146.704193 -783.738586
v -33.8085327 146.503357 -773.738586
v -30.0741577 146.526764 -772.238586
v -30.3397827 146.557648 -783.488586
v -27.2616577 146.598083 -784.238586
v -27.4491577 146.603668 -787.238586
v -33.5429077 146.261719 -751.738586
v -29.6991577 146.254486 -751.738586
v -23.2929077 146.507294 -758.738586
v 242.207092 152.945099 -1022.23859
v 245.753967 144.965942 -668.488586
v 230.488342 144.931183 -671.738586
v 225.238342 144.919891 -671.738586
v 216.988342 144.929779 -668.738586
v 208.644592 144.997101 -671.238586
v 203.550842 145.04837 -677.238586
v 198.800842 145.054779 -669.238586
v 180.675842 145.175262 -670.238586
v 237.675842 144.942657 -670.738586
v 189.300842 145.229706 -681.238586
v 500.019592 149.596283 -725.738586
v 101.082092 144.159393 -567.238586
v 135.113342 143.039032 -541.238586
v 139.144592 144.147247 -538.738586
v 144.269592 144.381805 -538.238586
v 158.300842 144.446991 -554.238586
v 160.238342 144.46582 -559.488586
v 238.613342 144.54245 -527.238586
v 230.832092 144.591583 -515.738586
v 220.675842 144.571564 -517.738586
v 200.894592 144.73349 -525.238586
v 185.925842 144.854523 -526.238586
v 152.675842 144.644989 -530.238586
v 177.488342 144.710724 -525.738586
v 193.082092 144.58786 -520.738586
v 213.144592 144.501862 -514.738586
v 237.988342 144.605377 -507.738586
v 243.332092 144.577545 -521.988586
v 253.519592 144.658691 -512.738586
v 257.300842 144.700043 -514.738586
v 257.957092 144.703766 -509.738586
v 283.863342 144.93515 -503.738586
v 272.644592 144.832672 -512.738586
v 289.894592 144.997253 -501.738586
v 149.707092 144.343597 -500.238586
v 173.800842 144.940399 -537.238586
v 189.800842 144.483612 -530.238586
v 163.800842 144.21048 -494.738586
v 166.019592 144.402679 -504.238586
v 171.738342 144.276154 -497.238586
v 183.769592 144.324677 -491.738586
v 184.238342 144.33432 -501.738586
v 201.019592 144.396271 -505.238586
v 218.738342 144.58609 -493.738586
v 264.300842 144.667297 -490.738586
v 232.394592 144.595306 -508.738586
v -795.636658 120.995506 855.761414
v -806.199158 120.948143 862.761414
v -822.949158 120.243431 873.761414
v -833.761658 119.969139 880.761414
v -843.042908 120.346764 887.261414
v -870.511658 119.945518 905.761414
v -879.105408 119.948753 911.261414
v -904.855408 119.88607 928.261414
v -961.417908 119.845482 965.761414
v -975.167908 119.983604 974.761414
v -1000.85541 119.238487 957.261414
v -997.386658 119.232323 959.761414
v -998.605408 119.294243 968.761414
v -993.511658 119.531822 968.261414
v -989.917908 119.782433 974.511414
v -1003.54291 119.429039 981.261414
v -1007.98041 119.327232 994.011414
v -1010.76166 119.242332 995.761414
v -1014.16791 119.131554 1000.76141
v -915.167908 121.373894 832.761414
v -795.136658 120.360069 869.761414
v -895.605408 122.659813 729.011414
v -896.574158 122.698662 726.011414
v -1020.82416 118.962608 1002.26141
v -1029.94922 118.884911 1019.76141
v -1032.51172 118.93087 1028.76147
v 56.2383423 127.309166 595.761414
v 64.9883423 127.104881 592.261414
v 74.0195923 127.369286 588.761414
v 81.8633423 127.653526 585.761414
v 28.6445923 127.762474 537.261414
v 35.2070923 128.090912 535.761414
v 52.8008423 127.972252 579.761414
v 44.1289673 126.714073 616.761414
v 51.8789673 126.800346 607.511414
v 56.7383423 126.739708 618.261414
v 58.7695923 126.690269 626.261414
v 44.4258423 126.676964 622.261414
v 47.5039673 126.622856 627.261414
v 51.8320923 126.553368 632.261414
v 63.0039673 126.61068 638.761414
v 68.3633423 126.676659 637.261414
v 69.2383423 126.661552 643.011414
v 65.3945923 126.895302 603.261414
v 58.7070923 126.826775 607.261414
v 58.6862602 126.920212 602.094727
v 56.4570923 126.86483 602.761414
v 70.0445938 127.056602 599.961426
v 73.5612564 127.186829 597.094727
v 77.3112564 127.277939 599.594727
v 81.8320923 127.425072 599.761414
v 81.3945923 127.402061 594.761414
v 80.1758423 126.793419 639.261414
v 77.0508423 126.743309 643.261414
v 65.2695923 126.537926 662.261414
v 73.7383423 126.58004 677.761414
v 77.5039673 126.605064 684.261414
v 80.4414673 126.624565 689.261414
v -522.277283 123.360222 647.261414
v -850.886658 124.160851 487.261414
v -841.761658 125.16555 463.761414
v -851.636658 124.555077 474.761414
v -853.480408 124.06234 482.261414
v -867.355408 124.018883 485.761414
v -504.792908 125.77755 590.261414
v -506.761658 125.877647 586.761414
v -522.183533 125.58477 596.761414
v -527.011658 124.365929 598.761414
v -531.230408 123.831566 602.761414
v -537.417908 123.915398 607.261414
v -508.542908 123.548973 646.761414
v -825.683533 124.994164 415.761414
v -814.746033 125.10778 413.011414
v -816.199158 125.03347 416.761414
v -808.772095 125.047287 420.92807
v -806.886658 125.279259 406.261414
v -789.761658 125.880272 369.261414
v -793.277283 125.136894 413.261414
v -778.230408 125.316429 390.261414
v -786.511658 124.988487 430.761414
v -298.980408 122.164452 653.261414
v -306.167908 122.011375 655.761414
v -313.355408 122.192284 656.761414
v -278.542908 123.571648 675.761414
v -274.136658 124.309471 677.261414
v -269.839783 124.398735 684.011414
v -307.792908 123.879204 745.261414
v -283.121033 124.403923 745.761414
v -312.980408 124.010277 738.261414
v -311.230408 124.036644 734.261414
v -305.720001 123.869347 735.594727
v -300.980408 124.050621 736.011414
v -298.897064 124.416687 740.928101
v -298.761658 124.553856 743.761414
v -277.324158 124.399742 745.261414
v -279.417908 124.401756 740.761414
v -275.324158 124.403854 734.928101
v -283.871033 124.409386 736.261414
v -280.980408 124.413322 733.011414
v -271.730408 124.403488 730.428101
v -241.816345 124.522438 709.886414
v -269.261658 124.398766 730.261414
v -260.261658 124.400047 723.761414
v -253.157486 124.40625 718.761414
v -246.417908 124.413658 718.761414
v -247.386658 124.428276 714.761414
v -310.761658 124.467064 713.261414
v -308.511658 124.445549 708.261414
v -292.496033 124.378044 702.511414
v -287.285095 124.382072 703.886414
v -288.011658 124.389915 708.761414
v -281.714783 124.37722 701.136414
v -281.074158 124.371788 697.761414
v -276.386658 124.380981 698.761414
v -275.199158 124.381493 696.261414
v -265.636658 124.394493 727.761414
v -1433.13672 112.85305 1472.76147
v -1429.57422 112.922935 1469.76147
v -1421.80334 112.789268 1475.4281
v -1417.32422 112.902306 1474.26147
v -1411.98047 113.640953 1471.76147
v -1405.41797 113.62722 1467.26147
v -1409.38672 114.212669 1461.76147
v -1405.26172 113.715416 1456.26147
v -1401.88672 113.538536 1458.76147
v -1398.63672 113.606926 1451.26147
v -1389.16797 113.79834 1439.9281
v -1388.23047 113.83242 1435.76147
v -1384.73047 113.970421 1431.76147
v -1096.94922 114.631981 1375.76147
v -1251.18359 110.385063 1394.01147
v -1222.73047 113.888756 1380.76147
v -1222.48047 114.023766 1366.26147
v -1218.73047 114.048973 1362.26147
v -1213.79297 113.865318 1356.26147
v -1186.73047 112.676781 1347.26147
v -1173.16797 112.285484 1358.76147
v -1169.33459 112.62368 1343.09485
v -1183.79297 113.050133 1330.26147
v -1172.31641 113.111641 1329.01147
v -1154.79297 113.119957 1330.76147
v -1191.19922 114.443321 1426.76147
v -1217.20959 113.647141 1437.26147
v -1222.02734 110.58062 1424.26147
v -1214.76172 110.66848 1417.76147
v -1140.88672 113.011894 1329.26147
v -1130.48047 112.798119 1329.76147
v -1163.29297 114.316002 1405.76147
v -1173.73047 111.2015 1399.26147
v -1296.66797 111.440758 1475.76147
v -1227.75134 110.874046 1425.9281
v -1225.87109 110.548607 1428.76147
v -1234.85547 111.553246 1418.76147
v -1111.29297 111.950218 1361.26147
v -1117.39709 113.676353 1383.9281
v -1105.52734 114.225822 1378.01147
v -1108.98047 114.561058 1381.26147
v -1121.61584 113.850609 1386.59485
v -1116.66797 114.787224 1391.51147
v -1120.68359 114.755516 1393.51147
v -1137.05334 111.386986 1373.26147
v -1138.41797 111.029503 1378.26147
v -1141.44922 115.120323 1393.76147
v -1146.29297 115.240013 1396.76147
v -1124.04297 114.87191 1399.26147
v -1134.69922 114.649467 1404.26147
v -1146.19922 114.826317 1404.76147
v -1149.26172 114.805229 1406.76147
v -1146.76172 114.688866 1409.76147
v -1214.69922 114.264732 1438.26147
v -1215.26172 113.085594 1433.26147
v -1129.54297 112.11599 1355.76147
v -1120.76172 112.299706 1352.76147
v -1123.85547 112.397209 1349.51147
v -1123.94922 112.486839 1344.26147
v -1128.76172 112.432152 1346.26147
v -1116.57422 112.344994 1344.26147
v -1436.32422 142.945007 -1312.48853
v -1408.26172 143.13916 -1314.98853
v -1401.89709 143.218903 -1318.23853
v -1387.23047 143.484039 -1325.73853
v -1373.16797 143.784286 -1338.23853
v -1368.05859 143.874451 -1341.73853
v -1360.29297 143.941559 -1344.73853
v -1339.38672 145.16745 -1379.98853
v -1340.49609 145.000671 -1374.61353
v -1340.88672 144.844147 -1369.73853
v -1339.07422 145.456299 -1386.73853
v -1329.05859 145.864044 -1445.61353
v -1326.57422 145.94931 -1454.73853
v -1325.55334 145.978973 -1458.90515
v -1324.19141 146.033554 -1464.48853
v -1375.26172 139.541779 -909.238586
v -1282.79297 140.997345 -1005.23859
v -1290.79297 141.772003 -991.738586
v -1231.15234 141.865967 -1052.48853
v -1228.60547 141.522064 -1056.73853
v -1224.58984 141.792023 -1063.98853
v -1214.04297 143.931244 -1070.23853
v -1197.46484 144.557678 -1063.73853
v -1372.38672 139.847717 -938.238586
v -1369.19922 139.931427 -942.488586
v -1360.27734 139.722412 -942.488586
v -1361.10547 139.96994 -947.238586
v -1371.82422 139.54245 -915.738586
v -1368.82422 139.517609 -921.238586
v -1362.04297 139.373505 -918.738586
v -1356.01172 139.343674 -918.071899
v -1352.66797 139.321671 -919.738586
v -1355.54297 139.325775 -926.238586
v -1269.94922 140.818451 -1022.23859
v -1278.94922 141.022308 -1000.73859
v -1292.54297 144.400238 -984.238586
v -1297.23047 146.175446 -978.738586
v -1303.91797 145.562714 -977.238586
v -1301.79297 141.073273 -1043.73853
v -1343.44922 140.401154 -1039.73853
v -1353.32422 140.498138 -1029.73853
v -1315.19922 141.173676 -1060.23853
v -1289.94922 140.452423 -1057.23853
v -1286.38672 140.833832 -1054.23853
v -1275.13672 141.251312 -1051.73853
v -1269.29297 141.365601 -1050.23853
v -1264.54297 141.329742 -1049.23853
v -1254.60547 141.37381 -1041.23853
v -1284.33459 140.649994 -970.571899
v -1281.60547 140.409058 -963.488586
v -1274.35547 139.998749 -976.488586
v -1268.66797 140.918671 -986.738586
v -1260.04297 140.856903 -992.238586
v -1253.04297 140.726349 -1001.73859
v -1247.01172 140.609222 -1005.73859
v -1233.26172 146.25296 -1031.23853
v -1226.91797 145.94632 -1039.73853
v -1218.13672 145.562042 -1047.73853
v -1451.56384 140.645248 -1147.23853
v -1090.44922 117.622215 1138.76147
v -1453.82422 116.26516 1220.76147
v -1449.38672 117.007286 1217.76147
v -1443.98047 115.864037 1214.26147
v -1451.41797 116.222191 1232.26147
v -1430.55859 114.052422 1213.01147
v -1088.73047 117.422234 1153.76147
v -1087.66797 117.020676 1149.4281
v -1093.65234 117.569115 1159.01147
v -1096.79297 117.483421 1157.26147
v -1093.60547 118.056175 1167.76147
v -1094.21484 117.198448 1152.76147
v -1094.44922 117.166466 1147.76147
v -1188.69922 117.897301 1070.26147
v -1198.26172 117.929649 1069.26147
v -1205.01172 118.240746 1065.76147
v -1136.69922 117.823997 1095.76147
v -1144.98047 117.843712 1093.26147
v -1153.07422 116.854942 1090.76147
v -1161.07422 116.721214 1086.76147
v -1158.85547 116.761253 1082.76147
v -1280.32422 117.802269 1036.76147
v -1233.88672 117.491905 1056.76147
v -1405.38672 139.777313 -1024.73853
v -1409.23047 139.544464 -1011.23859
v -1417.26172 139.479523 -1004.23859
v -1431.04297 139.355743 -992.238586
v -1442.23047 139.128082 -973.738586
v -1445.20703 139.056305 -966.988586
v -1447.88672 138.990326 -960.238586
v -1454.26172 139.310699 -938.738586
v -1454.57422 139.019989 -929.738586
v -1398.77417 139.90358 -933.738586
v -1391.40759 139.440475 -905.238586
v -1394.48047 139.395172 -903.238586
v -1384.79297 139.487823 -905.738586
v -1417.63672 139.524689 -926.238586
v -1422.98047 139.56723 -933.738586
v -1427.29297 139.410309 -936.238586
v -1425.41797 139.93512 -955.488586
v -1416.40234 139.091095 -977.488586
v -1435.23047 139.255341 -984.238586
v -1438.57422 139.177032 -978.238586
v -1446.54297 139.63327 -941.738586
v -1461.33459 138.702362 -912.571899
v -1392.26172 139.794312 -931.988586
v -1464.60547 138.53183 -893.738586
v -1446.29297 138.737518 -902.238586
v -1440.69922 138.783661 -902.738586
v -1434.76172 138.834747 -899.238586
v -1425.98047 139.027374 -903.238586
v -1397.57422 139.498444 -911.738586
v -1387.44922 139.609955 -916.238586
v -1383.35547 139.615387 -914.738586
v -1379.01172 139.614655 -916.238586
v -1406.54297 139.316437 -903.238586
v 1803.89453 155.351959 -416.238586
v 2107.42578 141.837189 1027.76147
v 2112.51953 141.915436 1031.26147
v 2164.76953 142.274811 1070.76147
v 2172.17578 142.2435 1078.26147
v 2191.86328 142.333282 1082.76147
v 2175.01953 142.325348 1072.76147
v 2171.73828 142.335602 1069.76147
v 2166.45703 142.393158 1061.26147
v 2108.80078 141.826324 1015.26141
v 2047.48828 141.920044 974.761414
v 2052.98828 141.905975 974.761414
v 2061.92578 141.809723 981.594727
v 2020.08203 141.665497 952.761414
v 2004.20703 141.51767 939.261414
v 1994.45703 141.556244 932.261414
v 1835.00391 140.841797 825.511414
v 1837.64453 140.720184 827.261414
v 1842.62891 140.530792 829.511414
v 1850.58203 139.89151 834.761414
v 1855.51953 140.614166 838.761414
v 1880.30078 140.652374 858.761414
v 1893.86328 140.703094 868.761414
v 1907.14453 140.933441 878.761414
v 1927.55078 140.774628 893.761414
v 1831.33203 140.957184 810.261414
v 1777.17578 141.482025 768.761414
v 1985.20703 141.417999 925.761414
v 1937.98828 156.367401 -343.238586
v 1961.45703 156.615265 -330.738586
v 1972.36328 156.707916 -325.738586
v 1978.48828 156.733246 -322.238586
v 2423.73828 151.891571 -118.238586
v 2445.73828 151.576996 -107.238586
v 2452.95703 151.636444 -103.238586
v 1863.58203 153.947235 -219.238586
v 1868.64453 154.037201 -225.738586
v 1781.55078 153.394073 -152.238586
v 1874.20703 154.135284 -228.238586
v 130.175842 124.977043 1020.76141
v 134.707092 125.040306 1004.76141
v 142.100845 125.212425 1001.66144
v 143.957092 125.258934 996.261414
v 139.32428 125.16967 994.386414
v 133.394592 125.200523 966.761414
v 119.207092 125.276695 959.011414
v 133.738342 125.055809 1010.51141
v 118.582092 125.06179 973.761414
v 118.665428 124.947021 992.094727
v 121.644592 124.974022 982.261414
v 130.300842 124.967613 999.261414
v 120.936256 124.929123 996.261414
v 117.308655 124.911034 1004.63641
v 123.988342 124.938316 1015.76141
v 117.496155 124.902275 1009.01141
v 122.238342 124.916222 1011.76141
v -173.386658 125.073814 759.761414
v -42.1366577 128.209076 1085.26147
v -36.1366577 128.259064 1083.76147
v 257.488342 124.98098 1182.26147
v 205.863342 125.74691 1127.26147
v 201.613342 126.322777 1131.26147
v -219.824158 122.274193 1228.76147
v -212.917908 122.404869 1240.76147
v -198.996033 122.171227 1264.38647
v -200.355408 122.317589 1261.76147
v -204.667908 122.472679 1180.26147
v -181.105408 122.852623 1174.76147
v -113.699158 124.543114 1241.76147
v -75.5429077 123.681541 1224.26147
v -38.2304077 123.130577 1210.76147
v 0.550842285 123.402184 1187.26147
v -559.824158 118.97097 1338.26147
v -531.824158 119.650108 1307.26147
v -527.324158 119.744469 1302.26147
v -523.886658 119.690697 1297.76147
v -519.074158 120.135277 1292.26147
v -511.386658 120.142113 1281.76147
v -502.824158 120.304649 1138.76147
v -516.417908 121.985008 1174.76147
v -576.792908 118.958092 1364.76147
v -577.886658 118.640465 1373.26147
v -570.574158 118.35537 1374.76147
v -564.105408 118.817406 1372.76147
v -552.272095 119.088158 1380.26147
v -556.324158 118.295921 1384.26147
v -549.224182 118.859535 1386.86145
v -542.376221 118.90062 1388.9281
v -540.417908 119.216576 1384.76147
v -536.277283 119.439201 1388.76147
v -527.347595 119.120018 1395.38647
v -529.292908 118.380455 1399.26147
v -521.136658 119.685753 1395.76147
v -523.199158 118.842979 1399.26147
v -516.074158 118.776329 1405.76147
v -512.417908 118.767052 1407.76147
v -479.824158 118.865501 1419.76147
v -470.167908 118.789391 1423.76147
v -450.699158 118.52462 1434.76147
v -444.027283 118.558159 1437.76147
v -445.949158 118.480186 1441.26147
v -583.222595 119.395134 1290.51147
v -580.886658 119.766869 1287.26147
v -580.808533 119.250511 1294.01147
v -577.496033 119.588768 1292.01147
v -592.136658 119.176376 1288.26147
v -594.417908 119.296165 1286.26147
v 75.5820923 125.115074 992.261414
v 71.1758423 125.324669 970.261414
v 75.6758423 125.223534 975.761414
v 104.175842 124.947411 1010.76141
v 80.6133423 126.208214 791.761414
v 112.300842 125.161705 968.261414
v 108.988342 125.019218 977.511414
v 95.3737564 125.188988 970.761414
v 91.2227173 125.070732 979.511414
v 93.5195923 125.04174 983.011414
v 100.628967 125.013512 982.011414
v 96.4883423 125.008812 987.511414
v 101.378967 124.976219 994.761414
v 106.457092 124.959984 996.261414
v 114.457092 124.931999 999.511414
v 112.738342 124.919487 1005.51141
v -99.5116577 125.292198 963.761414
v -115.074158 125.016624 975.761414
v -113.714783 125.733696 981.011414
v -116.074158 126.326866 984.261414
v -127.917908 126.329491 985.261414
v -124.949158 127.282677 990.761414
v -121.808533 124.167198 781.511414
v 7.20709229 125.348808 957.761414
v -32.6054077 125.350731 980.761414
v -50.1679077 125.955101 990.261414
v -65.3554077 126.352501 998.261414
v -83.3241577 127.838768 1007.26141
v -97.3866577 129.095856 1024.76147
v -100.261658 129.424042 1031.76147
v -117.371033 126.939568 1078.51147
v 30.3633423 125.578575 915.761414
v -154.949158 123.529442 805.761414
v -151.199158 123.765404 801.761414
v -140.574158 123.803307 796.761414
v -135.417908 123.870789 793.928101
v -130.574158 123.973106 791.261414
v -122.949158 124.045715 785.594727
v -118.980408 124.107079 784.761414
v -117.386658 124.24984 777.261414
v -111.199158 124.30233 778.761414
v -605.136658 120.883957 901.761414
v -609.699158 120.777306 904.761414
v -624.167908 120.837303 916.761414
v -618.938721 120.778137 912.094727
v -591.355408 120.155418 892.261414
v -570.449158 119.605858 888.261414
v -566.355408 119.472069 886.761414
v -576.011658 119.603905 890.261414
v -590.730408 119.39016 902.261414
v -578.136658 119.396629 898.761414
v -621.886658 120.803429 914.261414
v -600.949158 120.541649 897.761414
v -547.855408 122.17141 1028.26147
v -550.355408 122.514427 1013.26141
v -568.542908 122.317833 1024.26147
v -674.324158 118.415367 985.761414
v -633.917908 121.06118 929.761414
v -687.886658 120.019646 982.261414
v -589.417908 121.414818 1035.26147
v -682.917908 119.21682 987.761414
v -686.886658 120.087303 979.261414
v -694.542908 119.902977 987.928101
v -673.511658 120.111168 970.261414
v -671.542908 120.161278 966.761414
v -667.167908 120.092796 961.261414
v -657.261658 120.312889 951.261414
v -640.621033 120.910789 936.761414
v -699.011658 119.330101 996.761414
v -577.917908 122.235558 1035.26147
v -559.167908 121.472313 1047.76147
v -559.136658 121.62545 995.761414
v -558.230408 122.064842 1001.26141
v -561.605408 122.1791 1009.76141
v -564.230408 122.087059 1015.26141
v -648.324158 120.102562 951.761414
v -653.589783 119.838982 957.261414
v -656.964783 119.77166 961.261414
v -666.792908 119.55526 971.261414
v -670.792908 119.509361 975.261414
v -673.522095 119.069626 980.594727
v -605.402283 120.752007 1044.76147
v -607.121033 120.617149 1042.26147
v -610.761658 120.3731 1044.76147
v -612.230408 120.164421 1041.01147
v -615.042908 119.968956 1042.76147
v 1195.45703 155.328583 -372.238586
v 1210.89453 149.286652 -302.738586
v 1208.20703 149.180145 -296.738586
v 1210.86328 154.902557 -367.738586
v 1203.89453 151.968658 -336.738586
v 1197.95703 150.66391 -332.238586
v 1198.17578 154.819977 -354.238586
v 1202.14453 154.492157 -348.738586
v 1206.05078 153.565033 -343.738586
v 1206.26953 150.634308 -329.238586
v 1195.73828 150.105682 -329.238586
v 1214.14453 151.778625 -457.738586
v 965.738342 146.738434 -339.738586
v -1084.10547 117.165367 1141.26147
v -965.511658 113.809471 1236.26147
v -925.949158 115.463036 1278.26147
v -876.042908 117.885765 1293.76147
v -970.480408 117.346886 1359.26147
v -974.459595 117.313461 1363.4281
v -978.214783 117.403343 1365.51147
v -1006.85541 117.667015 1393.76147
v -1011.29291 117.704369 1391.76147
v -1020.41791 118.780235 1400.26147
v -832.058533 118.287529 1335.01147
v -834.277283 118.090385 1340.51147
v -836.011658 117.946007 1344.26147
v -851.417908 117.716576 1355.76147
v -883.417908 118.264549 1350.26147
v -1077.88672 117.142845 1146.76147
v -1074.07422 117.247704 1148.76147
v -1078.10547 117.64254 1153.76147
v -1080.94922 117.140587 1150.26147
v -487.136658 120.563255 1252.76147
v -481.730408 120.47097 1246.26147
v -478.949158 120.554588 1242.76147
v -462.324158 120.768456 1222.76147
v -459.699158 120.874596 1218.26147
v -423.261658 121.497643 1170.26147
v -416.042908 121.496788 1161.26147
v -273.324158 121.663658 1235.26147
v -266.074158 122.828514 1150.76147
v -254.542908 122.783836 1149.76147
v -471.667908 121.314018 1206.26147
v -464.205414 121.351448 1198.86145
v -460.636658 121.544273 1199.76147
v -458.371033 122.200706 1193.26147
v -441.136658 121.864769 1163.76147
v -479.199158 121.987083 1150.76147
v -491.324158 120.572899 1129.26147
v -480.761658 121.268394 1198.76147
v -463.542908 122.070457 1193.26147
v -470.011658 122.073936 1187.76147
v -453.917908 121.639061 1179.76147
v -326.792908 122.431541 1136.76147
v -245.949158 122.800835 1148.51147
v -344.355408 122.429893 1118.26147
v -356.730408 122.553429 1146.76147
v -437.480408 118.714317 1440.26147
v -432.855408 118.602257 1444.26147
v -426.871033 118.474998 1450.76147
v -425.949158 118.426537 1453.26147
v -420.167908 118.448997 1453.26147
v -415.240814 118.604431 1453.76147
v -404.589783 118.405266 1462.76147
v -392.917908 117.923668 1467.76147
v -383.667908 119.372887 1470.76147
v -385.511658 118.923302 1475.76147
v -179.605408 120.664085 1402.26147
v 263.019592 144.57724 -457.738586
v 260.144592 144.076141 -450.488586
v 265.582092 144.365021 -451.238586
v 262.488342 143.516388 -440.738586
v 249.660217 143.255463 -445.738586
v 255.550842 143.415619 -446.738586
v 251.582092 144.569427 -462.238586
v 258.691467 144.581207 -462.488586
v 253.175842 144.575531 -456.238586
v 246.394592 144.533905 -463.238586
v 246.535217 143.6362 -452.988586
v 241.175842 144.324982 -455.488586
v 224.394592 143.162018 -449.738586
v 213.769592 143.137177 -451.238586
v 186.957092 143.034607 -456.488586
v 180.175842 143.010529 -458.238586
v 173.957092 143.108368 -462.738586
v 160.425842 143.143036 -463.238586
v 151.102921 143.429474 -469.238586
v 151.488342 143.506256 -471.738586
v 12.4570923 142.448212 -463.738586
v 105.363342 142.787872 -461.738586
v 111.550842 142.758087 -461.238586
v 117.738342 142.680573 -459.738586
v 127.707092 142.646393 -458.238586
v 142.332092 143.000702 -454.238586
v 150.707092 142.977631 -453.238586
v 211.769592 142.955536 -438.738586
v 223.972717 143.010773 -435.488586
v 251.175842 143.166962 -428.738586
v -11.9179077 141.741791 -428.738586
v -10.5116577 141.822601 -432.738586
v 4.92584229 142.307404 -455.738586
v 272.613342 143.357513 -438.238586
v 164.363342 144.09726 -489.738586
v 185.613342 143.963593 -481.738586
v 205.363342 144.131256 -476.738586
v 200.582092 144.462738 -490.238586
v 208.675842 144.462921 -488.238586
v 213.988342 144.538849 -489.738586
v 219.519592 144.521942 -487.738586
v 224.425842 144.615631 -490.738586
v 228.269592 144.605194 -486.738586
v 236.082092 144.601898 -484.238586
v 240.300842 144.588409 -479.238586
v 249.300842 144.582306 -474.238586
v 263.925842 144.628922 -479.238586
v 266.363342 144.647186 -483.238586
v -847.511658 138.649323 -596.238586
v -873.746033 143.851318 -1076.23853
v -877.761658 143.82077 -1074.5719
v -885.464783 143.811523 -1073.73853
v -891.355408 143.774017 -1073.48853
v -896.761658 143.723633 -1072.23853
v -899.824158 143.69693 -1071.23853
v -824.699158 145.730255 -1213.23853
v -844.480408 144.576019 -1086.48853
v -831.089783 144.792999 -1090.98853
v -817.746033 145.025421 -1096.23853
v -820.761658 144.969147 -1092.73853
v -836.761658 139.225067 -616.988586
v -828.230408 141.427246 -611.488586
v -823.355408 141.150604 -611.738586
v -821.792908 141.610809 -606.238586
v -816.647095 141.640762 -603.071899
v -813.855408 141.360626 -600.738586
v -809.621033 141.500763 -598.488586
v -807.714783 141.621521 -594.488586
v -812.542908 141.223846 -593.738586
v -821.636658 141.666351 -591.238586
v -814.574158 140.952301 -589.738586
v -817.355408 141.447662 -586.738586
v -812.105408 140.847443 -582.238586
v -805.246033 140.985046 -583.488586
v -844.667908 139.342926 -583.738586
v -842.496033 139.810455 -596.238586
v -844.209595 138.735687 -603.571899
v -841.699158 138.608185 -614.238586
v -829.761658 145.984833 -1287.23853
v -831.136658 146.163116 -1299.73853
v -839.699158 146.770752 -1340.98853
v -353.730408 131.421051 143.761414
v -343.761658 131.423431 154.261414
v -316.402283 131.418396 174.261414
v -300.386658 131.130463 189.261414
v -261.542908 132.928314 33.7614136
v -273.230408 132.747467 62.2614136
v -275.699158 132.709076 65.7614136
v -283.824158 132.30246 85.2614136
v -299.886658 131.672333 124.261414
v -301.730408 131.690399 129.761414
v -280.917908 132.699921 62.2614136
v -299.792908 131.550079 162.761414
v -299.417908 131.547577 158.261414
v -297.511658 131.625031 149.261414
v -295.292908 131.692535 144.261414
v -260.886658 132.752106 61.7614136
v -253.167908 132.793243 41.2614136
v -246.449158 132.932098 31.7614136
v 1007.23834 145.717072 -258.238586
v 1016.76959 146.575104 -285.238586
v 1082.92578 148.490082 -334.738586
v 1077.45703 148.15033 -333.738586
v 1021.92584 145.597443 -249.738586
v 1041.75391 147.897644 -316.488586
v 1032.43616 147.282028 -309.405243
v 1032.80078 147.948944 -313.988586
v 1033.67578 146.060211 -325.238586
v 1037.30078 145.718353 -330.238586
v 1036.09766 145.330994 -338.488586
v 1042.87891 145.359863 -338.488586
v 1045.91016 145.474304 -334.488586
v 1182.70703 150.200104 -336.238586
v 1057.36328 145.803802 -335.238586
v 1065.33203 146.675507 -332.238586
v 1069.30078 147.1539 -330.238586
v 1053.03516 145.767334 -329.738586
v 1059.39453 146.410248 -324.738586
v 1046.17578 146.606476 -322.238586
v 1045.61328 146.057007 -327.238586
v 1065.92578 146.74295 -326.738586
v 1061.86328 146.961273 -319.238586
v 1081.12891 147.976624 -318.988586
v 1085.67578 148.050262 -319.238586
v 1093.84766 148.05957 -319.238586
v 1103.36328 148.130157 -318.738586
v 1103.05078 148.099976 -325.488586
v 1112.95703 148.2117 -319.738586
v 1137.70703 148.616791 -341.738586
v 1088.83203 148.163116 -324.238586
v 979.925842 145.733124 -337.738586
v 1044.61328 145.757965 -330.238586
v 969.957092 145.043427 -382.738586
v 1043.91016 145.168243 -357.738586
v 1041.39453 145.155792 -356.738586
v 1046.92578 145.172638 -362.738586
v 1046.73828 145.138336 -369.238586
v 1047.51953 145.104889 -382.738586
v 1049.25391 145.297974 -397.988586
v 1051.39453 145.390533 -402.238586
v 1052.58203 146.36441 -417.738586
v 1069.75391 148.384613 -412.738586
v 1077.17578 149.493011 -409.738586
v 1085.12891 150.499512 -407.238586
v 1113.20703 151.894073 -393.238586
v 1150.76953 153.907562 -372.238586
v 1163.80078 153.974213 -360.238586
v 1170.14453 152.058319 -349.988586
v 1182.08203 155.330292 -363.238586
v 1193.83203 155.088348 -358.738586
v 1188.11328 154.068695 -349.738586
v 1066.45703 147.010651 -382.238586
v 1068.89453 147.899506 -372.738586
v 970.644592 149.289276 -468.238586
v 979.832092 148.465424 -464.238586
v 996.144592 147.839508 -457.738586
v 1004.48834 147.812347 -454.738586
v 1014.23834 148.082062 -450.738586
v 1030.64453 148.520355 -443.238586
v 1054.76953 150.311066 -434.238586
v 1062.08203 150.363129 -430.738586
v 1073.11328 151.227325 -426.238586
v 1097.20703 151.659454 -416.238586
v 1119.70703 151.994293 -407.238586
v 1129.01953 151.992462 -402.238586
v 1138.30078 152.015594 -399.238586
v 1168.42578 151.986938 -384.738586
v 1174.33203 152.038055 -382.238586
v 1189.30078 155.16861 -375.738586
v 1098.61328 154.120941 -376.238586
v -86.0741577 126.353783 377.761414
v -82.6991577 126.366417 374.761414
v -77.1991577 126.544701 382.261414
v -131.730408 125.226036 376.261414
v -95.3866577 126.179405 387.761414
v -93.4491577 126.920677 395.761414
v -87.4022827 128.433228 412.511414
v -83.4179077 128.422577 409.261414
v -107.261658 126.46096 418.761414
v -169.074158 125.193687 459.261414
v -177.355408 125.487877 485.261414
v -177.355408 125.530602 489.761414
v -27.8866577 126.394432 526.261414
v -165.074158 126.034752 401.261414
v -155.511658 126.109398 384.761414
v -39.4491577 127.986351 396.761414
v -41.4804077 127.7015 452.761414
v -163.261658 124.778587 449.761414
v -175.542908 125.55526 493.761414
v -173.511658 125.518578 500.261414
v -513.667908 122.638573 1008.26141
v -501.605408 122.393333 1006.26141
v -501.785095 122.78817 932.886414
v -508.855408 122.359703 934.261414
v -516.433533 121.923454 945.011414
v -513.917908 122.109764 937.886414
v -511.136658 122.316917 937.761414
v -399.667908 123.331078 929.761414
v -409.511658 123.233421 933.761414
v -414.699158 123.207054 937.261414
v -420.261658 123.188438 936.761414
v -441.730408 123.063377 957.761414
v -444.574158 122.882957 963.261414
v -435.699158 122.977806 962.761414
v -440.386658 122.572411 971.261414
v -456.511658 122.402672 974.261414
v -477.136658 122.9645 960.261414
v -467.417908 122.720055 962.761414
v -466.324158 122.961937 904.261414
v -471.042908 122.814171 904.261414
v -496.855408 122.283958 1019.26141
v -491.355408 122.359276 1004.76141
v -439.996033 122.307823 983.261414
v -408.980408 123.018456 955.261414
v -451.917908 122.304039 993.261414
v -456.761658 122.274559 994.261414
v -462.855408 122.256126 990.261414
v -458.730408 122.240562 979.761414
v -438.574158 122.358849 988.761414
v -442.136658 122.365868 998.261414
v -404.417908 122.951012 959.261414
v -488.371033 123.069389 916.011414
v -488.574158 122.977074 912.761414
v -493.699158 122.857689 912.261414
v -485.542908 121.41552 755.761414
v -480.917908 121.595116 750.761414
v -474.933533 121.632805 750.011414
v -470.621033 122.016167 745.261414
v -469.589783 122.12661 741.511414
v -464.761658 122.21328 742.011414
v -464.063751 122.169128 738.094727
v -460.428314 122.152367 738.261414
v -462.292908 122.157433 735.761414
v -457.441345 122.140434 734.761414
v -456.183533 122.180626 732.011414
v -452.433533 122.111382 731.011414
v -449.709564 122.08812 728.594727
v -446.855408 122.14502 725.761414
v -497.058533 121.451866 764.511414
v -493.647064 121.440231 762.761414
v -492.105408 121.487816 760.261414
v -488.730408 121.444786 757.761414
v -460.074158 121.46627 749.261414
v 90.3008423 149.879547 -924.238586
v 36.0195923 148.066498 -822.238586
v 41.1445923 148.262115 -822.238586
v 264.144592 151.610352 -917.238586
v 50.6445923 150.066986 -963.738586
v 30.1758423 148.536041 -892.738586
v 0.0820922852 147.362701 -844.238586
v 462.316467 150.733063 -846.488586
v 503.144592 150.373932 -818.738586
v 534.613342 150.448761 -818.738586
v 538.363342 150.598724 -826.738586
v 510.425842 150.50705 -830.238586
v 504.800842 150.520721 -834.238586
v 506.019592 150.650909 -839.738586
v 500.957092 150.646942 -843.738586
v 567.238342 152.75766 -962.238586
v 535.675842 152.697235 -995.238586
v 534.300842 152.59549 -988.738586
v 574.269592 152.789886 -979.238586
v -291.011658 146.618256 -980.738586
v 433.128967 133.334106 624.511414
v 486.300842 133.461273 563.761414
v 489.144592 133.531525 559.261414
v 494.113342 133.640656 553.261414
v 539.550842 134.731354 508.261414
v 535.113342 134.639252 513.761414
v 526.535217 134.319489 523.011414
v 519.816467 134.158447 531.011414
v 492.363342 133.561798 562.261414
v 476.613342 133.441559 581.761414
v 456.128967 133.076569 606.011414
v 429.832092 133.091644 635.261414
v 929.019592 135.318451 519.261414
v 999.644592 144.806 -160.238586
v 993.019592 144.753876 -158.238586
v 548.269592 134.989594 152.761414
v 565.082092 135.804962 168.261414
v 573.175842 136.044647 173.761414
v 809.863342 138.757538 123.261414
v 804.550842 138.636749 137.261414
v 563.503967 134.951172 481.761414
v 545.363342 134.921234 502.261414
v 1276.05078 147.785797 -157.738586
v 1269.95703 147.568512 -153.238586
v 1265.09766 147.46814 -155.238586
v 1264.16797 147.374756 -149.488586
v 1258.38416 147.225571 -147.571915
v -6.88665771 128.82785 558.761414
v -10.2929077 128.584686 551.761414
v -6.32415771 128.145905 544.761414
v -0.480407715 128.044037 542.761414
v -1.35540771 127.621422 538.261414
v 18.5195923 127.272362 503.261414
v 15.4883423 127.643639 611.261414
v -13.6054077 130.179413 609.761414
v 1.92584229 128.499176 564.761414
v 6.14459229 128.605988 565.761414
v 10.3112593 128.665375 561.928101
v 20.0508423 127.284019 526.761414
v -18.1991577 128.401703 576.761414
v -8.66790771 127.776329 581.761414
v 16.7695923 128.787872 580.761414
v -0.855407715 128.316559 570.261414
v 161.707092 127.419762 742.261414
v 193.988342 127.962334 726.261414
v 248.363342 128.546234 700.261414
v 286.019592 129.510834 686.761414
v 312.363342 130.568024 676.761414
v 337.863342 131.19339 668.761414
v 185.769592 127.737999 735.261414
v 172.457092 127.46859 742.761414
v 137.738342 126.811424 760.761414
v 134.144592 126.728355 762.761414
v 89.2070923 126.706902 688.261414
v 92.8008423 126.856834 681.261414
v 92.0039673 126.71273 692.261414
v 94.3425064 126.718246 696.261414
v 85.8320923 126.623894 700.261414
v 96.9102173 126.736855 699.761414
v 97.8008423 126.740623 702.761414
v 95.0664673 126.572014 711.511414
v 102.894592 126.876953 709.428101
v 107.300842 126.999535 702.761414
v 135.894592 127.346581 678.261414
v 145.79303 127.485603 680.261414
v 147.863342 127.50695 683.511414
v 151.003967 127.592094 675.011414
v 147.113342 127.540733 671.761414
v 159.982086 127.765305 674.061401
v 162.457092 127.860069 670.261414
v 160.691467 127.815926 665.136414
v 156.873764 127.718002 665.094727
v 170.847717 128.116852 661.761414
v 178.332092 128.296936 666.428101
v 180.682098 128.31279 662.461426
v 179.238342 128.241745 656.861389
v 161.035217 127.797935 661.511414
v 165.535217 127.901726 656.761414
v 126.207092 127.223289 696.261414
v 136.582092 127.353722 691.261414
v 141.050842 127.429039 674.761414
v 165.644592 127.961998 663.261414
v 638.394592 145.781586 -609.238586
v 641.394592 151.454376 -709.738586
v 509.394592 150.364227 -813.738586
v 515.738342 150.361664 -809.738586
v 528.644592 150.331635 -800.738586
v 563.769592 150.227142 -778.738586
v 578.582092 150.469452 -772.738586
v 793.738342 152.212006 -757.738586
v 587.457092 150.864227 -725.238586
v 555.957092 151.956757 -677.738586
v 558.863342 152.130035 -683.738586
v 561.769592 152.230865 -689.738586
v 564.832092 152.232086 -695.738586
v 740.769592 144.482941 -488.238586
v 647.363342 145.99057 -430.738586
v 660.863342 146.001862 -433.238586
v 616.425842 151.772705 -669.988586
v 616.597717 151.707916 -676.238586
v 777.144592 151.748871 -758.738586
v 661.894592 151.620331 -763.738586
v 611.050842 150.817291 -765.738586
v 41.7695923 144.727875 -576.738586
v 34.2070923 144.735992 -580.738586
v -25.4179077 144.431366 -606.738586
v -33.9179077 144.306732 -606.738586
v 18.2383423 144.853195 -598.363586
v 26.1133423 144.847565 -592.738586
v 33.1914673 144.810303 -586.738586
v 40.0508423 144.832794 -588.738586
v 42.7383423 144.868073 -597.238586
v 45.2695923 144.854828 -587.238586
v 44.3008423 144.819733 -582.738586
v 35.8633423 144.754791 -628.738586
v 31.7227173 144.918533 -620.613586
v 30.3841763 144.945633 -624.571899
v 30.9987583 144.872467 -629.738586
v 35.0300102 144.835541 -622.905273
v 36.5508423 144.87735 -619.238586
v 33.4883423 144.953171 -613.738586
v 30.3633423 145.000336 -614.488586
v 29.0820923 144.994385 -609.988586
v -24.0741577 144.785339 -612.738586
v -2.48040771 144.938049 -609.238586
v 4.67584229 144.970795 -608.738586
v 0.644592285 144.828461 -603.738586
v 13.9883423 145.035919 -609.738586
v 26.0508423 145.017792 -606.238586
v 24.9727173 144.997681 -601.988586
v -456.667908 121.16024 862.761414
v -446.433533 122.449516 837.011414
v -468.199158 121.143517 773.761414
v -395.386658 122.061302 773.261414
v -491.761658 121.528282 821.261414
v -481.292908 121.145348 816.261414
v -485.105408 121.36544 805.261414
v -460.324158 121.262108 864.761414
v -458.188751 120.973007 770.761414
v -448.464783 122.069389 842.011414
v -434.855408 123.65847 848.761414
v -439.105408 123.137657 843.761414
v -438.886658 123.386681 834.261414
v -438.074158 123.307396 827.511414
v -404.417908 120.260521 777.761414
v -401.371033 121.316551 783.511414
v -404.355408 121.510826 791.761414
v -409.105408 120.254967 769.761414
v -410.761658 119.510155 773.761414
v -447.917908 120.436699 775.511414
v -442.980408 120.17025 773.761414
v -331.511658 123.003197 939.761414
v -327.386658 122.874718 933.761414
v -322.636658 123.010704 927.761414
v -309.792908 123.315758 909.761414
v -305.511658 123.368126 904.261414
v -316.792908 123.856529 892.261414
v -321.074158 123.523216 898.261414
v -334.324158 123.769127 915.761414
v -338.324158 124.101219 921.261414
v -342.542908 124.146629 926.761414
v -346.699158 123.705833 932.761414
v -350.574158 123.496178 940.261414
v -355.042908 122.835655 945.261414
v -358.949158 122.586082 949.761414
v -358.803314 125.772583 917.428101
v -386.886658 124.001793 892.761414
v -251.699158 123.264 945.761414
v -217.574158 123.633324 915.761414
v -246.949158 123.360985 927.261414
v -306.355408 123.836632 878.761414
v -377.824158 124.646629 938.261414
v -373.464783 124.516441 932.761414
v -364.865814 125.185364 924.428101
v -356.074158 125.802879 913.261414
v -353.824158 125.219322 909.011414
v -351.334564 124.441734 904.761414
v -348.542908 124.078392 901.011414
v -347.472595 123.943657 897.261414
v -343.589783 123.868675 898.261414
v -344.667908 123.847229 893.594727
v -338.886658 123.780876 892.011414
v -343.761658 123.864403 890.261414
v -341.871033 123.827477 884.511414
v -337.074158 123.803734 880.761414
v -330.980408 123.733696 881.011414
v -341.824158 124.021446 875.761414
v -343.917908 122.697044 958.261414
v -324.542908 122.427818 1030.76147
v -295.480408 122.687889 996.261414
v -283.261658 122.909691 981.261414
v -273.386658 123.13546 968.761414
v -270.355408 123.11367 965.261414
v -264.011658 123.137657 958.761414
v -282.449158 123.063255 963.261414
v -303.230408 122.494591 980.261414
v -308.261658 122.523033 992.761414
v -300.855408 122.678795 1002.76141
v -333.011658 122.149498 1047.26147
v -355.074158 122.364159 968.261414
v 1292.70703 151.553558 -504.238586
v 1300.42578 153.153473 -550.238586
v 1271.16016 152.829071 -545.738586
v 1273.20703 152.821198 -528.738586
v 1271.86328 151.939362 -514.738586
v 1232.98828 152.99826 -551.238586
v 1283.26953 151.870453 -481.738586
v 1273.30078 151.922943 -492.238586
v 1278.20703 151.876831 -499.488586
v 1285.31641 151.584686 -508.238586
v 1284.01953 151.649841 -513.488586
v 1289.76953 151.859406 -516.238586
v 1277.55078 152.508881 -519.238586
v 1273.48828 152.455841 -519.238586
v 1273.92578 153.014496 -537.238586
v 1284.30078 153.036407 -546.738586
v 1291.65491 153.084091 -543.905273
v 1299.30078 153.12558 -541.738586
v 1293.98828 153.08017 -537.738586
v 1297.08203 153.025299 -533.738586
v 1293.86328 152.960358 -531.238586
v 1304.36328 153.184784 -555.738586
v 1304.58203 153.191498 -562.738586
v 1218.64453 153.456772 -371.57193
v 1227.62891 152.561951 -370.738586
v 1227.25391 152.065125 -373.488586
v 1222.64453 152.791595 -373.238586
v 1228.55078 151.068634 -391.238586
v 1237.20703 151.193207 -374.238586
v 1235.58203 151.259186 -386.738586
v 1240.43359 151.187592 -385.363586
v 1217.51953 150.988068 -322.238586
v 1227.00391 151.084412 -317.988586
v 1230.98828 151.300934 -319.238586
v 1234.55078 151.056244 -315.238586
v 1247.41016 150.573456 -313.738586
v 1252.89453 150.309906 -309.738586
v 1258.30078 149.670502 -307.738586
v 1266.45703 149.594025 -300.738586
v 1274.26953 149.611359 -299.238586
v 1282.33203 149.723053 -297.738586
v -11.3241577 145.527161 -717.738586
v -9.76165771 145.481171 -721.238586
v -72.0585327 145.847656 -703.988586
v -80.4804077 146.359253 -688.238586
v -73.7304077 145.868561 -684.238586
v -68.0741577 145.651276 -682.238586
v -48.3449898 145.52681 -684.571899
v -44.1991577 145.347076 -682.488586
v -42.5429077 145.278717 -673.738586
v -36.0272827 145.330963 -673.988586
v -29.6054077 145.373871 -677.488586
v -16.1054077 145.49118 -673.238586
v -10.8554077 145.696991 -680.238586
v -10.2929077 145.689423 -675.238586
v 3.75396729 145.203705 -680.488586
v 30.8320923 144.760712 -672.738586
v 38.7695923 144.742279 -671.238586
v 29.3008423 144.787323 -648.738586
v 33.7695923 144.65274 -652.238586
v 24.6445923 144.864685 -654.488586
v 20.1602173 144.94928 -655.238586
v 10.9883423 145.402557 -655.238586
v 4.64459229 145.969574 -656.238586
v -1.07415771 146.465393 -656.988586
v -6.52207422 147.007034 -657.405273
v -15.8241577 147.255341 -657.238586
v -23.6991577 146.992035 -657.238586
v -33.1366577 146.612518 -657.738586
v -53.5741577 145.230682 -670.238586
v -62.2929077 145.22879 -672.738586
v -80.0741577 145.257202 -673.488586
v -63.7460327 145.790588 -717.988586
v -66.8554077 146.148895 -690.238586
v -64.7929077 145.777252 -685.238586
v -75.4491577 146.146423 -696.488586
v -65.9804077 145.970123 -709.738586
v -60.0116577 145.857574 -720.238586
v -78.1054077 146.20694 -686.238586
v -73.7304077 146.146515 -690.238586
v -58.1679077 145.843719 -687.738586
v -57.2929077 145.58316 -683.738586
v -49.1366577 145.399261 -680.738586
v -47.3866577 145.239532 -674.738586
v 9.53521729 145.026093 -680.488586
v 736.425842 145.520477 -334.238586
v 728.019592 146.116425 -342.738586
v 718.332092 145.050873 -356.238586
v 714.207092 143.487091 -370.738586
v 762.675842 143.499664 -389.238586
v 764.582092 143.874481 -392.738586
v 770.675842 144.97049 -407.238586
v 776.175842 144.902496 -422.738586
v 766.613342 144.526886 -428.238586
v 692.738342 143.589691 -396.738586
v 694.769592 143.450043 -393.238586
v 699.175842 143.437286 -394.738586
v 696.155029 143.457169 -381.07193
v 696.277405 143.628815 -374.988586
v 698.217529 144.467087 -369.405243
v 698.394592 145.427948 -356.738586
v 703.050842 145.575409 -350.738586
v 710.707092 145.934753 -345.488586
v 731.800842 143.414886 -386.238586
v 737.207092 144.215302 -409.738586
v 743.425842 144.190826 -412.738586
v 743.425842 144.293182 -424.738586
v 751.800842 144.525787 -437.738586
v 742.207092 144.482574 -433.738586
v 744.519592 144.385651 -438.238586
v 749.894592 144.236176 -451.738586
v 764.050842 144.327972 -446.738586
v 771.082092 144.486176 -440.238586
v 780.675842 144.768646 -448.738586
v 790.050842 145.349396 -468.738586
v 793.207092 145.364105 -472.238586
v 775.488342 145.152679 -476.238586
v 730.082092 144.344086 -485.738586
v 741.519592 144.402069 -481.238586
v 754.394592 144.468048 -476.238586
v 764.207092 144.570465 -472.238586
v 691.613342 144.018646 -438.738586
v 784.816467 145.939697 -336.988586
v 797.394592 146.469513 -334.738586
v 800.503967 146.964142 -349.988586
v 802.300842 146.932098 -345.738586
v 815.519592 146.155182 -326.238586
v 821.488342 146.078766 -324.238586
v 826.082092 146.087311 -321.738586
v 831.082092 146.174042 -320.738586
v 845.503967 145.629608 -432.488586
v 842.738342 145.675934 -435.238586
v 840.582092 145.892059 -445.238586
v 840.332092 145.982269 -449.238586
v 834.863342 145.646484 -435.988586
v 837.988342 145.624176 -434.238586
v 809.800842 147.470276 -356.988586
v 802.884155 147.373016 -358.905243
v 809.675842 147.423798 -362.238586
v 807.363342 147.452545 -368.238586
v 820.410217 145.531281 -392.988586
v 821.019592 145.622116 -399.905243
v 801.457092 145.341949 -429.738586
v 785.394592 145.232147 -397.738586
v 786.175842 145.379364 -387.738586
v 751.925842 144.538055 -483.738586
v 764.832092 144.636566 -479.238586
v 795.644592 145.296478 -414.738586
v 696.644592 146.018585 -362.238586
v 793.847717 145.380951 -483.238586
v 759.175842 143.414154 -384.738586
v 753.300842 143.413239 -370.238586
v 474.332092 135.169342 269.761414
v 477.285217 135.363922 266.511414
v 488.894592 135.996979 262.761414
v 478.863342 135.087738 244.261414
v 497.894592 135.668915 254.511414
v 521.957092 134.465607 244.761414
v 508.238342 133.855133 224.261414
v 503.957092 135.320404 243.761414
v 496.988342 135.403442 245.511414
v 510.925842 135.103546 244.261414
v 500.925842 133.928802 230.511414
v 508.175842 134.115997 229.261414
v -498.699158 129.312164 181.261414
v -499.261658 129.410126 174.761414
v -483.136658 131.720734 42.7614136
v -478.105408 131.677643 45.7614136
v -485.324158 131.625885 50.2614136
v -490.074158 131.566986 53.2614136
v -477.230408 131.594086 51.7614136
v -471.386658 131.589386 52.2614136
v -468.199158 131.556549 54.7614136
v -466.542908 131.4534 62.2614136
v -463.511658 131.47348 63.2614136
v -459.792908 131.554962 61.7614136
v -460.292908 131.46994 66.7614136
v -455.886658 131.461823 71.7614136
v -469.886658 131.335968 73.2614136
v -423.839783 131.864075 92.5114136
v -422.402283 131.497559 103.261414
v -442.746033 131.285431 114.261414
v -492.636658 130.487762 134.761414
v -484.480408 131.838348 35.7614136
v -467.667908 131.642426 49.2614136
v -397.636658 131.776398 90.2614136
v -418.292908 131.718597 73.2614136
v -421.199158 131.70163 70.2614136
v -443.136658 130.33139 147.761414
v -436.105408 130.663788 147.261414
v -417.949158 131.48172 105.761414
v -413.355408 131.58316 100.261414
v -428.386658 131.395599 112.761414
v -432.292908 131.343109 117.261414
v -440.324158 131.161804 128.261414
v -444.480408 130.83551 133.261414
v -455.136658 130.3508 158.261414
v -468.074158 130.218231 168.261414
v -473.167908 129.871552 171.761414
v -479.386658 129.55777 175.261414
v -485.261658 129.456696 179.761414
v -492.605408 129.310516 186.261414
v -482.136658 130.530121 133.261414
v -471.199158 130.739899 133.261414
v -466.417908 130.588715 138.261414
v -432.089783 131.635925 84.2614136
v -427.902283 131.800476 87.7614136
v -493.855408 131.496796 57.7614136
v -491.011658 129.113312 204.261414
v -486.074158 129.087738 212.261414
v -483.386658 129.085663 215.761414
v -479.720001 129.068146 221.594742
v -469.167908 129.032074 237.261414
v -457.501251 128.937027 255.928085
v -448.261658 129.170746 249.761414
v -453.730408 129.236053 243.261414
v -462.074158 128.97287 250.761414
v 438.175842 126.854332 1347.76147
v 448.571686 126.670151 1343.9281
v 455.582092 126.532249 1342.51147
v -16.2304077 121.211205 1345.26147
v -192.542908 123.000633 1274.76147
v -750.199158 135.306549 -375.238586
v -747.542908 135.22171 -380.738586
v -850.308533 138.519836 -514.738586
v -837.777283 137.974091 -504.488586
v -833.542908 137.543823 -503.738586
v -830.886658 136.797882 -503.238586
v -816.386658 136.162964 -500.988586
v -808.199158 136.287323 -499.238586
v -803.542908 136.556 -496.238586
v -798.386658 136.878387 -494.238586
v -785.011658 137.329071 -493.238586
v -624.949158 138.286285 -502.238586
v -633.167908 138.386566 -503.738586
v -637.949158 138.363983 -503.738586
v -648.574158 138.258331 -505.238586
v -730.074158 136.124664 -416.238586
v -719.605408 138.027435 -433.738586
v -707.542908 137.905731 -454.738586
v -689.917908 138.243256 -485.238586
v -601.605408 140.479401 -636.238586
v -855.542908 139.259735 -542.738586
v -798.574158 138.680725 -576.238586
v -794.886658 137.919403 -573.238586
v -794.480408 139.57254 -566.238586
v -789.417908 139.744965 -565.238586
v -764.230408 139.014496 -541.238586
v -767.105408 138.82431 -534.738586
v -774.001221 138.070541 -517.405273
v -773.136658 138.003326 -513.738586
v -772.886658 137.851654 -506.488586
v -845.167908 138.403931 -513.238586
v -839.230408 138.572174 -518.738586
v -816.199158 136.749298 -511.738586
v -803.292908 136.592682 -507.238586
v -800.324158 136.757782 -501.238586
v -788.167908 137.283478 -505.238586
v -782.871033 137.442719 -501.238586
v -780.824158 137.466583 -496.238586
v -841.261658 139.255402 -576.738586
v -864.324158 138.813141 -528.738586
v -861.136658 138.667145 -534.738586
v -850.417908 139.485352 -550.738586
v -846.730408 139.377106 -557.238586
v -851.886658 139.403351 -560.238586
v 324.644592 142.159454 -339.238586
v 326.332092 141.304352 -326.238586
v 252.832092 140.301117 -273.238586
v 257.488342 140.358246 -279.238586
v 260.457092 140.3909 -282.238586
v 276.441467 140.767731 -288.488586
v 286.769592 140.467438 -279.238586
v 295.488342 140.259613 -271.238586
v 304.613342 140.167511 -265.238586
v 308.613342 140.143402 -263.738586
v 313.972717 140.088867 -259.988586
v 320.207092 140.082062 -256.738586
v 316.894592 140.224579 -271.738586
v 133.394592 139.690887 -271.238586
v 139.644592 139.695587 -270.738586
v 146.894592 139.706757 -271.738586
v 171.582092 139.834808 -274.238586
v 193.113342 139.950409 -272.238586
v 197.457092 139.998688 -276.238586
v 202.769592 140.253632 -295.238586
v 177.019592 140.022858 -292.238586
v 170.769592 139.96402 -290.738586
v 167.394592 139.869232 -282.238586
v 133.769592 139.760895 -286.238586
v 123.925842 139.638153 -277.238586
v 266.550842 140.603851 -291.988586
v 251.207092 140.351532 -281.238586
v 246.457092 140.422882 -284.238586
v 233.644592 140.44754 -297.238586
v 239.644592 140.592804 -306.738586
v 233.769592 140.739655 -316.738586
v 224.082092 140.701447 -321.238586
v 213.457092 141.751373 -338.738586
v 296.144592 141.301971 -336.238586
v 297.019592 141.23233 -331.738586
v 305.207092 141.60556 -334.738586
v 311.160217 141.100464 -316.988586
v 307.332092 140.936798 -316.738586
v 312.082092 140.955475 -312.738586
v 312.113342 140.327972 -275.738586
v 306.394592 140.414276 -278.238586
v 296.144592 140.587067 -284.238586
v 288.832092 140.676483 -287.238586
v 283.738342 140.762787 -290.238586
v 289.707092 140.939178 -297.988586
v 293.894592 140.936249 -301.238586
v 276.186249 140.86644 -296.57193
v 316.800842 140.377289 -282.738586
v 317.363342 140.485687 -290.738586
v 315.894592 140.739899 -305.738586
v 316.300842 140.847321 -309.738586
v 316.550842 140.945038 -313.738586
v 319.894592 141.210419 -322.738586
v 177.175842 139.876434 -274.238586
v 266.894592 140.827728 -320.738586
v 1251.76953 151.247192 -413.988586
v 1246.86328 151.435822 -421.238586
v 1250.55078 151.731079 -431.488586
v 1248.24866 151.909866 -474.07193
v 1243.39453 151.638824 -428.238586
v 1249.23828 151.753815 -449.238586
v 1252.55078 151.779816 -456.238586
v 1255.94141 151.794189 -461.988586
v 1244.16016 151.713165 -437.488586
v 1237.58203 151.281403 -417.738586
v 1230.23828 151.268829 -412.238586
v 1249.97266 151.19458 -405.988586
v 1250.39453 151.37027 -418.238586
v 1252.87366 151.6017 -424.238586
v 1256.06641 151.609436 -423.488586
v 1258.14453 151.727081 -426.738586
v 1258.23828 151.780426 -432.238586
v 1251.69666 151.743866 -436.405243
v 1255.00391 151.86203 -471.988586
v 1259.55078 151.850861 -470.738586
v 1257.37891 151.788116 -440.738586
v 1261.40491 151.752548 -457.238586
v 1265.28516 151.670654 -454.238586
v 1269.06116 151.624908 -451.738586
v 1275.95703 151.851471 -475.738586
v 1274.95703 151.822632 -468.438599
v 1250.98828 151.766144 -452.238586
v -326.542908 120.281609 677.761414
v -279.011658 124.358299 750.261414
v -281.230408 124.352562 754.261414
v -325.792908 124.43734 712.428101
v -318.167908 124.455345 711.761414
v -316.121033 124.445183 707.511414
v -271.261658 123.552666 794.761414
v -292.542908 124.31057 839.261414
v -292.496033 124.208458 829.261414
v -287.996033 124.943779 832.011414
v -286.511658 124.548058 825.261414
v -289.667908 124.101952 822.261414
v -280.449158 124.157799 816.761414
v -292.480408 124.058495 812.261414
v -289.199158 123.837486 796.761414
v -260.667908 125.622948 797.261414
v -255.917908 125.000877 790.011414
v -260.449158 123.824181 787.261414
v -262.199158 123.449913 781.511414
v -273.917908 123.336876 784.261414
v -304.636658 124.316002 777.761414
v -315.667908 123.925438 789.761414
v -320.667908 123.844017 807.761414
v -314.011658 123.947655 822.261414
v -310.792908 123.788292 838.761414
v -346.417908 124.258812 847.261414
v -360.449158 121.823753 784.761414
v -318.449158 123.780113 865.511414
v -320.480408 123.742043 858.011414
v -325.542908 123.695946 853.761414
v -321.199158 123.777367 845.761414
v -319.496033 123.81588 842.761414
v -302.230408 123.856377 843.261414
v -310.964783 123.822655 858.761414
v -314.230408 123.795372 861.761414
v 628.207092 145.183624 -371.738586
v 637.003967 145.213348 -367.488586
v 637.144592 145.904449 -422.238586
v 623.582092 145.831879 -421.238586
v 611.238342 145.697906 -420.238586
v 611.550842 145.818207 -425.738586
v 595.144592 142.525299 -288.738586
v 584.582092 144.966583 -398.238586
v -36.6835327 139.35849 -272.238586
v -28.2616577 139.404633 -271.738586
v -14.3866577 139.380463 -276.238586
v -5.44915771 139.049377 -271.238586
v -1.48040771 138.957306 -270.988586
v 19.8945923 138.994781 -270.738586
v 61.3320923 139.295624 -265.738586
v 72.8383408 139.326645 -265.938599
v 75.7070923 139.357086 -267.238586
v 84.9258423 139.354889 -267.238586
v 97.7383423 139.395355 -267.488586
v 102.207092 139.451385 -267.238586
v 92.3945923 139.561798 -286.238586
v 89.8320923 139.539642 -280.738586
v 31.8633423 139.245819 -287.738586
v 22.2695923 139.217102 -287.738586
v 14.7591753 139.247116 -289.905243
v 7.40500879 139.337814 -291.405243
v -1.48040771 139.375824 -286.238586
v -0.402282715 139.445648 -291.988586
v -4.01165771 139.581635 -291.238586
v -79.5741577 139.524567 -335.238586
v -99.1366577 138.683929 -273.238586
v -95.0429077 138.951996 -294.238586
v -91.0429077 139.041656 -301.738586
v -74.7616577 139.394562 -321.238586
v -70.8866577 139.564362 -329.238586
v -39.1054077 139.77359 -298.738586
v -186.417908 126.465477 742.761414
v -231.449158 124.849022 714.261414
v -223.730408 125.143394 716.594727
v -221.792908 125.29171 718.761414
v -215.480408 125.30706 720.511414
v -211.324158 125.46804 722.011414
v -183.417908 126.326744 745.261414
v 1472.17578 150.598846 -377.238586
v 1466.97266 150.456818 -373.488586
v 1453.08203 150.272308 -352.738586
v 1444.70703 150.244354 -333.238586
v 1439.55078 150.246674 -328.738586
v 1434.41541 150.186508 -322.405243
v 1428.98828 150.156586 -312.738586
v 1413.44141 149.92984 -297.988586
v 1406.44666 149.806381 -291.905243
v 1404.58203 149.8013 -287.238586
v 1399.42578 149.865509 -282.238586
v 1389.37891 149.694611 -273.238586
v 1378.30078 149.382355 -264.238586
v 1374.23828 149.423309 -263.238586
v 1370.55078 149.380249 -257.738586
v 1352.55078 149.209564 -242.238586
v 1349.92578 149.13974 -238.238586
v 1340.83203 149.071991 -232.238586
v 1337.01953 149.046356 -229.238586
v 1333.55078 148.938385 -225.738586
v 1330.42578 148.851349 -216.738586
v 1324.48828 148.791412 -214.238586
v 1130.58203 146.72934 -202.238586
v 1041.89453 145.249786 -172.738586
v 1033.58203 145.108429 -184.738586
v 1032.20703 145.093048 -191.738586
v 1035.11328 145.107574 -198.238586
v 1030.76953 145.066071 -205.238586
v 1021.51959 145.234161 -224.738586
v 1023.48828 145.419434 -238.238586
v 1313.05078 149.478058 -290.738586
v 1025.78516 145.071167 -195.988586
v 1416.45703 149.973053 -305.238586
v 139.097717 127.918968 606.261414
v 131.748764 127.882126 610.094727
v 128.707092 127.908104 613.261414
v 123.144592 127.885185 616.011414
v 116.347717 127.670341 619.511414
v 111.175842 127.504013 622.428101
v 106.644592 127.368065 624.094727
v 103.410217 127.233025 628.761414
v 97.8945923 127.176262 627.011414
v 87.5195923 126.894279 634.011414
v 86.4258423 126.868126 637.261414
v 175.16803 128.046097 648.386414
v 185.363342 128.243713 644.428101
v 169.894592 128.182281 631.761414
v 157.988342 127.967613 640.761414
v 159.144592 127.681847 649.761414
v -517.980408 119.246239 853.261414
v -515.136658 122.881798 674.261414
v -521.167908 122.992088 678.261414
v -576.605408 122.666649 710.761414
v -647.105408 122.382713 754.761414
v -717.761658 121.807518 804.261414
v -725.480408 121.731956 809.261414
v -514.917908 121.782707 815.511414
v -501.542908 122.013695 746.761414
v -514.574158 121.661766 825.261414
v -510.699158 121.733482 819.261414
v -520.855408 121.805534 810.761414
v -529.105408 121.817772 810.261414
v -537.855408 121.509361 798.261414
v -513.980408 121.457298 834.761414
v -503.480408 121.556236 827.261414
v -512.261658 119.615746 847.761414
v -505.980408 121.213036 833.011414
v -510.480408 121.443321 828.761414
v -520.261658 121.715355 824.261414
v -525.574158 121.815514 808.261414
v -524.636658 121.849571 804.261414
v -531.058533 121.766624 804.261414
v -533.886658 121.649742 794.761414
v -517.855408 121.766747 818.261414
v -527.824158 121.85791 791.261414
v -526.324158 121.876915 792.761414
v -521.949158 121.922386 790.761414
v -523.730408 121.76091 785.594727
v -519.949158 121.72274 782.511414
v -512.219971 121.694847 777.594727
v -503.792908 121.381493 771.511414
v -504.667908 121.452599 786.761414
v 354.363342 134.221039 287.261414
v 344.113342 131.15976 273.261414
v 347.503967 131.556427 278.011414
v 345.957092 131.26767 267.761414
v 371.894592 131.67395 246.261414
v 386.394592 132.009247 235.761414
v 424.113342 133.860382 218.761414
v 418.300842 133.721771 222.761414
v 408.925842 133.42691 228.261414
v 416.363342 134.837494 270.011414
v 458.488342 134.888519 176.261414
v 445.300842 133.671356 228.761414
v 457.582092 135.237213 260.261414
v 462.175842 134.937225 174.261414
v 448.894592 134.586639 182.761414
v 297.050842 134.435089 214.261414
v 302.519592 134.697357 210.761414
v 309.207092 134.898956 206.261414
v 324.863342 134.571564 195.261414
v 330.425842 134.508331 191.261414
v 419.769592 133.998749 214.261414
v 431.779999 135.687836 288.92807
v 436.488342 135.782074 289.761414
v 401.394592 134.607208 300.261414
v 395.988342 134.406158 302.261414
v 389.238342 133.327301 306.261414
v 387.691467 134.36145 301.011414
v 383.675842 132.98941 308.261414
v 383.207092 134.059296 303.761414
v 376.871155 134.082245 306.136414
v 370.519592 134.035858 307.761414
v 378.207092 134.413727 301.261414
v 360.425842 135.509552 291.261414
v 366.207092 135.74527 291.261414
v 397.582092 135.101105 289.261414
v 405.269592 134.91922 294.761414
v 409.488342 134.953339 289.761414
v 409.644592 134.883759 293.761414
v 416.457092 134.978851 287.261414
v 437.175842 135.663422 275.261414
v 440.863342 135.797577 283.261414
v 1322.86328 153.29837 -557.238586
v 1330.01953 153.310944 -575.738586
v 1337.36328 153.339752 -587.738586
v 1340.64453 153.30368 -594.238586
v 1231.26953 152.819183 -555.238586
v 1325.36328 152.866913 -619.238586
v 1334.01953 153.615051 -610.238586
v 1339.64453 153.792694 -614.738586
v 1363.55078 153.75882 -607.238586
v 1373.70703 153.914642 -603.238586
v 1425.73828 153.854767 -586.238586
v 1495.45703 154.398041 -561.238586
v 1503.30078 154.448212 -558.238586
v 1325.87891 153.303375 -565.238586
v 1415.86328 153.710297 -589.738586
v 1325.58203 153.290619 -578.738586
v 1327.00391 153.29541 -583.738586
v 1328.73828 153.315277 -568.238586
v 1329.58203 153.29129 -587.738586
v 1326.48828 153.244202 -593.238586
v 1331.28516 153.349854 -595.488586
v 1326.64453 153.26413 -598.238586
v 1326.20703 153.240082 -605.238586
v 1336.84241 153.499039 -606.571899
v 1329.55078 153.4534 -607.738586
v 1327.61328 153.240265 -612.738586
v 1324.48828 153.212921 -609.738586
v 1319.92578 153.135284 -610.238586
v 1320.98828 152.875214 -614.738586
v 1517.76953 154.208527 -552.738586
v 1482.92578 154.254303 -566.238586
v 1476.80078 154.042572 -568.738586
v 1350.73828 153.692719 -611.238586
v 1330.67578 153.335846 -617.738586
v 1308.23828 153.341095 -624.738586
v 1187.36328 139.98996 378.761414
v 1039.05078 137.006989 476.761414
v 1010.26959 136.561615 483.261414
v 1258.86328 147.170929 -143.238586
v 1254.36328 147.062973 -140.905258
v 1251.34766 147.062531 -145.738586
v 1247.79041 146.973358 -143.738586
v 1250.46741 146.981781 -139.738586
v 1243.17578 146.85379 -144.738586
v 1239.05078 146.733551 -141.238586
v 1755.51953 141.662079 752.761414
v 1580.55078 150.273102 -146.738586
v 1582.45703 150.563812 -137.738586
v 1583.30078 151.521759 -132.238586
v 1582.94141 151.676849 -117.488586
v 1578.91016 150.446167 -110.238586
v 1574.81116 150.487503 -100.071922
v 1572.23828 150.424835 -95.2385864
v 1577.95703 150.58493 -91.7385864
v 1591.33203 150.547882 -83.2385864
v 1625.83203 150.177094 -72.7385864
v 1628.80078 150.809845 -77.7385864
v 1657.95703 150.969696 -107.738586
v 1662.30078 151.03595 -112.488586
v 1663.89453 151.034454 -120.738586
v 1669.19141 151.296173 -120.738586
v 1670.17578 151.283966 -126.238586
v 1677.91016 151.498322 -135.238586
v 1682.05078 151.619049 -136.238586
v 1689.73828 151.446381 -147.738586
v 100.332092 127.86068 578.261414
v 119.050842 127.958153 569.261414
v 127.425842 128.115448 563.761414
v 135.582092 128.208649 558.761414
v 143.332092 128.400238 553.761414
v 151.457092 128.462738 545.761414
v 167.019592 128.947723 506.261414
v 95.2227173 127.844749 588.511414
v 98.8529282 127.854431 588.594727
v 105.269592 127.796104 585.386414
v 108.519592 127.745995 587.261414
v 116.134178 127.997307 581.511414
v 114.769592 127.957146 578.761414
v 120.003967 128.082764 582.761414
v 120.019592 127.993828 576.761414
v 125.07428 128.012955 576.636414
v 132.964905 128.100525 571.261414
v 138.988342 128.252594 567.761414
v 156.123764 128.423996 569.428101
v 153.769592 128.395111 573.261414
v 158.269592 128.48349 571.761414
v 157.488342 129.162628 584.761414
v 153.925842 128.345184 590.261414
v 148.144592 127.945641 595.761414
v 151.488342 127.899376 598.261414
v 129.207092 128.181 601.261414
v 120.613342 129.432281 512.761414
v 116.425842 129.067291 516.761414
v 110.207092 128.882782 522.261414
v 870.019592 146.177032 -312.238586
v 872.707092 146.481171 -327.738586
v 886.832092 146.212189 -314.238586
v 901.613342 145.950409 -303.238586
v 907.050842 146.000031 -299.738586
v 940.019592 147.490936 -315.238586
v 953.988342 145.472321 -255.738586
v 903.363342 144.723541 -408.238586
v 887.925842 144.979156 -440.238586
v 879.988342 145.204865 -439.738586
v 869.300842 145.076263 -423.738586
v 863.394592 145.074432 -376.238586
v 869.425842 145.00119 -376.738586
v 879.738342 145.085968 -372.238586
v 882.347717 145.295929 -365.738586
v 882.925842 145.858978 -361.238586
v 889.269592 145.590729 -361.738586
v 895.488342 145.522736 -359.738586
v 902.644592 145.192749 -357.988586
v 909.832092 144.861115 -356.738586
v 910.613342 144.996552 -361.238586
v 915.550842 145.037506 -367.738586
v 935.613342 147.706207 -334.738586
v 927.738342 147.21817 -338.238586
v 920.300842 147.015778 -339.738586
v 914.738342 146.934479 -342.738586
v 916.925842 146.606506 -347.738586
v 868.300842 145.303253 -359.738586
v 860.175842 145.125214 -360.238586
v 940.113342 151.161224 -479.738586
v 944.144592 151.322113 -478.238586
v 959.113342 150.168793 -472.738586
v 887.675842 144.830811 -390.488586
v 887.113342 144.873688 -384.738586
v 908.457092 144.837677 -403.738586
v 912.769592 144.962982 -397.738586
v 928.894592 145.029816 -395.738586
v 934.488342 145.005585 -394.238586
v 926.488342 144.921173 -366.238586
v 943.082092 145.037689 -357.238586
v 953.363342 146.624969 -343.738586
v 882.269592 144.918732 -422.238586
v -501.011658 129.215179 186.761414
v -333.199158 120.067558 682.511414
v -332.058533 120.564354 677.261414
v -320.558533 120.122002 675.011414
v -315.996033 119.895439 674.261414
v -330.230408 124.412865 708.261414
v 520.050842 144.256256 -361.238586
v 522.707092 144.44455 -366.238586
v 566.519592 144.765228 -419.238586
v 559.738342 144.749542 -420.238586
v 549.175842 144.771515 -418.738586
v 553.019592 144.824371 -414.238586
v 557.613342 144.821136 -407.238586
v 565.175842 144.749176 -413.738586
v 572.613342 144.911469 -428.738586
v 556.082092 144.934982 -448.07193
v 559.550842 145.063751 -459.238586
v 563.863342 145.132599 -465.238586
v 565.675842 145.158234 -473.738586
v 570.113342 145.088226 -475.238586
v 571.519592 145.098969 -484.738586
v 502.238342 144.805267 -414.738586
v 486.800842 144.675507 -404.238586
v 520.675842 144.664246 -377.488586
v 516.675842 144.554352 -372.738586
v 509.738342 144.513275 -371.738586
v 515.707092 144.241791 -363.238586
v 543.082092 144.683502 -432.738586
v 483.425842 144.696075 -458.738586
v 526.269592 144.64682 -439.738586
v 312.290436 142.79866 -376.738586
v 312.613342 142.785004 -348.738586
v 271.175842 141.08078 -347.238586
v 301.113342 141.785553 -340.738586
v 378.300842 142.330109 -410.738586
v -267.074158 138.59964 -341.738586
v -271.574158 138.671051 -354.738586
v -303.886658 138.339386 -340.238586
v -41.2929077 141.243866 -402.238586
v -53.3554077 141.09024 -380.738586
v -64.3866577 140.818329 -361.738586
v -70.6054077 140.100372 -348.738586
v -132.167908 137.507172 -229.738586
v -136.417908 137.530731 -222.738586
v -153.886658 137.136444 -188.238586
v -161.730408 136.568573 -172.238586
v -180.792908 135.707489 -133.238586
v -217.605408 134.453949 -56.7385864
v -169.324158 135.668793 -130.238586
v -155.324158 136.314972 -158.238586
v -126.199158 137.252472 -203.238586
v -63.6991577 139.990509 -342.738586
v -46.0116577 140.805634 -371.738586
v -44.1366577 140.858429 -375.738586
v -41.1366577 140.926666 -381.238586
v -36.0741577 141.009857 -388.738586
v -28.8866577 141.12796 -399.238586
v -24.9491577 141.28299 -406.738586
v -137.386658 135.466217 -76.7385864
v -151.199158 135.250519 -81.7385864
v -156.261658 135.194672 -83.2385864
v -162.824158 135.171295 -86.2385864
v 378.925842 140.633148 -313.738586
v 381.800842 140.13382 -327.238586
v 379.113342 140.302582 -335.238586
v 381.832092 139.681976 -338.238586
v 377.894592 140.716278 -366.738586
v 441.832092 144.734772 -479.238586
v 425.863342 144.585602 -477.738586
v 404.613342 140.142853 -384.238586
v 412.113342 139.91214 -381.738586
v 429.832092 140.264801 -375.238586
v 462.425842 143.261261 -362.238586
v 417.707092 141.184845 -406.738586
v 419.769592 141.740082 -413.238586
v 410.800842 141.451508 -412.738586
v 411.519592 140.900726 -404.738586
v 401.207092 141.147614 -404.738586
v 396.519592 141.944489 -413.238586
v 390.457092 142.717499 -420.238586
v 386.050842 142.333466 -410.738586
v 381.644592 142.921661 -422.738586
v 383.863342 143.985931 -430.238586
v 385.863342 144.667206 -438.238586
v 439.894592 144.715668 -471.738586
v 422.332092 143.195404 -423.738586
v 422.207092 142.531403 -418.738586
v 445.894592 143.42514 -397.238586
v 446.496155 142.995926 -385.238586
v 450.113342 143.54953 -388.238586
v 455.019592 143.59964 -385.238586
v 468.707092 143.638824 -382.238586
v 455.800842 144.799042 -473.738586
v 463.832092 144.776886 -470.738586
v 369.363342 142.472931 -400.738586
v 368.050842 142.640289 -395.738586
v 369.175842 142.734589 -410.738586
v 387.613342 140.811584 -383.238586
v 388.863342 140.577789 -379.238586
v 380.300842 139.821564 -350.738586
v -63.0429077 125.809044 653.261414
v -343.136658 125.604332 648.261414
v -363.886658 123.743187 668.011414
v -392.449158 123.868248 678.261414
v -390.730408 124.500206 671.261414
v -383.574158 123.975609 675.261414
v -385.730408 124.37545 669.761414
v -379.667908 124.326073 669.928101
v -374.027283 123.619347 670.511414
v -371.105408 124.732201 665.761414
v -366.699158 123.443382 669.761414
v -358.167908 125.278954 660.761414
v -392.98822 121.550194 700.886414
v -392.433533 121.85714 696.261414
v -387.449158 121.888786 693.511414
v -387.917908 121.428429 698.761414
v -382.865814 122.004684 692.261414
v -381.136658 121.612083 695.261414
v -376.699158 121.644585 693.511414
v -378.871033 122.239281 690.261414
v -375.605408 122.301231 688.761414
v -369.183533 122.076775 689.011414
v -369.261658 121.517174 692.261414
v -365.761658 123.425224 685.261414
v -361.626251 122.703491 684.761414
v -359.563751 121.341064 687.261414
v -356.272064 121.004578 686.261414
v -354.355408 121.704453 681.928101
v -350.152283 121.131676 681.511414
v -346.636658 120.52758 684.511414
v -343.605408 120.577965 682.761414
v -339.355408 120.575584 681.511414
v -356.042908 124.092674 712.261414
v -338.917908 124.426476 712.761414
v 123.675842 131.317413 310.761414
v 143.738342 131.766876 300.761414
v 140.394592 131.750458 288.261414
v 134.738342 131.718231 292.261414
v 124.988342 131.654572 295.761414
v 109.050842 132.343414 268.761414
v 98.6445923 132.250031 255.761414
v 164.613342 132.094757 284.761414
v 168.738342 132.099396 280.261414
v 174.175842 132.214569 277.761414
v 178.238342 132.270294 275.761414
v 167.832092 133.59024 180.761414
v -22.4491577 131.387726 177.761414
v -11.6366577 131.796906 177.761414
v -6.04290771 131.947784 176.261414
v -6.98040771 131.796753 182.511414
v -10.9804077 131.681061 185.261414
v -7.69915771 131.716034 190.511414
v -14.7616577 131.381927 193.261414
v -2.76165771 131.86441 186.761414
v -0.792907715 131.882477 193.761414
v -2.88665771 131.683563 199.761414
v 2.80084229 131.954193 196.261414
v -5.69915771 131.42514 208.261414
v 0.738342285 131.779633 202.761414
v 5.72271729 131.822357 206.011414
v 13.9570923 131.889618 215.261414
v 17.3008423 131.949493 212.761414
v 6.20709229 131.77359 216.761414
v 15.5508423 131.938629 221.261414
v 24.8320923 132.107391 226.261414
v 27.3008423 132.150543 230.761414
v 21.3008423 132.043854 235.261414
v 0.707092285 131.758514 223.261414
v 7.30084229 131.86911 238.761414
v -4.16790771 131.702911 239.761414
v -0.417907715 131.674347 250.261414
v 19.2070923 131.446869 268.761414
v 16.8008423 131.376129 276.761414
v 11.6133423 131.41275 267.761414
v 4.51959229 131.447357 265.761414
v -25.8554077 130.722137 303.761414
v 6.23834229 131.621002 258.261414
v -5.48040771 131.502167 257.261414
v -8.66790771 131.394257 260.761414
v 7.39459229 131.071991 287.261414
v -3.69915771 131.057465 283.261414
v -9.16790771 131.222992 274.261414
v -15.0116577 131.335907 264.261414
v -16.0116577 131.705353 278.761414
v -13.6991577 130.756134 298.761414
v -22.6991577 132.082794 282.761414
v -26.1679077 132.77713 276.761414
v -24.6054077 130.71579 295.761414
v -20.8241577 130.710846 301.761414
v 4.30084229 130.7612 300.261414
v 27.7852173 131.349854 293.761414
v 33.5195923 131.446808 288.761414
v 39.6445923 131.454437 283.761414
v 43.2695923 131.46756 279.511414
v 49.5820923 131.553741 275.261414
v 34.3945923 131.483917 283.261414
v 26.8945923 131.410797 286.761414
v 4.11334229 131.840668 231.761414
v 1138.73828 152.509247 -678.738586
v 997.082092 153.026398 -724.238586
v 1001.83209 152.870697 -722.738586
v 1019.92584 152.444916 -717.238586
v 1035.70703 152.283966 -711.738586
v 1042.98828 152.512177 -709.238586
v 1050.17578 152.623322 -707.238586
v 1058.01953 152.395538 -704.738586
v 1066.36328 152.526093 -701.738586
v 1082.76953 152.698944 -696.238586
v 1122.45703 152.740509 -683.738586
v 1128.26953 152.515778 -681.738586
v 1149.20703 152.562836 -675.238586
v 1162.89453 152.676056 -671.238586
v 1185.80078 152.617279 -663.238586
v 1205.80078 153.019745 -657.738586
v 1225.89453 153.01828 -651.238586
v 1232.67578 153.092499 -649.238586
v 1268.95703 153.217621 -637.238586
v 1279.55078 153.063019 -633.738586
v 1261.05078 153.175323 -639.738586
v 1215.48828 153.043549 -654.238586
v 1192.98828 152.740204 -661.738586
v 1169.61328 152.638947 -668.738586
v 1111.11328 152.87442 -687.738586
v 1026.30078 152.358124 -714.738586
v 926.238342 152.930634 -754.738586
v 942.363342 152.875336 -749.738586
v 950.707092 153.251312 -747.238586
v 965.207092 153.611298 -742.238586
v 861.550842 152.374786 -755.738586
v -144.730408 133.727264 31.7614136
v -140.761658 133.678253 33.2614136
v -125.042908 133.296112 38.7614136
v -123.449158 133.413239 32.2614136
v -143.511658 133.808014 23.2614136
v -150.542908 133.707062 36.7614136
v -149.324158 133.764496 31.2614136
v -147.417908 133.823334 25.2614136
v 417.925842 144.786346 -552.738586
v 435.300842 144.638702 -552.738586
v 448.644592 144.657562 -528.738586
v 424.519592 144.530182 -576.238586
v 446.738342 144.42453 -562.738586
v 437.269592 144.482727 -562.238586
v 431.082092 144.547211 -561.738586
v 326.925842 141.484772 -332.738586
v 348.300842 142.896759 -393.238586
v 357.863342 142.738129 -391.238586
v 320.082092 142.835541 -368.238586
v 318.675842 143.645172 -410.238586
v 328.113342 143.405792 -408.238586
v 332.332092 143.340485 -406.238586
v 336.832092 143.222992 -404.238586
v 341.613342 143.147064 -403.738586
v 347.738342 143.211517 -402.238586
v 356.675842 143.267426 -398.738586
v 27.6445923 124.574242 449.761414
v 9.70709229 129.27951 379.261414
v 27.3633423 129.314728 370.261414
v 31.3320923 129.428864 396.261414
v 39.0195923 129.335785 382.261414
v 70.6445923 129.65152 359.761414
v 91.5508423 130.784393 332.761414
v 99.7383423 130.749664 342.761414
v 121.988342 127.040306 402.261414
v -2.85540771 129.382233 390.261414
v -12.0741577 128.617584 441.261414
v -24.1366577 127.745262 450.761414
v 601.207092 135.192719 195.761414
v 605.300842 138.297211 423.261414
v 710.457092 137.502716 258.761414
v 747.863342 138.069855 241.261414
v 684.175842 137.027252 298.761414
v 654.644592 137.844635 346.761414
v 638.988342 138.973602 376.261414
v 635.738342 139.155426 381.261414
v 632.019592 139.081635 386.761414
v 620.207092 138.460052 409.761414
v 616.675842 138.096954 416.761414
v 610.113342 137.814423 427.261414
v 594.253967 137.422058 447.761414
v 577.738342 136.49411 464.761414
v 623.707092 138.714691 404.261414
v 643.144592 139.64743 367.261414
v 628.769592 138.924835 391.261414
v -145.011658 129.432587 307.761414
v -149.605408 129.33963 308.261414
v -146.699158 129.375336 313.261414
v -181.230408 129.738708 279.261414
v -185.402283 129.129181 321.511414
v -168.683533 129.813446 267.261414
v -85.2616577 127.132835 331.261414
v -69.3241577 127.929832 278.761414
v -75.6366577 126.600121 270.761414
v -37.2616577 127.269005 178.761414
v -29.4179077 129.913544 182.761414
v -32.9491577 128.229523 174.761414
v -35.9804077 130.42569 286.761414
v -31.8866577 130.599884 293.761414
v -34.4179077 130.202545 308.261414
v -33.3866577 130.572113 301.261414
v -36.2616577 130.436737 297.261414
v -38.3866577 130.301422 291.761414
v -40.9179077 130.061066 298.761414
v -51.7929077 129.589996 294.761414
v -41.7929077 129.663055 306.261414
v -44.8241577 128.941742 317.261414
v -55.1991577 128.646393 311.761414
v -57.0429077 128.407562 315.761414
v -52.8554077 128.469452 319.261414
v -59.4804077 128.132477 330.261414
v -57.9491577 128.218536 337.761414
v -30.4179077 132.614349 277.761414
v -32.1054077 132.805145 266.261414
v -39.1366577 131.200653 266.761414
v -36.5116577 132.350006 270.761414
v -33.4804077 131.013153 280.761414
v -198.386658 130.49118 238.761414
v -200.334579 130.53746 233.594742
v -201.355408 130.565338 230.761414
v -201.433533 130.681427 220.011414
v -201.589783 130.747375 214.261414
v -136.167908 128.669342 317.761414
v 1537.30078 153.137177 -519.738586
v 1532.98828 153.05954 -510.738586
v 1533.51953 153.026215 -505.738586
v 1529.05078 153.04068 -506.238586
v 1523.95703 152.963898 -492.238586
v 1524.17578 152.766815 -483.738586
v 1520.36328 152.648529 -479.988586
v 1516.20703 152.358795 -476.238586
v 1508.44141 150.53363 -451.738586
v 1505.08203 150.869354 -444.988586
v 1498.11328 151.300201 -437.738586
v 1499.33203 151.467987 -432.238586
v 1495.78516 151.561615 -425.238586
v 1482.05078 151.405487 -408.738586
v 1480.98828 150.949249 -404.488586
v 1479.61328 150.495758 -400.238586
v 1480.11328 150.269379 -394.238586
v 1363.67578 152.431366 -523.238586
v 1636.42578 151.924713 -414.238586
v 1773.51953 154.846527 -432.238586
v 1743.67578 153.76236 -448.738586
v 1692.86328 152.542084 -475.738586
v 1683.86328 152.676666 -480.238586
v 1621.33203 153.475372 -511.238586
v 1592.80078 153.940338 -523.738586
v -337.808533 124.263359 746.511414
v -337.542908 124.218163 749.511414
v -402.511658 122.516441 756.261414
v -436.574158 121.126915 735.261414
v -502.074158 129.519623 169.261414
v -508.011658 129.553192 173.261414
v -507.605408 129.681549 165.761414
v -516.886658 129.57663 158.761414
v -513.449158 129.638641 153.761414
v -518.980408 129.470306 152.261414
v -523.449158 129.418793 148.761414
v -526.115845 129.437485 140.928085
v -527.621033 129.442169 137.511414
v -532.542908 129.486908 130.761414
v -535.191345 129.514755 125.511414
v -541.261658 129.591888 119.511414
v -543.542908 129.617767 115.761414
v -546.089783 129.729309 108.011414
v -553.074158 129.849701 103.761414
v -558.074158 129.979095 95.7614136
v -559.14447 130.07193 88.7614136
v -574.574158 130.552826 67.7614136
v -512.230408 129.656586 142.761414
v -518.605408 129.590179 135.261414
v -531.949158 130.849884 81.2614136
v -536.542908 130.59201 88.7614136
v -554.386658 130.103546 93.2614136
v -565.636658 130.88327 54.2614136
v -561.105408 131.470551 24.7614136
v -514.480408 131.894012 24.7614136
v -531.636658 131.857269 -2.23858643
v -523.355408 129.453827 144.761414
v -554.511658 130.033417 97.7614136
v -568.574158 130.315277 74.7614136
v -746.199158 132.987274 -114.238586
v -742.917908 133.126678 -120.238586
v -680.199158 133.495148 -201.238586
v -516.105408 130.65744 105.261414
v -512.714783 130.62204 109.761414
v -508.699158 130.164825 115.261414
v -551.167908 131.471649 24.2614136
v -686.199158 133.84671 -231.738586
v -681.855408 133.820709 -226.238586
v -539.261658 129.649811 111.261414
v -527.105408 129.467499 124.761414
v -890.824158 127.869286 206.761414
v -897.386658 127.425499 215.261414
v -907.605408 127.398338 219.761414
v -919.511658 127.079369 224.261414
v -924.917908 126.90609 231.761414
v -905.761658 127.892662 201.261414
v -949.355408 126.724876 226.261414
v -956.730408 126.720482 219.761414
v -963.855408 126.717857 218.761414
v -978.152283 126.630241 210.261414
v -987.824158 126.558006 200.261414
v -951.917908 126.969994 196.761414
v -993.167908 130.295624 -109.238586
v -977.105408 130.662079 -123.238586
v -971.886658 130.943481 -131.738586
v -966.042908 130.95401 -136.738586
v -908.667908 132.45163 -197.738586
v -861.011658 133.179352 -248.738586
v -965.105408 130.946442 -134.238586
v -902.855408 132.617218 -203.238586
v -899.199158 132.569977 -207.238586
v -154.542908 126.330772 593.761414
v -140.261658 126.005333 591.261414
v -109.824158 126.065514 577.761414
v -92.4491577 126.27047 567.761414
v -79.2616577 126.53463 562.761414
v -68.6054077 126.318871 555.761414
v -40.7304077 127.553062 553.261414
v -74.6991577 128.576141 584.261414
v -69.7304077 129.478668 582.761414
v -64.7304077 130.258209 580.761414
v -74.7304077 127.548912 570.761414
v -65.6991577 128.160553 566.761414
v -57.2929077 128.439667 564.261414
v -49.6366577 128.253265 561.261414
v -103.183533 126.278282 574.761414
v 768.707092 144.839264 -494.238586
v 748.550842 144.706451 -499.738586
v 737.066467 144.587128 -499.738586
v 739.988342 144.651276 -502.738586
v 731.738342 144.574158 -504.488586
v 725.050842 144.529633 -507.738586
v 718.863342 144.507172 -508.738586
v 718.457092 144.559174 -514.238586
v 714.550842 144.517792 -509.738586
v 708.691467 144.508148 -514.238586
v 700.644592 144.47168 -516.238586
v 697.175842 144.473389 -520.238586
v 705.238342 144.390228 -496.738586
v 707.800842 144.444366 -503.738586
v 720.238342 144.401093 -498.738586
v 702.707092 144.511688 -521.238586
v 717.863342 144.340607 -491.238586
v 696.550842 144.491119 -523.238586
v 681.269592 144.424103 -525.238586
v 668.332092 144.396179 -528.988586
v 662.269592 144.381317 -530.238586
v 660.957092 144.395111 -535.238586
v 654.832092 144.410004 -539.238586
v 643.019592 144.452545 -544.238586
v 637.144592 144.466522 -544.238586
v 629.488342 144.497833 -546.738586
v 666.957092 144.423309 -537.738586
v 624.550842 144.546387 -554.488586
v 622.394592 144.516205 -546.738586
v 615.425842 144.551544 -550.488586
v 614.613342 144.566315 -553.238586
v 618.082092 144.582703 -558.738586
v 610.050842 144.601837 -563.238586
v 609.707092 144.701263 -586.738586
v 620.519592 144.461517 -533.738586
v 631.644592 144.132294 -512.738586
v 642.269592 144.220612 -513.738586
v 642.363342 144.374725 -522.238586
v 656.988342 144.324432 -520.238586
v 655.238342 144.284393 -512.238586
v 668.144592 144.271576 -508.738586
v 670.394592 144.335358 -517.238586
v 683.707092 144.338043 -512.738586
v 681.019592 144.258392 -504.738586
v 578.957092 144.973969 -491.238586
v 610.332092 144.275238 -514.238586
v 609.988342 144.444733 -522.988586
v 606.550842 144.465363 -526.738586
v 592.425842 144.503387 -532.238586
v 578.738342 144.499115 -537.738586
v 568.238342 144.489655 -541.238586
v 557.863342 144.478241 -544.238586
v 543.269592 144.457794 -548.238586
v 529.113342 144.443085 -551.238586
v 515.050842 144.410309 -552.738586
v 516.675842 144.422882 -560.738586
v 530.925842 144.48465 -560.738586
v 545.425842 144.495087 -555.738586
v 555.738342 144.54068 -559.238586
v 559.988342 144.521637 -552.738586
v 570.363342 144.537567 -550.738586
v 585.050842 144.543365 -544.238586
v 606.300842 144.502472 -534.738586
v 605.707092 144.589691 -560.238586
v 596.425842 144.59079 -560.238586
v 578.300842 144.597443 -560.738586
v 564.238342 144.588104 -565.238586
v 550.300842 144.55368 -566.238586
v 531.738342 144.534637 -573.238586
v 358.582092 135.196381 168.761414
v 374.566467 135.382843 154.761414
v 448.113342 136.211578 95.2614136
v 459.269592 136.322052 83.2614136
v 442.644592 136.440094 80.2614136
v 465.925842 136.580902 58.2614136
v 459.769592 136.4664 63.7614136
v 505.207092 136.910187 33.7614136
v 505.457092 137.219391 15.2614136
v -20.7460327 131.743286 164.261414
v -13.9647827 131.91449 169.511414
v -10.2616577 132.003754 167.261414
v -388.855408 135.010773 -161.738586
v -394.792908 135.159821 -190.238586
v -404.230408 134.955841 -174.238586
v -405.636658 134.864105 -170.238586
v -232.261658 134.152649 -42.4885864
v -248.667908 134.14328 -46.7385864
v -246.136658 133.44278 2.76141357
v -256.074158 133.083649 22.7614136
v -237.636658 133.35202 8.26141357
v -135.667908 134.393524 -11.2385864
v -113.980408 135.249756 -54.2385864
v -451.667908 132.397125 -20.7385864
v -444.292908 132.487946 -16.2385864
v -429.574158 133.023468 -59.2385864
v -406.542908 134.66568 -152.738586
v -421.042908 134.091095 -113.238586
v -434.574158 133.126617 -71.7385864
v -435.917908 133.074554 -65.7385864
v 493.207092 141.19278 -236.738586
v 444.207092 140.10025 -177.238586
v 450.582092 139.779022 -155.738586
v 340.050842 137.362274 -46.2385864
v 335.800842 137.221527 -43.7385864
v 337.457092 136.97702 -24.7385864
v 285.644592 136.377838 18.7614136
v 281.207092 136.222809 21.7614136
v 274.863342 135.691803 30.7614136
v 283.925842 135.759003 44.7614136
v 213.285217 134.767151 123.011414
v 195.082092 134.519623 146.511414
v 192.191467 134.37149 149.511414
v -371.636658 135.260834 -163.238586
v -373.011658 135.436554 -171.238586
v -369.730408 135.415314 -173.738586
v -373.574158 135.525543 -175.238586
v 644.873779 145.372757 -378.405243
v 646.832092 145.440613 -384.238586
v 681.910217 145.323151 -401.488586
v 588.363342 137.87558 -19.7385864
v 595.457092 137.644562 -17.2385864
v 602.144592 138.056793 -15.2385864
v 638.050842 138.565887 -3.73858643
v 667.457092 138.795319 2.26141357
v 679.488342 139.350983 -7.73858643
v 722.644592 139.505157 10.7614136
v 733.082092 139.467499 11.7614136
v 743.113342 139.628571 12.2614136
v 746.957092 139.749176 14.7614136
v 535.082092 137.564362 -18.7385864
v 558.019592 138.309052 -30.7385864
v 564.050842 138.166779 -38.2385864
v 572.332092 138.382904 -48.7385864
v 591.894592 139.359406 -88.7385864
v 607.300842 139.433502 -91.7385864
v 632.894592 140.428375 -125.738586
v 643.050842 141.28714 -163.738586
v 675.894592 143.160553 -235.238586
v 673.425842 143.423615 -241.238586
v 666.988342 142.874542 -239.238586
v -219.246033 126.457207 496.761414
v -246.949158 126.941124 493.261414
v -258.667908 126.984062 499.011414
v -304.105408 126.700584 474.261414
v -165.667908 145.55307 -555.238586
v -436.636658 143.407257 -796.238586
v -445.136658 143.603302 -813.738586
v -145.980408 145.270966 -668.238586
v -136.074158 145.789154 -668.238586
v -515.449158 142.791229 -770.738586
v -332.105408 146.403412 -945.738586
v -348.480408 146.008514 -930.738586
v -300.292908 146.631805 -973.238586
v -156.503845 145.292786 -657.738586
v -488.230408 143.175934 -799.738586
v 449.988342 144.706696 -612.738586
v 510.300842 145.878326 -645.738586
v 548.925842 151.433624 -666.738586
v 474.957092 144.835297 -628.738586
v 464.050842 144.720917 -624.738586
v 440.019592 144.931854 -633.738586
v 439.675842 145.234711 -653.238586
v 435.394592 146.149567 -662.738586
v 435.769592 145.351959 -656.238586
v 434.957092 145.181976 -652.238586
v 435.175842 144.908844 -632.738586
v 435.144592 144.870453 -627.238586
v 427.425842 144.756256 -612.738586
v 402.488342 144.909698 -617.238586
v 375.957092 144.965851 -626.238586
v 371.894592 144.974091 -627.738586
v 367.082092 144.990509 -629.738586
v 356.832092 145.066071 -631.738586
v 349.738342 145.122101 -628.238586
v 349.113342 145.120331 -636.738586
v 339.113342 145.163422 -640.738586
v 332.925842 145.216156 -645.738586
v 325.832092 145.261566 -645.738586
v 315.878967 145.27301 -652.238586
v 310.73053 145.252838 -653.863586
v 295.644592 145.181061 -656.238586
v 289.769592 145.132294 -659.238586
v 279.488342 145.149261 -658.238586
v 272.128967 145.154022 -657.488586
v 266.800842 145.116455 -659.738586
v 266.613342 145.112335 -663.738586
v 256.967499 145.044052 -667.405273
v 252.613342 145.013885 -668.238586
v 240.425842 144.935516 -659.238586
v 242.113342 144.943329 -664.738586
v 155.769592 144.819366 -621.738586
v 158.894592 145.040863 -643.238586
v 201.582092 144.755646 -634.238586
v 189.175842 144.598785 -609.738586
v 187.488342 144.623505 -604.488586
v 435.332092 144.819672 -623.238586
v 606.519592 151.461945 -667.738586
v 607.863342 148.855743 -636.238586
v 608.050842 148.670868 -623.238586
v -411.386658 121.188805 719.261414
v -401.928314 121.806137 703.761414
v -424.542908 121.527733 721.511414
v -406.449158 120.869125 724.261414
v -434.667908 122.360802 717.261414
v -425.199158 121.937439 713.761414
v -418.949158 121.959496 709.511414
v -413.178314 122.147545 706.761414
v -420.449158 121.491783 718.261414
v -403.042908 120.962303 719.761414
v -397.699158 124.193199 679.761414
v -409.355408 122.344872 703.428101
v -407.917908 121.904381 707.761414
v -406.980408 122.350182 701.261414
v -401.886658 122.054588 700.011414
v -398.542908 121.84182 700.761414
v -397.699158 122.052696 696.761414
v 1575.95703 151.351532 -347.238586
v 1527.55078 150.299164 -265.738586
v 1671.64453 151.629547 -245.738586
v 1673.64453 151.640961 -249.738586
v 1676.83203 151.671906 -247.238586
v 1681.44141 151.705688 -251.238586
v 1684.92578 151.731293 -254.238586
v 1687.67578 151.779999 -259.238586
v 1691.41016 151.880249 -261.238586
v 1705.30078 152.316864 -272.738586
v 1715.23828 152.665985 -291.738586
v 1725.11328 152.868805 -297.238586
v 1724.33203 152.909088 -303.488586
v 1752.45703 153.320526 -295.238586
v 1757.11328 153.350922 -293.238586
v 1747.14453 153.073944 -279.238586
v 1733.39453 152.725494 -264.738586
v 1722.39453 152.447357 -261.738586
v 1712.01953 152.347687 -267.238586
v 1701.01953 151.940887 -254.738586
v 1634.11328 151.292023 -221.738586
v 1649.80078 151.30777 -216.738586
v 1656.36328 151.321259 -217.738586
v 1661.42578 151.397919 -222.738586
v 1667.58203 151.379181 -212.238586
v 1688.30078 151.603363 -197.238586
v 1708.83203 151.851227 -188.738586
v 1611.36328 150.99649 -219.738586
v 1606.67578 150.996429 -224.238586
v 1603.58203 150.915558 -219.738586
v 1599.98828 150.93222 -224.738586
v 1597.14453 150.859467 -220.738586
v 1592.55078 150.786102 -216.238586
v 1594.39453 150.713593 -208.738586
v 1588.80078 150.722687 -211.738586
v 1585.30078 150.658295 -206.738586
v 1587.61328 150.602203 -200.238586
v 1581.58203 150.595612 -201.738586
v 1580.64453 150.490265 -191.738586
v 1572.36328 150.511322 -196.738586
v 1573.23828 150.424591 -188.238586
v 1574.61328 150.362823 -182.738586
v 1575.86328 150.326263 -174.238586
v 1577.36328 150.268646 -165.238586
v 1579.20703 150.259613 -158.238586
v 1705.89453 151.723358 -168.238586
v 1711.08203 151.81308 -174.238586
v 85.5820923 144.922516 -679.738586
v 298.269592 142.601593 -358.238586
v 276.550842 144.858307 -511.238586
v 2260.83203 148.523041 161.261414
v -822.386658 118.122337 1337.26147
v 1023.64459 145.259308 -341.238586
v 1034.87891 146.985657 -300.738586
v 1050.23828 145.176178 -387.738586
v 559.550842 134.958832 489.761414
v 632.863342 135.736908 482.261414
v 816.082092 145.762115 -468.238586
v 820.238342 145.827301 -463.738586
v -454.167908 131.581451 65.7614136
v 258.207092 140.402069 -287.738586
v 317.675842 141.37265 -331.238586
v 1035.33203 145.1539 -175.238586
v 403.675842 133.79422 222.761414
v 940.113342 146.555634 -298.238586
v 923.863342 146.768463 -345.738586
v -19.4804077 141.461456 -415.238586
v 544.894592 144.557343 -571.738586
v 649.363342 145.554596 -391.238586
v 356.207092 145.079132 -620.738586
v 446.050842 144.767792 -619.738586
v 376.363342 144.905487 -559.738586
v 227.332092 144.549713 -546.738586
v 147.863342 144.232086 -492.738586
v 177.207092 144.696136 -571.738586
v -768.886658 125.256004 406.761414
v -571.199158 121.76516 1013.26141
v -920.761658 116.958946 1386.76147
v -875.636658 117.008995 1433.76147
v -846.105408 117.407494 1396.76147
v 227.769592 143.866974 -460.738586
v 985.363342 145.918304 -268.738586
v 1051.55078 148.146881 -312.238586
v 1085.42578 147.908722 -312.238586
v 1004.83209 145.088348 -388.738586
v 28.3945923 148.066498 -885.238586
v -477.449158 121.16671 805.761414
v 943.394592 144.906219 -416.238586
v 561.488342 144.603973 -570.238586
v 513.582092 144.547882 -580.238586
v 608.738342 145.003571 -603.238586
v 497.832092 145.347382 -635.238586
v 525.550842 147.650909 -653.238586
v 538.394592 151.206635 -663.738586
v 498.644592 145.612335 -641.238586
v 322.144592 145.257538 -635.238586
v 318.568329 143.415222 -404.166473
v 780.392456 135.579453 481.492798
v 2502.43799 142.171326 1177.11121
v -1216.79504 142.93924 -1290.12402
v -940.881592 136.332382 -513.905518
v 1103.74121 170.221069 -1464.12195
v 1077.95203 130.890594 1289.11426
v -706.418091 152.086365 -1442.08289
v 1809.73804 153.429199 -196.435425
v 2223.74561 139.099182 1438.07581
v 2133.33887 160.302658 -431.247925
v 901.773438 158.314667 -1064.10706
v 1082.16089 136.134079 857.694336
v 631.215332 131.324493 833.503174
v 734.727722 130.03273 922.952881
v 2474.85303 169.945984 -898.147095
v 1585.10205 149.843689 -55.176506
v 2194.74585 146.273712 700.750488
v -663.802551 127.561592 244.293182
v 1851.01343 145.444031 1139.62354
v 757.355225 137.327942 177.385712
v 2054.7251 145.707977 581.982849
v 2262.41919 184.514374 -1268.96387
v -1245.61108 146.100372 -1492.89075
v 1836.7229 143.430023 600.100098
v 70.2222137 127.376564 37.7611122
v 1124.51562 136.719116 641.541199
v 121.440857 127.187447 695.411499
v 2090.86816 153.858551 -91.1018677
v 1053.55139 139.366486 272.249207
v 2255.11768 147.134857 519.329407
v 720.36792 127.634377 1336.40942
v 1096.97424 140.9702 210.474121
v -1029.36621 144.269958 -1312.99487
v 603.753723 128.540985 1143.14453
v 1809.24219 140.972183 1170.06018
v 1215.07507 132.739532 1460.0332
v -239.013733 144.164429 -553.145386
v 345.761414 129.843903 765.457764
v 1588.4198 138.089752 1159.80566
v 2482.59619 151.039383 -79.77005
v -837.139954 144.566406 -1141.79578
v 2382.54517 143.709625 1055.58643
v 2185.2002 179.373383 -1124.31641
v -1169.86035 114.562309 1277.76794
v -478.821991 142.484009 -723.094849
v 2308.3042 149.029175 156.978561
v 221.237045 132.165863 -101.256927
v 2166.84277 151.661072 83.9403
v 1850.72437 149.443954 12.7644272
v -817.905273 144.719772 -1066.84595
v 650.832458 130.416 851.882568
v 1292.61853 147.439575 -127.829384
v 2060.42212 139.541092 1302.12
v 349.11261 160.803207 -1481.50415
v 2113.00586 165.741028 -932.198547
v -27.0525818 131.519455 254.04892
v 1412.80542 149.106903 -113.738167
v 1034.42065 145.024002 -406.583618
v 2231.18896 143.02475 1043.68237
v -598.907532 120.445236 1236.42261
v 1994.77258 137.881165 1040.48303
v 2354.91626 148.453094 389.689758
v 2349.12891 149.391174 124.971527
v 1315.5249 136.213715 1046.59753
v -840.51355 125.825569 381.267029
v 345.579163 130.771408 858.288391
v 2042.28223 179.459946 -1262.16309
v 1097.47241 130.494904 1392.7179
v 2302.32935 197.307755 -1464.39587
v -1145.02454 145.112213 -1412.39697
v 974.710449 139.860733 194.208679
v -815.452148 127.814651 246.11795
v 1594.65332 146.138657 601.694275
v -1344.3512 141.812393 -1218.72144
v 1713.2251 139.697922 994.238525
v 1962.76001 155.807159 -249.648361
v -1347.06555 132.647919 -485.252625
v 1843.60229 154.638199 -302.98468
v 154.944244 152.814041 -1167.3866
v 2221.96802 140.763123 1318.47363
v -569.452148 145.474991 -1069.11987
v 93.1247253 125.163681 1184.34668
v 1975.01392 144.971008 600.37085
v 2321.15259 148.556808 327.61499
v 835.881714 128.077255 1371.28064
v 1054.99036 129.99057 1398.82483
v 712.857117 137.399658 786.584045
v 1441.09106 139.574326 794.636108
v 2375.12817 149.77951 108.5951
v 1066.30188 141.739014 38.1260834
v 2470.71387 159.277191 -285.300171
v 52.4173813 157.429214 -1465.01758
v -528.513306 140.829803 -602.590393
v 1352.2854 134.725571 1098.26733
v 1469.28027 157.541641 -793.892456
v -1063.6095 147.323868 -1470.17139
v 1033.47754 142.69194 -44.4622536
v 595.197754 162.513855 -1480.76257
v -1441.22266 131.776459 -400.275269
v 1001.8725 135.470947 651.213196
v 1101.91919 130.970901 1325.47461
v 1474.67847 147.927139 33.664566
v 1779.95801 153.658783 -556.601807
v -767.891296 148.179077 -1462.98816
v -209.274551 155.878998 -1459.68726
v 1296.95557 136.13147 794.179077
v 2353.70996 159.60881 -357.33728
v -1013.48303 142.196747 -1000.1076
v -993.217651 144.737778 -1320.06067
v -831.234802 127.916954 248.975632
v -339.252808 151.655243 -1226.51892
v 1171.82654 137.483841 772.888611
v 1760.45654 144.67366 331.789062
v -121.949394 124.540634 873.894958
v 2494.96826 202.508087 -1441.84143
v 1560.59631 144.603867 508.487335
v 1905.88306 145.241928 461.611267
v 470.899628 124.478401 1158.4668
v -67.0380402 129.210083 596.837036
v -1175.28003 116.622749 1098.15027
v -903.841187 117.381805 1335.87708
v 2109.11255 153.15715 -56.6277313
v 950.250366 136.940842 411.36496
v 1468.52332 173.562759 -1398.35852
v 1123.41626 131.066315 1360.90906
v -1282.29749 128.636185 -167.926483
v 2107.21655 145.512665 413.233246
v -88.6316071 157.023071 -1441.80811
v 1846.32837 155.74176 -525.008667
v 1229.36438 137.625534 732.792664
v 2189.21045 178.714508 -1099.92773
v -644.044189 155.374664 -1498.9895
v 2210.81519 162.333023 -827.682678
v -1280.9165 142.74646 -1300.18616
v -810.476807 127.790436 283.201355
v 1787.82764 141.039185 1001.53577
v 1367.49097 157.946503 -851.635376
v 2314.18872 154.792267 -131.195007
v 486.332031 126.661743 1340.302
v -1012.74286 142.733673 -818.115112
v 1610.79956 144.893402 594.717346
v 155.07103 125.888588 913.978516
v 1905.60095 151.62709 -81.5868149
v 1974.12109 144.257965 649.8125
v -862.700562 144.693573 -1174.97192
v 2352.49292 149.15451 103.645256
v 954.420166 130.385712 1457.06921
v 1587.24377 144.743698 585.560547
v 2147.84863 142.409576 1040.74768
v -1344.89819 114.273445 1387.55249
v 1097.29297 131.939621 1182.66431
v 2442.83154 159.999969 -432.722931
v 515.591797 126.337929 1377.10779
v 911.644409 136.713089 423.385376
v 2062.82959 141.697418 986.944092
v 992.16626 129.657166 1345.10413
v 1916.99475 145.77623 227.697266
v 340.014648 123.835373 1462.02026
v -584.213135 150.199448 -1272.34961
v 2407.09302 143.617294 1058.15173
v -695.028625 120.203606 1196.62354
v 2209.9292 140.513824 1346.48401
v 2288.04858 149.863281 59.4097061
v 1562.39429 138.804947 896.980286
v 1275.93872 140.612518 373.062866
v 974.300049 145.127991 -350.049622
v 1976.74133 143.580872 766.603882
v -1028.99817 135.876511 -504.411102
v 1477.49573 172.6064 -1368.07642
v 2472.95288 171.044052 -928.228027
v 1003.0708 130.021011 1439.67419
v 690.31488 137.839798 99.1121521
v 850.02356 138.609848 132.249741
v 659.206909 129.367538 1253.67627
v -85.862999 120.60891 1432.58484
v -1006.7066 143.903229 -1177.20825
v 377.306152 138.490845 -99.3889923
v 2152.23926 146.463028 456.583435
v 840.733948 136.90448 387.486237
v 1046.30701 128.764099 1039.92517
v -655.18457 146.260254 -1107.86035
v 2364.37256 149.363983 88.1081619
v -489.985901 141.29567 -561.521423
v 1105.328 171.665512 -1494.0957
v 1468.00061 133.905334 1330.3584
v 2398.6853 156.541489 -298.826141
v 317.259216 125.942924 1066.70166
v 391.028992 125.142097 1417.18237
v 2316.82422 164.830521 -693.266968
v 2061.89526 160.916779 -593.802551
v -1385.0083 139.745605 -932.745789
v 553.159546 145.262878 -623.429626
v -1433.45874 128.454514 -179.540955
v -1412.92822 131.422638 -410.978668
v 1402.83081 138.66394 661.670715
v -1352.63745 113.63784 1427.20288
v 1904.24609 141.498749 828.60553
v 1281.46411 136.182541 944.837891
v -1344.51794 141.921967 -1227.31055
v -929.498413 144.302704 -1164.80981
v 2120.9165 153.174942 -58.1952019
v 977.912476 134.934006 710.353027
v 2060.40991 142.805069 868.884705
v 2092.09106 150.279358 54.0859146
v 1436.5769 171.343491 -1356.26489
v 1668.72681 154.294693 -532.802856
v -430.315155 150.248077 -1254.56335
v 1748.3894 142.712387 611.069763
v 1889.25427 156.595428 -428.05661
v 1400.94482 158.240097 -854.125244
v -837.398804 145.835953 -1291.84473
v 1983.14575 156.151947 -267.002747
v -997.473633 141.436523 -925.416626
v 1399.60986 145.974747 43.5861206
v 1503.6958 139.79097 840.620544
v -896.666138 147.125168 -1463.56616
v 1033.25842 142.181808 -9.5951252
v 1729.7937 141.777222 726.110474
v -993.355835 141.901215 -574.304016
v 2309.0769 148.030472 418.566376
v 1005.64679 137.873489 370.702515
v -795.470154 124.993599 430.50589
v 994.539673 139.464844 228.517242
v 282.655701 130.647156 -161.108002
v 1064.47607 132.388214 1072.44336
v 1725.13135 141.391998 1072.37451
v 1095.23364 131.232498 1264.41833
v 2406.25586 192.045319 -1271.56848
v 1623.95398 144.165283 669.448975
v -930.995178 118.879074 1070.65088
v -1035.31665 135.365341 -455.334839
v 858.949097 130.488312 969.516479
v 349.475586 126.030029 1078.15515
v 1084.68066 141.531647 107.839584
v 962.780945 137.182968 393.419678
v -986.591003 143.271027 -727.433105
v 2217.72241 147.827896 204.114655
v 1556.9353 141.832703 690.511719
v 847.285889 138.216049 225.113632
v 2281.8147 190.21315 -1333.31543
v 1584.38123 179.843597 -1483.23511
v 508.396576 126.033905 1405.6228
v 1534.96753 148.041641 216.708496
v 411.222534 157.299866 -1226.22485
v 467.424805 124.554993 1156.58521
v 1418.22363 140.271103 566.445251
v 2125.51807 160.937378 -484.366943
v 2342.90625 199.437561 -1462.42041
v -1250.85156 136.089432 -660.835571
v -587.482117 119.240028 1369.3241
v 2287.3894 170.008423 -965.579712
v 1003.1701 129.863327 1340.48401
v 1003.57031 130.490448 1287.09131
v 1892.14807 141.445282 815.903076
v 980.414612 145.956406 -269.189056
v -1344.29053 134.755371 -599.130981
v 774.281372 127.442329 1385.74939
v 1899.19214 154.950165 -273.632263
v 1399.89819 138.551163 820.690857
v 1110.63062 138.459305 762.575989
v 1983.55542 147.782379 131.885391
v -124.236824 156.305939 -1433.53479
v 1752.2644 142.697495 605.930115
v 1188.85327 141.21106 243.9823
v 1281.35632 148.038544 -166.602509
v 1801.62805 184.377258 -1497.87659
v 2281.34692 164.110779 -589.715881
v 1869.62061 141.256744 791.52301
v 1419.07202 149.071777 -103.296204
v -971.034485 137.557617 -563.275085
v 908.322876 159.105225 -1105.76318
v 1095.58667 139.557907 319.610413
v 1002.72485 130.214539 1312.22095
v 946.864746 135.660858 509.136719
v 302.490845 124.34584 1339.88794
v 968.585876 139.966553 156.30426
v 2408.72192 189.239609 -1225.03979
v -394.527924 151.691177 -1274.76843
v 1559.90356 160.60672 -887.087952
v 2403.29028 146.72525 848.393494
v 2338.01709 148.803909 326.995544
v 1016.7522 142.653625 -51.2737656
v 2090.69067 146.986237 337.632385
v 1449.59216 157.667328 -807.74231
v 2096.76904 150.379929 33.7550735
v 959.123169 134.990921 880.234375
v -568.044373 153.813248 -1443.77637
v -1431.56055 142.842758 -1301.64868
v 554.718506 130.509842 814.427124
v -1219.21997 143.558136 -1348.40564
v 1835.99744 155.262619 -526.396362
v 61.1427879 157.531052 -1500.86255
v 1724.09558 141.381195 770.252625
v 2070.93164 149.802368 94.4943695
v 844.921997 134.620743 546.695374
v 900.932617 131.899582 908.758667
v 1819.04126 154.946274 -363.885132
v -569.372559 121.124992 1241.54272
v -1211.40881 135.388992 -611.459717
v 1098.6604 142.574753 19.7608242
v 1360.33374 133.309845 1337.35657
v 1849.08484 151.028412 -43.9500618
v 1883.39697 181.135834 -1372.25342
v 1663.39819 139.367218 1120.80298
v 722.7771 137.092453 300.09082
v -1118.8656 132.844437 -290.026855
v 337.625885 138.565994 -112.629303
v 2412.65747 169.509109 -914.585327
v 565.29248 135.895691 933.407227
v 1103.53113 136.221771 689.25647
v 2065.97827 147.426315 347.308319
v -1177.67676 132.699341 -243.527878
v 2059.50269 149.721497 70.051712
v -746.842957 148.721481 -1280.05811
v -653.51532 146.209152 -1106.00891
v -1095.37122 137.265213 -649.7323
v 2217.30713 144.073334 954.217285
v 2254.43457 198.759644 -1483.71948
v 1690.55054 174.084564 -1351.36194
v 2528.81421 168.277924 -724.922119
v -911.277466 119.153786 1071.41992
v 2403.01416 145.316528 903.172485
v 2194.76904 191.814316 -1400.96716
v 2390.2168 166.507843 -796.715454
v 2341.53223 143.725342 1041.72888
v 1126.05103 137.325928 573.889648
v 1322.29663 140.796021 439.432404
v 1899.17505 145.523407 250.047302
v 1309.271 130.871063 751.951233
v 2258.27417 158.134125 -224.1138
v 2372.99805 162.977783 -478.42218
v 131.745895 130.487411 1123.27734
v -1209.7041 137.309631 -710.052002
v 2311.71436 163.554718 -525.781616
v 759.902222 134.366379 612.051086
v 1434.48901 145.389114 116.808243
v 1182.85681 131.751465 1318.40649
v 657.791992 131.68689 809.442139
v -607.914368 148.153305 -1178.23682
v 735.12677 129.733749 1233.61621
v 342.962158 128.689026 900.191406
v 2151.12451 140.993317 1205.35095
v 2132.4165 151.111313 86.2618637
v 1090.70923 136.335251 731.283081
v 1468.82324 136.249268 1138.68164
v 876.125244 157.547043 -1140.82031
v 2091.12646 184.450531 -1331.11938
v 2461.10254 140.669891 1364.37659
v 1834.71204 185.742538 -1484.62341
v 2047.39978 145.61496 588.071594
v 2412.3855 146.96814 806.434692
v 1637.40137 151.450043 -271.410034
v 355.480408 161.594681 -1507.29492
v 265.996002 133.882965 -132.347565
v 1972.65186 153.941147 -167.276978
v 2379.03027 145.913544 883.145203
v 1347.32886 147.083176 -99.2490387
v 478.413971 126.040947 1401.08057
v 298.01593 144.942749 -684.643738
v 117.158615 159.540436 -1488.48279
v 851.569946 137.689163 733.172363
v 468.026062 127.867073 882.839233
v 2407.99683 162.443115 -472.442078
v 848.834106 136.258179 498.307983
v -528.174072 118.274086 1419.50439
v 1379.74023 138.165817 802.648438
v 1949.32104 155.367767 -245.612915
v 2304.43335 196.383926 -1451.94287
v -775.152649 125.355186 390.446442
v 1557.86816 144.677551 600.813599
v 1961.42041 145.975693 317.669769
v 1413.24377 145.45961 101.431763
v 2399.13599 144.325073 995.485291
v -1222.48706 142.723419 -1269.51343
v 2411.15259 167.307068 -863.116211
v 977.892883 130.004807 1303.77417
v 1466.4043 149.946518 -91.2283859
v 1660.5459 138.887207 1006.57391
v 1504.69189 139.06926 1035.35071
v 2099.60449 144.685455 747.284729
v 1859.32422 144.097244 383.495392
v 2344.78027 157.096069 -263.100922
v -1314.53638 139.021851 -896.139221
v 886.878784 158.193039 -1115.6582
v 1025.42554 145.039154 -409.870331
v 1780.01147 140.687241 1003.89868
v 904.152039 138.545395 237.328445
v 2347.65723 144.761536 949.603394
v -925.712769 116.711983 1416.58203
v 907.22406 130.328308 1194.69592
v 969.151367 127.679276 1077.66431
v 818.806213 128.143372 1353.41968
v 1599.65369 169.823486 -1272.96997
v 2505.25342 142.218018 1165.12231
v 771.079712 156.856644 -1213.55371
v 2191.4209 180.446472 -1180.6532
v 2218.70996 157.808105 -227.588165
v -1154.63562 145.547653 -1472.91394
v -1278.36243 114.382614 1350.84448
v -101.96566 156.802322 -1441.64038
v 2034.08716 143.879639 730.242432
v 413.983521 136.795547 -259.684723
v -152.059174 119.982307 1436.61646
v 1101.31738 137.03891 574.301147
v 2412.25757 151.257965 -101.098007
v -1033.35669 128.590881 -36.4798279
v 1351.82373 169.964294 -1373.53662
v 1962.34167 143.80455 711.78064
v 381.113129 144.978516 -598.638306
v 122.378227 122.009758 1396.13452
v 1496.08508 144.599747 436.651459
v 599.438416 127.781898 1309.45605
v -1150.19507 132.462372 -372.596832
v 972.54895 129.29657 1405.09509
v -517.571655 156.440521 -1493.56482
v 2181.36475 147.106476 245.493683
v -1276.28149 139.560364 -805.104736
v -312.134705 122.944252 652.012207
v 1372.88013 147.451019 -100.094025
v 1807.04395 154.8685 -595.829834
v 695.913391 144.335632 -503.693268
v 1656.27979 138.838348 1004.99768
v 1718.1582 140.501526 951.230286
v 1714.06543 141.298416 788.962158
v 2466.38867 155.422348 -211.047607
v 2213.18921 145.884186 710.211548
v 1591.88892 150.926422 -229.085678
v 2266.68799 163.875885 -586.687927
v 263.165466 137.084137 -69.3916245
v 458.797058 129.704193 870.225403
v 2390.1311 143.511917 1071.047
v 1087.89526 145.409637 -150.505081
v 843.622559 130.192017 988.826294
v -553.161255 134.996902 -246.131134
v 1656.2583 158.92305 -720.039124
v 2440.52417 184.676361 -1163.55591
v 2272.24536 147.673203 443.036865
v 1214.71106 135.631592 955.440186
v 1110.59778 141.349182 181.402481
v -1336.57556 134.831757 -601.630066
v 2219.89697 143.421112 888.684998
v 1601.38 140.654724 844.776001
v 1437.83228 141.873886 436.247803
v 2132.74365 179.633621 -1250.29846
v -780.053833 147.803818 -1318.61218
v -910.356201 147.32373 -1500.76318
v 2262.02075 153.975952 -59.6909637
v 1873.78943 150.658554 -37.4324722
v 2475.97754 164.711639 -586.985474
v 1910.13562 144.212875 521.589172
v 777.611572 134.874817 548.845154
v 1568.74622 144.261353 726.981689
v 1843.84888 139.988068 973.71875
v 2406.20874 151.274399 -100.415398
v 789.683899 135.454651 738.401184
v 554.843872 131.268829 860.104126
v 1462.10876 147.597931 32.3527679
v -776.413452 128.295929 226.898026
v -705.612732 144.858185 -1032.37231
v 1746.28857 178.070862 -1363.85059
v 2313.18994 146.759903 679.334167
v 2169.51831 159.989487 -371.051361
v -946.573608 118.79055 1071.42786
v -972.163208 137.703781 -567.590271
v 1783.60571 144.070755 533.70166
v -838.904907 117.763031 1357.89539
v 2106.49658 145.595093 388.43512
v 2276.7417 177.013657 -1061.24792
v 1753.62 143.749374 930.982178
v 2217.49219 142.548416 1080.39514
v 2340.24756 149.543137 243.419312
v 516.328735 126.011269 1414.32825
v -183.806015 119.703682 1463.0929
v 589.302612 132.355164 860.488037
v 1976.53552 146.687927 392.994263
v 671.757812 127.922035 1020.0271
v -1025.86914 141.297318 -924.534912
v 849.74292 131.824402 838.408813
v 1688.5249 139.679718 1020.80536
v 992.177734 141.664978 12.3013687
v -902.58728 117.791267 1306.1626
v -1094.34351 146.111603 -1433.26001
v 774.467102 127.66671 1363.53613
v 1246.99829 134.365646 1135.80054
v 2437.81787 194.210587 -1304.8125
v 1845.69592 149.294113 17.2167187
v 1912.77319 156.183136 -596.662659
v 1687.47034 143.890594 331.948578
v 1769.24487 143.923874 538.79425
v 1554.04199 137.804611 1020.53766
v 1824.08777 153.529922 -212.385315
v 1041.34766 131.410339 1194.67578
v -984.426697 124.460808 445.152893
v 1435.854 141.17688 524.09967
v -27.0755539 129.121216 604.935608
v -1186.10352 136.629578 -674.797119
v 908.06488 130.326859 1222.07043
v 1468.28809 172.356842 -1364.7428
v 2336.77856 146.321289 768.30304
v 2461.89893 162.560394 -505.938934
v 1433.06274 143.713974 198.351929
v 1106.15564 141.356583 145.283173
v 2094.04199 188.887039 -1396.71985
v -1241.68494 142.45636 -1233.48804
v -1310.42017 142.898499 -1312.96802
v 2223.20093 147.564392 226.775528
v 1472.77576 144.345642 304.66861
v -894.026855 116.871819 1432.17834
v 2479.72974 154.786972 -196.409348
v 1001.04626 128.205383 1044.59644
v 1093.0271 133.39006 1053.26782
v -1205.81323 143.95874 -1366.40845
v 2213.52783 146.005508 701.227051
v 1712.07971 148.725464 24.0453491
v 1094.54431 170.016953 -1459.65625
v 1918.4563 145.744644 439.78009
v -1214.77502 143.99231 -1372.2312
v 1562.65552 144.483978 628.182495
v -1243.41162 129.191391 -200.814331
v -528.601929 120.947701 1103.80188
v -1255.57397 129.779541 -241.054382
v 2049.69897 192.102005 -1503.21899
v 1808.56909 147.038116 124.040565
v 2076.64136 189.030991 -1404.54517
v -1402.97876 133.772903 -568.345703
v 1602.23291 144.629913 224.609421
v 1340.71509 171.414932 -1441.09045
v -680.257202 124.765465 530.278748
v 319.580811 127.21846 972.287903
v 1593.51465 145.64447 693.178223
v -1184.68457 141.112 -1025.91223
v 2090.05396 149.741974 169.116852
v 1517.65955 138.967438 1038.69482
v -971.695496 116.603561 1458.9314
v 1414.43738 166.975189 -1248.51355
v 169.864655 122.547897 1395.62878
v -1151.80493 142.748856 -1216.73047
v 1727.03101 142.790649 574.816711
v 1597.29541 144.143661 311.490265
v 134.962067 126.160606 886.994019
v -1125.89282 142.64212 -1111.1897
v 1727.04553 140.033447 976.071106
v 2251.45288 164.047974 -616.903137
v 2226.52979 152.093033 38.5396996
v 695.175171 136.785522 199.966751
v -374.144379 153.211136 -1423.78552
v 1727.83313 148.937683 18.8458061
v -1352.23047 112.759483 1449.20764
v 2115.60962 183.008118 -1301.22595
v 785.89209 138.567917 145.203003
v 1761.86182 142.978607 637.96814
v 1752.53516 146.036636 172.526642
v 1661.96875 143.496658 806.03418
v -585.630737 121.095947 1228.78613
v 767.633728 137.173111 323.706207
v -1217.26611 134.583344 -503.091919
v 2014.00952 188.694092 -1466.13525
v 2338.96411 168.01181 -925.768433
v 2468.32812 165.355713 -609.162231
v -320.149933 154.211823 -1354.7616
v -677.844177 125.034279 491.778839
v 2306.82861 187.337387 -1224.60132
v 2441.29126 186.147842 -1180.76758
v 1849.17676 148.687241 70.4467545
v 1973.70508 183.942108 -1395.06055
v -950.304199 147.043518 -1501.33228
v 1850.67847 180.497528 -1371.89136
v 1482.68201 177.424683 -1485.44739
v 2376.08936 160.180023 -383.031982
v 575.399414 131.756851 855.213989
v 2467.79785 162.339706 -493.528198
v 2250.1875 144.125717 884.575256
v 2203.29468 147.122772 428.747986
v 411.96167 129.509079 981.263
v -581.102417 156.984283 -1461.28491
v 2353.55811 163.784576 -524.204041
v 694.896179 144.263123 -493.921936
v 1341.89453 136.261887 1064.15552
v -895.152954 142.162903 -920.944214
v 1845.20837 147.589111 134.388535
v 2226.59253 164.03511 -645.551819
v -1201.17004 144.36882 -1388.3335
v -980.568359 116.430641 1468.12402
v 1590.76807 138.304413 971.525818
v 2070.03516 149.645752 112.26593
v 2060.80811 154.759659 -138.044586
v 601.313965 136.69606 395.347412
v 1750.1178 146.893341 109.53331
v -656.349854 124.006081 694.336548
v -1395.25537 140.580566 -1090.8147
v 1436.97729 143.66748 248.676926
v -1186.63257 135.74942 -629.93457
v 2378.57251 143.915649 1028.71033
v 1592.87927 158.121445 -722.783936
v 2158.97559 147.488037 244.546936
v -976.417297 141.926682 -935.639893
v -0.960445285 145.284454 -712.169983
v 1898.95532 138.995422 1020.17065
v 878.618774 135.925415 457.342987
v 1342.2749 158.549347 -885.827698
v -1240.3291 128.304703 -123.871048
v -720.024109 146.659225 -1136.69702
v 2020.17957 143.791809 762.012756
v 1719.40686 176.332642 -1386.3833
v 1752.5127 155.386078 -607.537354
v 167.712158 126.228302 882.982544
v -1403.43335 133.310089 -530.248535
v 1152.46228 136.968735 780.376831
v 1090.21265 140.121307 245.487686
v -534.000671 141.10022 -620.520508
v 1471.71521 147.273819 -34.1565094
v -502.422791 153.190414 -1366.84106
v 2318.19678 146.87915 699.694824
v -1237.02124 144.939209 -1428.51733
v -972.112061 116.547203 1454.78064
v 255.820923 132.527344 -185.824356
v 2151.61841 157.639328 -255.687347
v -1000.49286 144.446198 -1276.18604
v -1119.06946 140.948318 -987.931091
v 1722.34131 139.747803 1042.67407
v 1850.9342 155.299561 -349.069092
v 1782.59351 152.624969 -165.212448
v 971.891724 135.177902 879.857666
v 251.211487 144.43158 -550.274963
v 1407.66479 138.74173 824.028931
v 104.647964 130.468018 1139.65332
v -162.059235 156.926285 -1488.56543
v 2472.86206 193.134811 -1270.53552
v 1660.59412 146.387329 127.181076
v 1166.74353 145.275085 -106.363327
v 62.539875 151.38858 -1074.40369
v 1724.49683 141.397278 784.10376
v 1891.26929 145.532562 440.061432
v 2411.02051 197.201553 -1423.03052
v 590.866882 133.708893 956.845459
v 2492.22461 178.943466 -1084.4353
v 1723.46973 141.531219 738.85199
v 1495.50134 144.360764 453.923706
v 660.391052 144.283142 -508.050873
v 1598.20935 144.825775 376.891205
v 1770.81396 154.128922 -572.323059
v 1553.47681 148.500504 217.460785
v 1840.00403 142.291824 1162.59155
v -940.709656 116.957848 1374.93835
v -1205.61304 135.582336 -627.443115
v 976.502563 129.622055 1331.82556
v 1760.75464 159.119095 -684.705994
v 909.058105 140.21347 45.6843567
v 1653.66565 142.51326 758.057068
v 2351.88379 145.809082 862.871216
v 1878.55884 154.31485 -189.663696
v -652.581421 125.232475 499.485718
v 2339.72485 158.864243 -321.205688
v 262.101135 137.373474 -48.3880424
v 2338.1123 165.036285 -603.259583
v -1445.52002 130.716599 -298.361694
v 1969.07312 182.693268 -1365.21729
v 2377.82007 164.8013 -567.166992
v -697.565186 145.87915 -1078.07776
v 2292.05933 158.701752 -281.714508
v 2415.21216 168.77951 -896.36792
v -1440.26392 139.27742 -985.704895
v 1032.58032 141.984222 2.69523668
v 2392.03882 143.382019 1085.72827
v 1099.50098 131.105042 1295.69165
v 2305.29248 196.283005 -1447.08374
v 2340.28418 195.421021 -1406.14758
v -1080.70959 134.503983 -430.431335
v 1623.25098 176.739685 -1410.73047
v 847.879761 130.774887 914.538086
v -1294.54993 124.551285 244.713562
v 1588.51685 156.134735 -619.21051
v 1895.28125 141.073669 847.817749
v 462.970886 158.826141 -1293.09851
v 2412.61719 146.689835 779.225769
v 2130.11304 154.050049 -84.1823273
v -566.585571 155.129684 -1412.47571
v 994.301147 130.89621 1231.91626
v 2468.22461 150.922684 -36.3831329
v 1812.87109 178.308411 -1343.5835
v 2462.91797 194.347977 -1298.48145
v 2222.64014 147.442154 319.102295
v 2476.02368 151.633148 129.351852
v 2013.47412 144.772644 664.888916
v 1406.83154 148.272156 -106.46048
v 1034.39038 146.75705 -319.272949
v -218.856232 153.057159 -1307.70776
v 2433.46704 148.219162 626.898804
v -1251.12549 133.51207 -505.062775
v 1082.78601 139.490662 298.834778
v 2088.95508 149.827469 105.866463
v 244.703552 123.248451 1371.19238
v 249.673706 126.694794 972.986938
v 851.556519 130.511719 953.127563
v 1560.9917 176.157578 -1415.93262
v -433.563477 151.78447 -1369.2655
v 2374.76587 184.779144 -1156.04553
v 1347.34424 140.89241 385.81076
v 378.867615 156.588715 -1203.47754
v 1104.99927 145.601746 -157.475311
v 1789.60718 176.915405 -1323.34009
v 2379.43066 184.73851 -1155.37537
v -504.613464 157.628235 -1487.80908
v 1880.52051 182.298355 -1390.63965
v -1134.91199 132.693054 -366.708496
v 1124.02722 140.201965 280.927612
v 1476.35986 145.946701 123.380585
v -1404.83057 142.749374 -1281.41748
v 901.688171 129.814087 1261.34619
v 2406.85596 146.400879 774.103271
v 1114.65234 131.744537 1212.1001
v 46.6222076 127.691544 18.4826393
v 1475.65356 140.120911 785.446228
v 1404.32678 147.494858 -89.4242554
v 617.229004 131.002899 837.57373
v 564.314209 130.860718 850.322998
v 481.30603 129.596115 857.800964
v -405.949585 151.31073 -1329.32129
v 191.201981 158.537643 -1401.23755
v 1851.94775 153.838318 -194.885742
v -687.977905 147.618561 -1201.85815
v 190.703064 123.979057 1450.18591
v 1147.20264 168.197891 -1419.61316
v 1770.06458 141.526596 977.111755
v 1918.29053 137.922989 997.121765
v -1248.45361 128.381775 -137.942383
v 2434.78638 153.450684 -151.012497
v 1585.41309 139.634888 856.80365
v 2360.68066 148.877136 352.388947
v 1475.84619 134.658325 1276.51611
v 2304.33105 146.831055 642.909668
v 1155.59924 141.012848 224.625641
v 1223.48584 132.455902 1234.72705
v -1402.1239 128.061813 -150.406372
v 850.789429 154.740509 -904.576721
v 715.697449 144.642166 -526.600586
v -328.954712 142.107651 -572.227966
v 2137.11694 146.307556 493.220154
v 974.665466 134.895065 801.338745
v 1290.70068 139.24617 533.674133
v 1748.30652 142.94809 575.454224
v 1346.3407 149.697083 -138.425232
v 2391.92651 145.666687 890.912903
v 2311.79688 164.130493 -697.366882
v 2311.88525 166.201279 -880.886597
v 2408.14771 156.998291 -301.505768
v 1488.14697 137.687653 965.415771
v -1080.43542 142.780197 -1126.93079
v -510.661316 155.305023 -1512.35254
v 2223.00024 156.550995 -157.852585
v 1138.96606 134.271545 1043.58875
v -1220.83765 134.791992 -541.598389
v 1310.79553 140.561111 447.177307
v -1106.04236 133.101318 -309.454468
v 1257.5625 135.92038 1031.21533
v 1721.47278 142.350006 706.606079
v -1411.97351 130.738831 -341.092346
v -648.239136 125.38253 483.930115
v 2001.07129 144.7117 461.152466
v 783.778625 135.307816 508.134521
v 2057.24536 190.153564 -1432.6897
v -576.390015 158.196594 -1470.47461
v -1155.31494 132.48288 -258.645935
v -868.640076 118.017387 1298.21948
v -1410.34583 120.782684 688.815002
v 466.467407 125.050362 1141.27051
v 1244.38245 167.663513 -1392.26794
v 686.288086 144.536713 -542.245483
v 2319.0918 190.984009 -1346.17578
v 227.578827 154.285599 -1150.20178
v 1347.93982 137.360229 899.254944
v -1027.09644 136.335358 -521.021729
v 689.447876 136.161011 177.941803
v 2228.20654 158.207275 -246.039917
v 2479.77368 150.687012 179.706085
v 1780.45654 142.975922 668.010071
v 1694.07617 179.42012 -1438.18481
v 2408.60059 148.511414 418.139404
v 2296.62451 167.177307 -917.45343
v 1222.5426 138.09816 721.034363
v 1001.55243 137.297485 411.572937
v 2159.35815 154.331879 -84.1146851
v 770.162964 129.784378 1301.46375
v 2156.98242 151.664658 103.606812
v 1915.30688 140.152847 897.050049
v -1212.60852 135.684525 -636.240234
v 2443.8042 168.297821 -802.53656
v 2340.07129 145.475677 844.704956
v 2004.12952 153.661636 -95.5079422
v 262.109161 123.193665 1383.82739
v -1085.68079 116.162193 1205.64368
v 1845.25757 153.249283 -178.973251
v 1603.51306 144.472717 333.02652
v 1612.83826 150.744278 -176.51738
v -37.6764755 120.909355 1466.53735
v 972.326111 138.11087 333.943909
v 2160.0752 191.148743 -1416.99597
v 345.430176 124.626228 1365.22778
v 989.518738 131.352692 1171.72449
v 1045.47754 131.251923 1103.43201
v -1247.71362 121.440811 552.996033
v -1298.65869 138.906982 -910.648926
v 727.0448 128.631119 1305.95532
v 1967.63953 141.129379 907.15979
v 50.9446602 144.87999 -688.716003
v 64.8437805 124.395378 1159.21692
v 2464.08325 150.714767 -54.1212692
v -1160.8302 137.896591 -734.441772
v -1274.4259 132.518829 -443.101257
v 715.787476 136.941956 170.385406
v 1106.86365 170.931793 -1478.23462
v 1335.79089 140.43512 386.530121
v 1480.59985 173.684082 -1395.31384
v 651.290894 137.001648 304.398651
v 939.305298 137.987228 332.976929
v 713.951904 129.351562 960.740051
v 2259.57544 147.777054 389.89621
v 2207.9624 178.009491 -1074.14844
v 2154.87451 147.537003 245.224899
v 1607.30078 176.729294 -1410.44629
v 2417.00391 167.907791 -877.272095
v -1410.56799 133.754776 -551.958557
v 1170.08936 141.316177 210.256607
v -1215.42896 130.959778 -242.840149
v 1474.44653 144.897552 313.852966
v 2232.64014 148.731323 274.887299
v 1254.37866 147.125092 -170.494202
v 2138.84814 146.219086 459.971405
v -682.982849 152.353821 -1308.76465
v -449.574066 153.866226 -1410.52551
v 2060.46509 148.199417 279.286133
v 1796.20605 143.883972 543.269897
v 2347.00513 164.373672 -556.054199
v -1184.9552 128.846939 -138.489761
v 1680.34326 179.398895 -1441.3645
v 504.24118 126.384735 1395.79651
v 1844.50635 141.087021 786.12915
v 1707.15625 140.222839 1053.63159
v 2476.84277 194.437515 -1294.10535
v 1941.42798 158.325317 -561.281189
v 1963.56848 156.013336 -265.127991
v -538.561707 126.00502 501.098145
v 2222.45239 172.796234 -1011.68152
v 435.183777 139.62822 -313.279846
v 2158.61743 178.233261 -1117.24976
v 1088.44897 138.420593 751.208496
v 1714.03882 173.273117 -1274.4314
v -1180.90039 141.292709 -1039.46179
v -906.868958 127.695129 209.472137
v 1553.87842 175.375351 -1402.13916
v -1154.38416 141.028091 -1012.30627
v 632.003174 129.061783 1242.25928
v 797.066406 133.846497 766.39978
v 1959.12048 143.781357 716.238647
v 258.027161 125.936821 1019.69843
v 2509.49756 177.568039 -1056.7998
v 2184.28198 159.643616 -348.24762
v -1224.08936 134.788361 -516.87616
v -74.8146896 128.137222 577.918945
v -746.710083 118.620193 1316.53333
v 2041.69348 180.307907 -1274.38623
v 75.859024 122.456093 1459.98535
v 1412.52637 143.134094 256.383942
v 440.885101 159.87323 -1439.61255
v -398.621338 154.544174 -1467.90503
v 2002.94128 145.013306 559.992737
v 2479.06543 150.915115 -54.0640373
v -680.001892 124.801689 523.476624
v 2124.99097 161.886002 -664.930481
v 2412.87109 145.05603 915.168701
v 1599.39697 142.72998 826.64386
v 1101.42004 132.276001 1138.77466
v 1748.85474 149.311584 13.2067833
v -528.86853 155.058563 -1448.53296
v 1669.39014 144.585541 229.577606
v 2313.68164 164.181793 -562.244995
v 1627.43445 145.804321 623.892761
v 2102.16479 158.935547 -709.797729
v 2124.0083 183.963074 -1307.26807
v -1171.9906 143.969559 -1348.5542
v -138.490372 157.229309 -1482.96204
v 2386.16699 193.728653 -1314.44519
v 1671.28357 143.260498 622.235291
v 1695.17603 141.953094 877.405579
v 730.361938 128.930038 1209.4436
v -1454.69604 114.270515 1359.54517
v 464.479828 124.445831 1175.63037
v -896.592651 141.871185 -898.731873
v 1436.1499 149.466583 -99.5789337
v 217.615204 129.631104 375.728516
v 2087.57715 154.483795 -118.183998
v 707.586914 134.443985 763.222473
v 1920.27515 140.197556 1173.14624
v -650.463074 125.946533 415.161438
v 1717.86426 139.858124 1052.54626
v -776.28363 128.517685 197.163788
v 403.088867 126.601936 1270.13171
v 1379.45056 132.590714 1404.81189
v 293.113251 159.269806 -1404.21533
v 2294.79785 146.469528 664.366028
v 1472.85437 176.639313 -1473.50708
v -657.134949 119.609932 1239.45166
v 1810.88049 141.498917 1078.78845
v -1126.94189 146.024612 -1432.41284
v -527.581787 153.503296 -1435.56128
v -1290.56311 132.559784 -456.900635
v 1874.32361 150.805359 -42.981041
v 2377.25 149.117889 388.96637
v 90.8948364 122.818871 1427.16492
v 1595.50977 138.990829 1078.9364
v 1265.54639 138.44957 579.804871
v 785.787476 154.164124 -943.782471
v -1149.06311 145.707108 -1482.41394
v -1310.32007 133.259506 -376.163513
v 2073.58838 159.210068 -412.721771
v 1678.88293 152.3078 -316.922882
v 2098.33447 160.058685 -448.106781
v 1410.41565 146.305252 29.6757355
v -1076.65686 137.58194 -492.033081
v 1569.98218 144.365021 500.821686
v 2009.94751 154.597412 -164.034637
v -690.473328 146.240753 -1094.42627
v 2514.5957 167.551559 -778.31543
v 809.832825 138.030426 156.87973
v 2373.50928 199.121887 -1461.25
v 2132.80322 162.124847 -664.01416
v 1971.61328 138.896896 1331.71045
v 2297.21362 162.554855 -471.798065
v 1969.14612 152.206711 -46.028492
v 2090.06201 150.677124 17.0782795
v 824.456604 129.30806 1231.74841
v 2487.1936 205.887238 -1507.91101
v 1344.98804 134.267426 1440.69202
v -127.193817 157.741348 -1494.9303
v -1211.38989 143.135132 -1307.04053
v -1210.4397 140.757904 -1001.3717
v -1223.0022 135.552582 -628.286194
v 1601.8335 144.149994 275.869934
v 2049.09204 149.313873 78.0849915
v -623.661438 153.793976 -1451.75171
v 903.257935 135.720474 475.587036
v 2222.00537 147.790466 204.852539
v 2066.81641 143.010544 847.892212
v 1840.94238 154.99469 -334.781738
v 570.235291 135.305344 906.803467
v -836.543335 125.020348 413.199402
v 232.93338 123.213463 1348.03735
v 826.422363 128.354599 1417.79919
v -453.728455 153.054703 -1386.45557
v -442.262482 153.391479 -1402.92944
v 1980.38623 181.782516 -1320.20667
v 2259 154.687897 -74.4412079
v -776.237244 118.172272 1349.52832
v 1714.59814 145.389984 206.212479
v 1518.05505 137.430283 993.789734
v 2303.05615 198.474335 -1476.70239
v 2096.39697 192.687134 -1457.8844
v 2062.79565 174.89122 -1186.32947
v 1597.38342 143.427597 394.286926
v -725.710022 143.321014 -952.361511
v 1149.72864 134.076065 1016.7641
v -966.13385 145.158981 -1320.8042
v 218.590637 158.802917 -1393.5238
v 1838.19397 142.441666 1070.9436
v 216.526611 160.074417 -1449.89526
v 1608.94507 145.080063 670.671326
v -1266.47986 121.4077 554.489807
v 1547.03809 146.447952 327.104614
v 2191.86084 147.054901 314.390045
v 1769.19653 152.075928 -77.6456604
v 777.840332 134.470413 587.175415
v 1474.83691 144.432175 205.32666
v 90.9383392 158.67923 -1503.73242
v -552.69165 134.725464 -231.752106
v 1650.06152 142.554947 829.43811
v 2017.44531 187.715546 -1438.32178
v 2186.58325 143.263062 948.047668
v 1157.59436 170.255112 -1463.77148
v -893.118103 119.59346 1026.5719
v 659.266602 137.237671 320.610321
v -1341.65417 122.527641 509.734833
v -896.037109 119.446053 1063.75342
v 2065.71729 185.599213 -1349.90796
v -1153.23193 145.325272 -1449.6427
v 2207.2981 181.072205 -1202.93066
v 2022.54797 144.924133 661.580261
v 2223.28564 198.129303 -1486.46985
v 2047.46143 148.458664 277.897278
v 2138.0061 144.501282 703.459351
v 1619.05664 143.633911 569.625549
v 1597.41943 143.83461 479.010315
v 934.504028 134.694702 704.566162
v 2201.12842 161.064209 -429.684143
v 1040.00525 131.587463 1110.70801
v 1408.54456 174.37735 -1466.90015
v 2261.21045 146.349503 674.559631
v 1623.24609 138.754272 949.863464
v -361.384247 118.967194 1457.52637
v 721.832153 136.827225 317.669647
v -100.804657 126.892853 587.148193
v 2343.52686 148.298767 397.02301
v 2400.19092 195.933716 -1402.14465
v 1720.13696 142.536057 700.916016
v 1816.05847 144.098816 432.40097
v 2070.69556 176.187469 -1209.24902
v -1433.54675 114.304825 1354.245
v 2218.10327 154.554657 -72.5338898
v -1435.53137 129.48259 -196.245972
v 2515.36353 202.7099 -1426.71509
v -1391.13794 133.958588 -577.961121
v 1848.39551 138.80452 915.80127
v 1945.39404 137.90834 998.806396
v -951.443665 136.573257 -526.671387
v 2402.44653 147.498383 689.996582
v 1599.93262 145.445969 649.302734
v -1374.5979 139.693176 -929.951477
v 1597.12793 156.084274 -616.275635
v 2102.50317 146.193359 488.96286
v 2401.1936 169.932846 -926.633789
v 844.213135 157.315781 -1179.98938
v 1443.58643 139.819092 774.290405
v 1973.70117 141.948715 864.163818
v 2370.3457 169.232208 -922.510437
v -1305.19275 139.198776 -924.693298
v 260.040344 127.600304 946.393372
v 17.167635 121.255821 1425.01086
v 1160.55542 134.792114 1026.28979
v -70.2515717 120.728333 1396.64453
v 1511.46936 171.165436 -1315.78931
v 1722.15442 176.556107 -1389.17065
v 890.537109 131.036346 1453.98535
v 2157.927 159.641327 -358.587097
v 1840.07544 145.378815 217.630096
v -709.849548 151.541138 -1364.19397
v -872.343689 117.22921 1393.60205
v 2347.70557 195.707458 -1410.62463
v 1838.27612 138.848694 841.644897
v -1342.00146 113.988075 1401.93933
v 1469.74414 138.950775 891.236877
v -708.366455 143.713806 -969.643677
v 1797.99158 183.342163 -1476.35645
v 1566.00146 160.045776 -858.348633
v 1583.1167 139.058273 1067.58057
v 2222.22607 193.054016 -1412.33215
v 2315.00073 163.376007 -514.768616
v 2098.41479 149.15097 187.873581
v 970.361328 139.942032 164.980881
v -1023.61548 135.256119 -435.206665
v -1065.22412 135.157593 -476.490051
v 921.977966 127.137085 1104.83606
v 2409.78955 157.346695 -325.134033
v 1620.20337 138.876755 926.104248
v 1520.28223 139.084473 1040.56201
v 1945.38867 151.930481 -54.1723862
v 167.939301 122.778816 1343.39819
v 2504.29224 201.835236 -1419.43713
v 2234.54297 147.753128 306.02771
v 1317.56885 170.85968 -1448.11743
v 2106.37451 157.538788 -282.057587
v 2041.00757 177.535767 -1233.72974
v 722.395874 150.968002 -602.376892
v 2372.5708 175.938477 -1050.17236
v 848.278931 138.984802 179.351898
v 1649.41846 142.600021 808.392151
v 1912.12756 155.655365 -651.727478
v 2029.39624 145.02832 650.241455
v 1042.38757 138.662872 325.445618
v 1722.39709 158.354645 -665.666748
v 1847.45593 181.663651 -1392.61914
v -1115.04053 136.355743 -609.212891
v 165.881378 128.969208 -58.2781639
v 1160.85986 169.259735 -1442.55701
v 2316.42944 188.3862 -1295.67688
v 1971.44116 144.765137 580.409851
v 2462.86133 150.678131 -45.0062294
v -466.653748 142.890182 -769.041321
v 278.016388 160.352509 -1451.83765
v 1910.37134 145.703934 256.436798
v 1806.69653 143.719635 554.477173
v 2277.37769 169.081116 -952.62616
v 132.039581 157.254913 -1358.26965
v -1434.32959 140.438477 -1107.26111
v -1407.54065 128.492447 -176.601807
v -665.505493 147.548859 -1159.90454
v 645.5896 137.990768 330.878204
v 1249.02234 169.423203 -1463.08643
v 1809.84058 144.141907 530.421082
v 1558.92883 147.604782 250.079941
v 2124.28027 146.221848 500.409454
v -1190.63525 141.752899 -1138.16541
v 958.783142 130.077179 1442.8363
v 1451.3678 141.445755 505.181152
v 2403.5957 139.976913 1431.9812
v 2102.26709 154.014923 -93.7280197
v -1219.56006 141.203857 -1009.87396
v 1831.7002 156.039978 -639.603699
v -374.61972 153.098846 -1412.01465
v 1188.88025 168.929428 -1443.91602
v 1352.29321 170.593414 -1391.6554
v 2161.57349 164.193405 -893.61084
v -274.309631 154.916321 -1407.31323
v 1792.02759 152.075867 -79.9082413
v -700.585205 152.851837 -1466.81262
v 1702.9585 144.085907 846.390259
v -1333.2843 138.994308 -853.576172
v -754.951843 149.179459 -1320.58337
v 2089.84229 182.26178 -1301.51538
v -1247.80432 133.284485 -483.712494
v 1636.58643 156.516296 -606.344116
v 1548.59253 148.344818 209.348694
v 1166.47742 137.295288 793.084351
v 1781.31982 152.483261 -168.5784
v 2376.6958 145.992081 879.724243
v 2229.76025 144.196777 955.22998
v 1655.28845 142.184265 715.377686
v 1954.81714 144.147873 509.253876
v 1150.4458 131.647202 1281.66724
v -578.84314 135.806366 -291.697052
v 651.55542 136.741943 405.806824
v -1001.76331 146.520508 -1461.47974
v 220.940918 126.674179 938.23291
v 2097.81348 157.094452 -262.742035
v 2172.65649 145.975311 565.936707
v 2398.6106 150.784088 198.266479
v 2165.48779 181.652313 -1251.46582
v -598.716187 148.555893 -1194.44226
v 1516.40454 137.790329 1023.87408
v 1352.23535 145.267761 38.5643806
v 1354.43164 132.576447 1399.92236
v 1039.6073 139.610931 237.290466
v 784.412903 130.394287 1239.34131
v 1913.87402 141.587769 829.150024
v 1046.45544 138.84407 294.768097
v 2409.14258 190.788727 -1250.54175
v 16.393404 156.339935 -1468.72046
v 2231.96191 142.724182 1069.41711
v 896.289001 128.553635 1393.78259
v -316.821106 155.936035 -1442.91614
v 1975.70374 140.840347 1164.74304
v 700.718994 136.323257 162.660767
v -6.5884552 121.00959 1445.24854
v 1845.38989 141.30722 769.870422
v 2049.16895 175.001953 -1191.48535
v -593.688171 120.559761 1241.35645
v 2318.12329 156.161346 -180.163513
v 2476.99072 155.443817 -212.628754
v 1874.32422 154.079742 -205.212982
v 1892.74561 139.970734 876.906921
v 1930.9895 150.792145 7.59433889
v 1359.15674 140.288849 505.697815
v 2503.23901 172.042892 -935.637085
v 1151.69458 145.349625 -121.988632
v 1915.37378 154.513718 -215.231873
v -1349.16931 134.476746 -585.267395
v -710.175171 133.57132 -198.371384
v 1969.62488 154.185654 -178.282852
v 2150.33447 145.332962 628.914917
v 320.071167 125.110458 1323.22668
v 2310.3584 177.897324 -1076.69983
v 1659.84082 147.328186 63.8952484
v 636.643494 128.652206 1272.55457
v 668.419067 137.013519 303.347198
v 1859.18152 144.210617 391.266235
v 2404.69165 155.363037 -269.223267
v 1091.10303 142.347931 28.4059734
v 1111.17712 137.723022 502.961395
v 2230.49683 147.371292 366.760529
v 1593.13098 179.789169 -1478.43994
v 2041.09717 145.147232 625.916565
v -1220.32019 115.238174 1296.02307
v 825.049072 153.503357 -833.500488
v 849.653442 129.714111 1267.91333
v 1732.76526 139.975677 988.230591
v 2157.72559 190.079041 -1398.31348
v -588.753906 154.903351 -1478.58154
v 1548.02319 175.131622 -1399.48169
v 2292.61084 186.57254 -1278.44312
v 577.661011 150.35231 -727.57373
v 970.68158 141.825775 -6.72863531
v 1313.56934 144.488007 94.8123398
v -1059.60266 128.361145 -38.2302933
v 2313.72925 144.098663 966.220947
v 1775.79932 154.87532 -590.876953
v 2106.68604 181.204956 -1274.81189
v 891.97168 138.490738 290.185303
v 1782.7478 146.364716 179.987152
v 1775.34412 140.39917 904.756348
v 949.837036 138.672531 286.417023
v -616.224792 149.559433 -1255.74231
v 2221.7832 160.13385 -360.050171
v 970.506592 129.488617 1336.16089
v 2476.90698 180.212021 -1105.46118
v -524.495605 129.959229 111.72538
v 1230.97693 152.462753 -566.510071
v 1720.24243 142.794296 582.042419
v -965.17334 118.474632 1077.24048
v -1201.47253 141.614929 -1029.54431
v 1534.96375 138.653381 900.954102
v 1226.07019 135.544022 987.384399
v 2274.13257 152.801956 -49.1884766
v 1475.9895 146.379623 106.595108
v 716.010254 144.41037 -497.724487
v 1355.10132 150.984772 -148.098801
v -1036.8728 135.228989 -444.784119
v 2124.55151 150.795425 77.8548965
v 1558.15222 177.112976 -1438.15991
v 2050.72534 145.600571 595.621338
v 1718.31787 141.451508 763.160461
v 554.536499 135.140411 953.475891
v 200.656067 126.264854 947.313782
v 2395.38062 166.416458 -804.789734
v 896.217346 129.91774 1240.55115
v -954.601685 142.159012 -932.126343
v -1399.33508 140.728592 -1109.05884
v -364.930969 153.750778 -1443.95691
v 1005.4715 138.831879 285.531219
v 1693.72559 145.052719 223.676025
v 1595.81543 144.416107 665.299011
v 2391.2832 185.611755 -1170.52222
v 1732.6543 145.121262 855.415649
v -1318.73779 128.474045 -169.813873
v -397.677246 135.382477 -208.35405
v 2262.87598 153.412018 -45.0323181
v -520.79541 155.361481 -1507.48645
v 1930.78442 138.53241 1030.27856
v 2078.198 153.296158 -67.9560242
v -813.0755 122.171089 811.146729
v 2367.88623 150.914841 202.790573
v 435.165039 126.775276 1307.15308
v -549.877686 126.318703 479.52594
v 2064.38574 149.740646 55.7414703
v 1105.79089 137.265625 554.968445
v -1016.68427 142.146744 -995.062744
v 1107.33289 131.10408 1309.82971
v 1558.69666 160.314301 -875.165894
v 1713.88806 144.187897 302.732666
v 388.990967 155.989395 -1169.15686
v 885.585815 129.651093 1268.35083
v 2153.60645 151.792038 84.8213043
v 1773.93677 152.632019 -157.037628
v 398.379669 154.879211 -1099.20911
v 2128.20947 144.826324 797.140503
v 1155.06213 137.087433 644.510254
v 2406.94946 167.160965 -796.319397
v 435.822327 158.369354 -1275.90454
v -850.417114 125.263947 402.40564
v 1105.01184 145.423523 -146.949326
v 1703.9342 142.163849 798.722168
v 2337.14062 190.298447 -1290.11804
v 2064.16162 143.648468 804.012939
v 1096.80981 139.44696 334.787323
v 1421.62463 133.373993 1374.01306
v -1158.73657 129.670105 -168.286255
v 2471.77734 165.978668 -640.506714
v 1595.59521 138.499008 948.518311
v 1898.87048 151.742447 -83.9223099
v -966.361267 124.404427 458.037994
v 1627.22705 161.390411 -891.879395
v 1192.78601 134.902802 1092.56165
v 1844.75757 144.41394 1088.94128
v 1563.08325 144.453827 383.644531
v 2034.51953 176.935028 -1226.03516
v -1203.05444 135.958145 -648.422607
v 781.281006 153.538895 -890.931396
v 2032.97095 143.920181 729.432373
v -1198.59106 129.951935 -205.940796
v 1814.62659 138.929626 1183.14075
v 1241.85681 138.274063 588.076416
v 1729.11169 144.149536 313.646698
v 1275.86108 147.759705 -160.295044
v -944.12085 145.727722 -1400.69202
v 1346.99829 138.669739 650.592529
v 97.112114 152.069183 -1115.41431
v 2230.20581 144.932678 781.775391
v 1295.90088 133.631119 1143.81616
v 1924.20215 145.634857 358.104095
v 1658.34814 146.563156 110.234749
v 915.301819 138.483475 232.299561
v 1722.24304 142.812256 604.585144
v 787.391846 133.982071 623.924622
v 2035.29346 147.308151 368.254089
v 1057.83374 134.602371 894.0354
v -1313.24829 139.430862 -800.193115
v -591.55188 156.87796 -1453.46082
v 1461.51636 176.672821 -1485.70459
v 1664.38806 142.858749 792.079895
v 1584.23804 145.268448 205.109985
v 602.596375 151.771393 -735.770386
v 563.318848 134.4935 923.007812
v 151.525864 134.195999 -110.532303
v 1775.7583 153.218033 -195.486786
v 1659.40051 151.688309 -289.382874
v 1791.97412 153.458313 -218.138794
v 1595.04517 176.306564 -1403.29871
v 2076.09229 143.770477 810.490479
v -1337.25244 133.369797 -523.211365
v 1976.88879 144.846573 583.089478
v 1372.24219 137.586243 842.191711
v -82.301712 146.146057 -691.753662
v 2089.09277 145.11087 415.303711
v 1755.70996 142.767868 617.175659
v 795.421753 134.455963 583.813354
v 2454.89136 147.535706 688.264526
v 595.930176 127.546303 1141.37463
v -1315.80505 128.635117 -183.47142
v 764.911377 127.469933 1394.68359
v 2203.74536 152.306976 54.8245468
v 52.3921471 144.832245 -675.895752
v 337.477783 124.766991 1444.31128
v 1508.53528 178.370316 -1487.60254
v -449.398254 152.016418 -1363.36499
v 714.983521 134.301819 634.725952
v 343.676453 160.764053 -1481.27881
v 2176.54565 155.178772 -114.825462
v -841.130249 147.705811 -1461.59241
v 1268.29724 169.50296 -1443.67896
v 1415.97632 138.870926 645.918091
v 1312.43872 140.554062 448.423523
v 2195.79321 180.217255 -1207.37976
v 1497.87305 177.014999 -1461.96863
v 2453.32715 159.700851 -427.264191
v 1719.79089 142.624939 611.151245
v -522.299622 121.439522 1235.92041
v 2157.03052 157.772125 -259.704865
v 271.515717 124.808266 1202.70496
v 1744.67847 152.265823 -197.823853
v 1997.50806 175.929169 -1207.99939
v 1759.83228 152.576111 -193.83519
v 2313.52075 149.31868 252.364136
v 1879.52661 138.469757 939.924805
v 845.51593 134.605499 549.975037
v -874.576782 117.869164 1302.38184
v 203.065796 124.378456 1467.91309
v 582.883545 131.585983 973.663513
v 2086.62085 156.886566 -257.931091
v 2342.82446 163.871399 -531.97998
v 2211.99438 155.895691 -133.310928
v 2151.73779 177.985733 -1165.54675
v 1517.07776 140.12265 819.302124
v -1157.12329 143.510406 -1279.14917
v 1093.87012 136.195099 691.594971
v -1398.67249 134.396515 -618.485046
v 971.199219 130.349792 1269.62695
v 2218.56445 156.320847 -148.686707
v 2402.10352 143.813766 1038.82227
v 1817.64795 153.613449 -171.129837
v 1007.66821 169.300537 -1504.49695
v 1929.12427 148.70137 92.2605133
v -1237.67041 134.054214 -510.056854
v 1091.82104 136.302582 676.925903
v 321.355957 124.598656 1346.63403
v 1792.21021 143.795822 416.988129
v 682.061035 131.212357 841.174316
v 1766.49194 181.26326 -1457.17151
v 1690.88721 146.870132 98.9359589
v -952.17218 134.552139 -428.825867
v 2414.10913 177.660217 -1078.3501
v 1694.75781 142.438019 665.264832
v 2468.66382 147.543152 715.504028
v 1872.76135 149.444168 34.2871513
v 2089.40723 139.47789 1367.09802
v -586.656433 155.720673 -1440.75659
v 2101.67358 156.91806 -249.446045
v 1776.53516 175.465485 -1301.36011
v -1336.84668 120.133476 626.843933
v -97.5736389 120.546913 1429.39795
v -1122.84631 140.82605 -972.474609
v 2260.67139 154.530777 -68.7090454
v 1370.62891 137.823105 887.943115
v -1283.16602 114.177711 1344.125
v 2223.29932 180.06427 -1104.29309
v 1661.28955 150.89711 -119.628441
v 340.393585 125.539925 1421.84558
v 2105.81201 146.190338 498.330231
v 150.557159 158.540649 -1415.06592
v 2316.17065 145.184036 856.037842
v -1137.43823 128.719925 -101.561523
v 1687.73889 158.60498 -689.276672
v -1338.52344 119.490166 779.549927
v 255.131744 127.578331 944.046631
v 2394.00415 185.770279 -1173.11853
v 1659.20703 139.446655 1192.66431
v 2428.17041 168.166626 -879.16626
v 1443.83594 142.84613 325.469238
v 1651.15076 146.247482 140.191315
v -791.287415 120.652649 1045.99158
v 2263.53979 192.766357 -1406.19336
v 88.4154053 158.719635 -1479.7334
v 1609.70361 143.839142 384.623901
v 677.682739 162.278976 -1459.83667
v -1056.02759 135.135223 -454.83255
v 1092.6438 131.017334 1298.1123
v 1850.37292 176.620728 -1301.70264
v 1850.88574 149.123322 30.5657005
v 1168.50208 144.372437 -42.4399033
v 2134.10547 152.809937 -49.7577782
v -1364.9668 119.264801 830.081909
v 1342.81201 150.857574 -355.230988
v 788.258911 153.848267 -902.675903
v 818.621094 134.531036 808.158081
v 2187.24731 143.256256 971.752075
v 1093.69958 166.204605 -1373.99609
v -789.751709 118.678658 1323.95459
v -1026.54285 129.765152 -99.6031342
v 2150.82495 154.764404 -109.602623
v -1030.23779 135.240128 -437.766052
v -459.639404 124.469467 605.729187
v 1783.14355 143.306793 842.755249
v 1966.51379 137.838028 993.407959
v 1817.00366 141.055573 989.708862
v 1910.2052 141.698624 816.736328
v 1400.55432 138.781448 644.956543
v 1725.87292 139.71904 1026.56274
v 1941.21729 141.057556 880.733765
v -626.136658 153.19046 -1303.45508
v 2343.71997 165.350647 -620.232483
v 2189.18823 170.826462 -989.053406
v 2021.02319 144.991394 640.653809
v 773.120117 127.500671 1378.01562
v 229.405731 144.538528 -545.622314
v -576.625 156.721146 -1480.38892
v 2472.44458 204.389435 -1498.98279
v 2063.08398 147.87088 316.571106
v 343.615997 125.638054 1091.40198
v -984.45166 116.673347 1420.01025
v 2401.10986 140.930771 1370.19141
v 1976.79883 143.965424 691.74585
v -1397.12439 138.688843 -810.108154
v 1408.37439 141.270264 452.435913
v 1780.47461 142.470108 962.212341
v 2113.82471 145.150375 763.230286
v 2211.23511 139.048874 1438.49915
v 1846.01953 143.62146 615.348633
v 657.782349 137.657349 338.322662
v 1835.93823 144.132095 410.427002
v 1212.3407 135.56488 1083.81091
v 2391.77368 146.076462 870.03772
v 244.097717 132.30864 -195.414368
v 883.223938 138.337021 244.075699
v 2222.75488 160.434097 -375.781372
v 2346.22339 189.819336 -1254.14478
v 33.7498169 121.366249 1395.68628
v 1784.30591 140.798218 878.460144
v 2092.43115 192.774948 -1461.79065
v 58.527771 128.493301 3.1962707
v 2441.42871 140.670975 1348.87207
v 1882.00598 148.345795 102.070709
v 1726.01953 152.124268 -175.223877
v -1399.17017 142.924423 -1293.79138
v 230.978867 158.82962 -1394.26599
v -1220.94763 135.097275 -595.331665
v 1722.01929 152.261078 -154.717834
v -1156.66077 135.493958 -534.229126
v 1903.68872 145.567627 268.319183
v -1186.20447 115.500122 1250.30322
v 2335.24707 167.264038 -902.456909
v 1521.2074 148.168106 293.419159
v -1083.61389 142.572815 -1081.87585
v 2217.26123 165.584747 -897.155151
v -967.703857 143.908234 -1161.29407
v 570.114014 130.44278 840.05365
v 944.760071 128.959534 1375.2793
v 1001.07922 168.557877 -1490.40344
v 1586.03479 145.052917 679.955688
v 1395.46631 156.847672 -795.955261
v 1979.7688 138.802597 1341.60571
v 2310.91113 170.380615 -969.585632
v 757.724731 150.089493 -571.93042
v 2507.46387 145.431152 920.657227
v 2200.59131 176.614273 -1057.64185
v 2470.9375 151.358307 52.5045853
v 750.58252 128.325851 1296.98425
v -1255.07996 134.326187 -570.211304
v 1590.19397 144.633636 575.837158
v 2133.10889 176.992294 -1159.10925
v 408.144348 126.418777 1293.48242
v 843.993103 128.871964 1344.81238
v 2339.67871 194.366913 -1391.68896
v 2274.17993 190.822083 -1340.06592
v 2093.14185 176.23024 -1201.23975
v 2410.44238 148.452332 439.956726
v 256.413605 136.694107 -106.351669
v -1025.14404 141.400177 -542.074951
v -526.514282 155.578659 -1487.69653
v -1454.82031 133.983337 -541.005798
v 1966.11609 143.880524 689.109009
v 2420.14551 175.879486 -1052.40881
v -1397.38745 131.573929 -431.315002
v 1853.03345 138.110291 858.872314
v 2161.40894 158.045105 -272.125244
v -1349.61658 135.520355 -649.338257
v 2088.3645 142.197113 951.709229
v 2068.78125 144.936798 694.554077
v 1219.69299 164.018829 -1219.89429
v 605.0354 133.45517 873.747925
v 2407.6272 147.141693 831.23877
v -946.238403 143.069305 -746.635132
v 161.37709 125.930222 931.778442
v -1089.76123 133.661682 -391.707458
v 2351.35913 194.665375 -1396.52856
v 2060.3396 188.651489 -1403.88599
v 1056.13086 139.563065 257.219269
v 1662.88135 139.058517 975.11792
v 2397.85352 144.721558 947.043213
v 2157.05151 151.967957 37.1792717
v 1595.87415 174.935577 -1373.33081
v 2346.77539 156.592346 -247.512833
v 1714.30225 180.151321 -1447.31238
v 1684.74463 142.928101 552.390381
v 1851.65942 144.015167 389.322571
v 846.625366 134.454483 588.174927
v 356.023438 124.950371 1402.86792
v 1666.42676 139.060257 985.096924
v 1408.72998 143.095825 250.002686
v -743.462646 145.179001 -1061.23584
v 1946.45435 144.380005 617.840515
v 2088.01001 145.989471 577.284058
v 338.945007 126.051369 1071.00647
v 2166.93457 178.629395 -1198.6499
v 1040.7937 131.871567 1149.74207
v -1142.84668 141.441956 -1034.70374
v 2094.26221 165.106247 -924.576538
v 1337.74976 140.815933 392.955048
v -1404.73584 134.224823 -610.973572
v 719.7052 137.056274 202.340637
v 2158.53784 159.044846 -331.263702
v -1277.43152 128.924835 -195.348495
v 2021.46057 138.741257 1360.69739
v 374.816498 153.62706 -1040.34875
v 1131.49536 131.758102 1223.70898
v 1502.85913 144.813782 408.71405
v 1096.14563 130.915039 1325.87671
v 1968.71619 141.21875 915.020691
v -643.052185 127.570488 276.274506
v 2104.30981 143.10817 876.305847
v 1912.10901 149.771393 45.204731
v 1886.84399 154.390564 -237.159622
v -556.511841 129.432892 132.31723
v 2334.91577 140.681107 1419.38464
v 804.921326 127.847717 1370.45972
v 1466.5835 143.504211 384.746582
v 1167.45752 145.338776 -109.409431
v 1974.83203 182.215576 -1336.25732
v 1666.77124 141.965714 704.819031
v -691.318542 125.089188 470.089203
v 2143.09277 152.044388 -31.5030899
v 764.24231 130.446762 1322.23108
v 1365.33862 140.355774 505.794281
v -89.6639862 128.122147 597.068726
v 2131.65381 153.750397 -75.1330719
v 1978.00452 137.954468 1042.6311
v 1688.74719 174.954102 -1375.15723
v 2098.01318 182.682785 -1306.25317
v 851.639099 129.854599 1433.16602
v -1208.25256 140.440521 -986.643127
v 1725.03711 139.77507 1013.9494
v -1131.68164 135.65123 -546.484863
v 395.620941 126.297195 1287.27283
v 871.407227 139.272583 131.23761
v 2199.40112 157.924393 -245.887131
v 218.833481 158.256897 -1368.64014
v -1306.62354 132.460358 -455.263245
v -1377.74951 143.22908 -1308.97717
v -1437.38391 138.201584 -779.512268
v 2212.04199 160.075058 -360.397827
v 1856.48022 147.992706 110.875664
v -1195.62939 130.815689 -290.798859
v -772.999268 137.941452 -510.850891
v 1823.81799 143.012848 696.039001
v 2382.35571 149.636658 276.068695
v 1316.91357 138.440399 666.585938
v 1896.5448 149.416382 61.2795067
v 2499.56689 204.761414 -1486.21582
v 2401.32202 166.749237 -810.437561
v 2123.30518 181.543961 -1275.69763
v 2083.30811 145.965866 505.767029
v 2086.05249 150.467102 23.8319511
v 2429.60522 175.206909 -1040.81287
v 389.018677 126.919121 1269.7002
v 970.802612 129.573029 1420.78613
v 2149.82764 177.740738 -1179.49536
v -36.9635315 120.831673 1383.90796
v 1346.47131 133.084457 1349.54944
v 788.832642 131.051132 875.60553
v 1401.07727 145.108978 119.988632
v 1594.01807 173.876724 -1352.0957
v 1344.06079 145.398132 19.6755428
v 970.05658 134.925949 886.948853
v 1785.37378 144.065491 534.415161
v 1331.28943 136.851654 867.881958
v 1385.6272 138.510742 667.13324
v 1853.35986 149.211853 27.6501961
v -1410.45203 132.012924 -446.463074
v 1972.10938 155.617599 -240.396011
v -1214.526 129.409241 -202.733932
v 1563.19214 142.59906 712.880859
v 1273.56726 138.538147 574.855164
v 788.351318 131.30722 1288.3949
v -427.671326 153.186737 -1404.64709
v 2175.14795 196.77066 -1492.24988
v 1819.73975 143.892487 1135.09351
v 1844.88599 138.812363 912.488586
v 408.597473 126.733337 1388.04761
v 1836.29712 148.910004 35.1522408
v 2345.2627 148.83844 335.293793
v 2350.94434 191.586914 -1317.45142
v 1971.94141 143.816864 737.677551
v 1127.49976 141.189316 194.362427
v 2306.61133 162.314117 -724.1203
v 349.347412 138.380844 -94.3150711
v -159.130157 133.363251 58.1491928
v 2382.91162 197.330505 -1438.54639
v 1320.15454 171.396301 -1472.95178
v 273.072632 126.08004 1020.93433
v 1425.78918 145.986572 61.0984383
v 838.936218 130.909348 1322.81067
v 1341.80359 149.921844 -148.770004
v 2020.72864 153.648926 -83.4283752
v -113.678383 128.811646 644.448608
v -409.739563 118.140083 1462.12817
v -1276.87439 112.903328 1414.92712
v -1199.0271 141.598541 -1119.95837
v 838.695923 130.371124 1438.87964
v 1785.12036 141.922302 974.874939
v -560.324097 124.853325 523.38623
v -311.272705 126.260216 601.389954
v 1598.61084 145.691589 696.922424
v 1786 140.170975 891.790222
v 2180.21973 146.583099 504.359619
v 2334.85254 161.73761 -417.092438
v 2223.41504 171.17981 -992.848755
v 1046.56763 139.505936 258.510895
v 2310.10229 159.808029 -327.352478
v 2086.01099 153.606827 -81.6342316
v 1600.83997 138.039169 1120.94312
v 478.648682 161.181854 -1467.93213
v 846.268311 134.498489 584.068542
v 1273.72388 168.526291 -1376.56348
v -1291.33203 139.396469 -825.076721
v 341.645813 138.130157 -82.2120895
v 2384.08643 168.057098 -887.830688
v -1025.40881 140.985168 -902.632324
v -1151.34375 112.296333 1353.01013
v 993.757812 129.608063 1352.68311
v -1282.04419 137.610687 -729.46991
v 898.127869 129.656769 1417.19299
v 1095.08142 142.555374 16.3594475
v -1065.15112 121.103661 751.750488
v 500.63269 135.840515 129.790771
v 2166.38599 178.074921 -1102.81177
v 1693.02368 141.018341 1111.56958
v 2224.30811 140.399704 1364.51746
v -1149.13623 132.272949 -356.027161
v 2091.79834 159.128357 -695.807556
v 2216.43994 171.163605 -994.092407
v 2314.56299 186.947128 -1207.29285
v -827.287292 145.956894 -1281.82715
v 1734.17676 153.601959 -363.433411
v 1195.13892 137.528473 617.287415
v 1792.53015 155.132874 -596.769287
v 397.84137 126.931358 1062.68408
v 2389.43677 186.260239 -1177.72449
v -1021.18561 135.858124 -493.863586
v -174.568893 145.707275 -557.328491
v 1857.94629 139.239655 951.137268
v 1016.11475 129.742493 1391.90417
v 1014.09253 129.676712 1399.45593
v 376.580841 156.957428 -1225.36548
v -1088.96204 134.570984 -448.79071
v 1592.43286 178.283661 -1447.94202
v 1887.44666 139.492188 1025.20557
v -1148.38269 117.102196 1121.87756
v 1558.7168 141.813904 702.393311
v 2047.82751 141.566864 996.820557
v -937.900146 143.077942 -1066.09644
v 2499.61304 145.526123 908.122803
v 1216.43054 132.757874 1174.77612
v 2104.07227 157.125366 -260.241211
v -581.679382 148.839874 -1195.7644
v 728.198608 129.896866 927.726807
v 2118.77563 157.868652 -291.226135
v 461.791168 144.790009 -623.02771
v 1652.52844 142.522644 780.760071
v -1074.95703 148.557404 -1509.3916
v 355.526398 125.159325 1140.96155
v -1092.46777 134.468872 -442.574921
v -1273.93396 133.915131 -548.414978
v 1591.87329 143.797592 390.168213
v -401.901428 121.354179 996.554688
v 2260.22705 197.823639 -1468.50269
v 1223.94727 144.638458 9.88340664
v 2215.34619 186.762878 -1296.28113
v 836.81543 130.021591 1008.75806
v 2221.22949 182.309372 -1187.88623
v -1116.75757 129.368423 -136.597198
v 1348.44495 139.362457 577.359131
v 969.221985 135.943756 507.981384
v 2415.50879 167.576294 -822.507446
v 2464.7085 170.545776 -919.899536
v 2223.08936 144.364899 832.774658
v 1200.6012 132.555389 1184.34509
v 1718.80872 152.504669 -138.078003
v 2134.52124 151.22084 1.50532961
v -529.773071 126.225098 516.140747
v 1106.68982 158.370972 -997.098389
v -91.1864548 145.990295 -663.770996
v -1162.44946 131.872925 -336.39209
v -805.890442 118.907166 1355.10193
v -1316.23486 139.174728 -920.748657
v 337.43573 125.197533 1139.84692
v 179.330261 160.906418 -1506.52319
v 1811.07544 142.839417 1129.3894
v -413.806427 123.747711 876.236023
v -83.9369049 146.662109 -894.302124
v 1868.54956 144.246338 379.179718
v 1042.27917 145.086914 -383.460785
v -1197.48193 130.925827 -310.822327
v 2474.15942 175.155014 -1023.83362
v 2099.75244 144.459 690.500793
v -1054.328 135.643799 -498.866699
v 1347.73853 138.50177 692.934692
v 911.636963 130.375046 1185.47876
v -1183.53809 136.17601 -651.492004
v 1847.9519 175.663239 -1279.27649
v 2124.02979 145.921417 601.362305
v -1092.854 134.709808 -461.530457
v 1825.92896 145.939514 201.578964
v 1313.27954 136.349716 1067.98108
v -34.4885597 145.911499 -701.50354
v -900.571167 145.866913 -1376.18066
v -880.268494 147.597549 -1491.71802
v 344.628845 156.491943 -1200.68604
v 1659.13452 143.535431 640.654175
v -1082.94055 145.819122 -1442.95337
v 1551.93701 175.250977 -1400.27075
v 1979.73145 148.642944 104.764603
v 2395.70044 196.828537 -1428.63696
v 2156.30859 146.608871 441.719849
v 2158.92822 146.667023 438.764954
v 2352.95557 168.294846 -919.249695
v -1217.73083 115.654884 1273.20264
v 1790.26221 178.007278 -1342.3916
v 2131.85107 176.761017 -1179.7937
v 2214.19849 162.720245 -550.853882
v 2461.28882 167.245789 -729.310181
v 770.012939 153.005203 -830.393799
v 2476.43457 163.605621 -551.162781
v 892.082092 131.562424 1042.43921
v 1157.73889 131.87291 1236.88037
v 418.363739 124.398903 1167.81702
v 1215.79456 141.859406 209.043365
v 1660.84131 158.313324 -686.883667
v 1726.1001 147.20134 89.8920898
v 1059.73535 138.913452 328.772827
v 471.00058 158.78804 -1290.65442
v -1334.85522 136.32515 -686.149292
v 1271.85901 138.566483 571.776733
v 2092.26294 145.840271 621.472168
v -57.4094162 120.800148 1412.51379
v 2105.19092 161.300781 -528.543457
v 647.949585 129.515457 1236.25635
v 2242.72119 144.074692 858.887939
v 1194.60596 137.448273 625.442749
v 2219.54443 178.133698 -1071.84253
v -1103.59448 141.2836 -1003.49548
v 2093.85254 191.945221 -1446.22937
v 2371.3938 195.284103 -1406.80811
v 407.768036 156.551758 -1192.81543
v 47.4476013 157.403717 -1503.79919
v 2348.94727 142.738708 1144.56824
v -1144.8335 145.234619 -1430.36597
v 1717.84973 141.080154 1068.03601
v 2000.68909 145.042419 607.775024
v 2035.23706 174.930008 -1192.28699
v 1518.14709 137.506714 974.2771
v 1853.43689 155.389038 -546.900757
v 963.682678 134.956741 915.509766
v 1624.39087 146.1091 642.102478
v 232.403168 126.79277 951.176208
v 708.790405 129.965729 1256.10315
v 1594.11218 144.191193 790.533691
v 1718.25476 142.589951 687.050903
v 2232.97754 162.461288 -828.597351
v 1069.92041 139.013519 337.055878
v 2412.11646 176.982361 -1068.72742
v 1337.83423 140.519333 470.674896
v 1697.80164 141.989502 696.711914
v 1712.8833 144.252274 298.400696
v -1153.56482 129.626053 -164.100845
v 1729.078 140.383728 1162.2063
v 2102.95703 176.509766 -1202.54504
v 2379.39307 145.350647 905.371277
v 1189.72412 146.960968 -192.26123
v 2096.23779 148.528824 239.016785
v 2091.44385 148.916962 196.836334
v -653.851685 147.816544 -1184.24084
v 937.148926 128.901108 1370.77039
v -216.851105 153.25885 -1333.95496
v 1831.41968 143.491516 586.698608
v 1586.12927 140.402527 841.516907
v 1557.12927 137.962982 1082.71814
v 2166.93213 160.739822 -719.740356
v 1456.26624 143.318741 306.713959
v 1827.70959 152.098221 -104.542351
v 1686.15247 147.434769 57.1602936
v 2072.30029 139.827393 1287.25928
v 763.740723 127.407921 1373.40588
v 1372.1969 171.210693 -1394.14978
v 921.846741 138.75676 215.80925
v 751.057983 130.674011 1262.58081
v 976.364502 142.025665 -21.3253956
v 1223.41272 137.745499 711.310547
v 873.365356 128.623627 1404.12451
v 2398.78955 147.899399 644.126038
v 1227.50146 137.210831 672.087708
v 1661.30237 151.865189 -100.990494
v 1345.75415 170.95462 -1412.70654
v 1720.1051 177.450989 -1408.82935
v 843.712952 137.809784 310.659546
v 1154.13281 132.154343 1200.18945
v 2186.97607 167.013641 -935.654907
v 1906.36401 141.20871 850.471619
v -1142.46924 135.654175 -548.448792
v 1958.34778 143.763763 724.660767
v 2470.16016 149.050186 500.911316
v 303.512878 136.873276 -104.824577
v 1228.05957 144.229309 33.9736252
v 2301.45093 147.940842 408.949951
v 2089.44531 142.791794 901.542969
v 2476.06982 198.732941 -1376.12646
v 2385.92041 155.24411 -238.449997
v 762.155579 155.352249 -1122.99756
v 1610.77344 144.243073 268.49649
v 1805.64966 149.892303 -0.316086173
v 2228.04663 155.220016 -103.631271
v 219.298798 126.572166 949.512024
v -452.886749 153.806747 -1406.45874
v 2497.03271 150.441864 226.427307
v -1389.30505 128.502258 -183.294266
v 2007.70459 175.344009 -1199.58813
v 1752.84399 179.015259 -1388.26929
v 778.545044 128.44046 1336.07446
v 2197.56885 198.394028 -1505.36243
v 370.734192 161.51474 -1496.23169
v 1059.30103 138.829895 342.417969
v -1405.245 139.619064 -1016.11853
v 1566.84253 144.237915 552.234741
v 2153.07373 139.988831 1381.57495
v 916.636169 130.252579 1240.13916
v 1980.37671 151.529633 -20.3970013
v 2094.84229 144.846634 764.741577
v -683.070557 146.205078 -1094.58069
v -1279.98462 129.323166 -228.204285
v 1404.25854 146.393509 9.64812469
v 2000.49048 144.284943 697.282898
v 1960.86816 143.353317 764.326599
v 2465.05933 168.801147 -822.003723
v 1008.39966 141.96048 -8.03045177
v 2083.4978 145.781067 668.860779
v 150.137436 122.417999 1391.74731
v 1854.47314 144.887634 459.81427
v 2259.75488 156.259552 -138.338638
v 351.974457 160.707275 -1464.48364
v 718.195923 129.474274 953.422119
v 643.375244 131.178162 818.139404
v 1597.76208 145.250275 760.699341
v -956.415833 146.941162 -1496.35376
v -1088.83118 137.126404 -479.751709
v 117.712273 122.303619 1347.72327
v 2313.36084 155.785736 -157.073578
v -533.255249 156.639481 -1470.58533
v 1916.66785 155.593475 -307.758606
v 1915.41956 180.509949 -1356.61816
v 695.108521 144.478317 -522.901245
v 2135.78198 146.181503 522.205383
v 2300.53027 148.097351 389.954742
v 2431.62183 168.151947 -847.309937
v 1101.17944 130.989456 1320.74536
v -237.792114 153.307404 -1320.70874
v 2034.80566 145.09845 660.85144
v 2407.91235 151.976822 164.151047
v 1714.21521 143.944275 338.106689
v 1593.66211 144.343216 339.66037
v 2221.46387 140.266342 1377.45337
v -1432.19556 129.112595 -194.636841
v 1222.79224 138.572723 557.814087
v 1594.12329 161.527405 -902.179504
v 2462.04883 169.2435 -882.010376
v -1240.1272 133.913239 -508.464661
v 2240.67114 158.316299 -245.033737
v 1458.42468 149.583466 -123.463326
v 2471.69775 147.54538 680.007507
v 2253.50317 184.437531 -1215.31604
v 2118.85889 146.089005 573.660767
v 1763.34045 142.423889 713.326965
v 1845.42993 146.449615 183.105804
v 2135.08691 145.199982 649.666138
v 1833.81506 153.696014 -210.308975
v 1810.65039 143.337524 626.369263
v 2183.80615 170.888 -992.070557
v 1930.24438 145.542053 351.067932
v 2506.87842 151.348465 131.238663
v -1279.10669 139.11264 -891.059814
v 1751.63477 140.687347 1080.32764
v 2145.17578 180.007416 -1247.22168
v 310.235596 160.66095 -1472.17603
v 1331.12292 133.428619 1447.90735
v 2062.86743 142.515961 921.267456
v 911.705566 128.550049 1374.00146
v 1974.50232 149.159088 84.094902
v 1127.85034 136.710815 646.936523
v 1653.02734 151.627838 -103.263977
v -560.065674 157.499359 -1498.83472
v 2166.06274 178.535782 -1117.45581
v -464.619141 143.38031 -798.481995
v 901.502441 130.213364 1201.84668
v -623.513306 154.435303 -1396.3855
v 1344.17981 170.238617 -1386.91516
v -786.168152 118.282944 1350.28369
v 1267.78833 138.064575 608.920227
v 2030.56372 139.153915 1343.53589
v 1834.04834 149.319046 21.0156288
v 1856.05652 143.015549 1068.88794
v 855.174316 136.690002 409.160187
v 314.305817 159.985245 -1443.92175
v 1604.05493 173.856995 -1353.15234
v 252.77919 158.885559 -1399.32959
v -1156.55847 129.449112 -159.128708
v 2055.90186 187.557617 -1386.40332
v -657.68396 125.106392 509.570007
v 2346.03979 159.895447 -363.918579
v 347.422943 154.220337 -1071.62109
v 398.138916 126.814095 1068.78784
v 1545.82593 177.358673 -1449.20557
v -1198.13831 141.52597 -1032.56189
v 94.1524734 129.936707 499.884827
v 1007.14532 130.353592 1303.37073
v 2345.10522 165.809952 -648.488892
v -1141.69031 133.009354 -392.600128
v 2011.9165 148.678421 90.5760956
v 2373.04639 143.548996 1086.02747
v 2190.26294 186.397247 -1302.95581
v 1723.75732 142.701981 678.407104
v 1001.17151 130.058548 1323.14783
v -1404.0094 134.002991 -589.876465
v 902.910034 128.491074 1369.83252
v 1196.76196 141.300766 243.688568
v -1346.40906 138.897369 -856.742615
v 1667.35876 143.550674 832.734863
v -729.703735 149.761383 -1301.88074
v 1995.0686 146.841492 231.30043
v 2397.54248 146.458023 796.663696
v 1695.62305 145.458038 192.626892
v 1192.51184 142.487137 137.850494
v 1660.88171 142.798294 613.307129
v -681.366028 125.2174 466.807556
v 2140.30908 177.224304 -1175.75842
v 2261.58887 152.921326 -26.6973419
v -659.858521 153.242523 -1394.47668
v 608.288147 137.419434 365.706207
v 913.603027 134.826614 540.360779
v 834.054565 130.24086 1046.04956
v 605.114868 134.27121 878.720947
v 2385.78735 195.079346 -1394.72119
v 1786.34082 152.064651 -79.1545715
v 1463.85754 137.271851 599.756104
v -750.528198 149.502533 -1333.87036
v 2271.77002 193.353058 -1410.98584
v 26.1631279 121.264565 1406.41772
v 998.914246 128.345642 1097.80322
v 2146.56836 177.679169 -1165.9021
v 2084.16309 153.107086 -55.4873161
v 1389.25684 138.126266 833.178467
v 1720.10229 143.138382 522.044312
v -1248.21411 139.44072 -764.357178
v -381.154846 152.713074 -1308.1123
v 2176.60718 141.554382 1164.65637
v 1655.80786 142.295425 843.272339
v -1208.66711 141.500748 -1123.62415
v 1595.91675 144.260788 780.80188
v -16.4953613 120.947395 1429.70703
v 1604.9259 139.351089 882.234314
v 2248.01318 198.641281 -1484.41162
v 2475.78198 142.097229 1142.14771
v -93.4163437 146.796417 -869.158875
v 1935.23694 146.024033 432.148987
v 1226.05322 138.082718 596.857544
v -1431.38879 137.252487 -736.578857
v 1524.08435 138.480865 911.078308
v -1406.42139 130.504501 -319.805054
v 2470.46631 147.581833 666.568848
v -28.5653648 120.875191 1425.25574
v -1401.67432 120.624054 704.979004
v 2073.03052 143.035309 856.155945
v 1381.32202 171.263 -1388.51599
v 1133.30505 144.438873 -83.9667664
v 2083.29858 144.591537 764.185486
v 1903.39465 137.880844 926.330383
v 1082.26575 131.287735 1236.64868
v 1250.96069 170.126282 -1489.7373
v -1308.60205 128.65416 -181.539536
v 2370.70874 194.755615 -1397.34839
v 839.167542 129.335876 1231.16772
v 2183.33838 177.781555 -1082.80298
v 2217.57739 188.453415 -1353.4917
v 1069.81335 130.048447 1410.32581
v 1977.95337 146.454651 410.709351
v 2053.27075 187.047455 -1378.08289
v 1372.65894 169.939362 -1358.12524
v 1894.05664 144.644699 498.371338
v 1971.70691 146.246979 294.442932
v 1874.70459 182.361084 -1393.78833
v 1625.34204 144.770813 605.968811
v 1569.72693 157.773849 -738.610657
v 1273.05176 142.710571 186.785919
v 2016.755 145.831039 417.665833
v 2403.20264 176.873093 -1066.6012
v 1469.69629 146.137146 109.991165
v 1433.27686 145.62326 93.9093781
v 2077.57886 152.701462 -46.0516434
v 1949.88232 143.715897 706.335938
v 1564.97778 146.607407 201.504288
v 1097.11011 132.137024 1159.94556
v -652.619568 119.417015 1319.79297
v 1903.59387 154.523804 -229.077148
v 1154.53076 138.572403 474.918945
v 2279.2251 146.842773 554.989136
v 2057.36255 189.866699 -1427.39038
v 1135.2179 152.512848 -379.356506
v 2220.19995 143.409958 872.599426
v -1402.47961 122.089539 499.241333
v 1558.50415 177.891113 -1454.91016
v 1929.59802 146.691772 190.698593
v -526.516479 146.149185 -1100.87231
v 785.377258 128.991837 1210.19678
v 510.219635 126.546806 1358.46094
v 1761.37952 152.103577 -176.045044
v 2397.8999 156.70314 -312.92276
v -1151.6189 137.70665 -731.849915
v 563.8479 147.975586 -638.636902
v 182.183273 132.122253 -56.1832962
v 2191.58203 142.561417 1062.62305
v 1847.40894 139.175919 933.38147
v 2220.24707 156.668335 -164.318695
v 2481.40771 151.962463 107.322464
v -340.147034 155.10199 -1460.3396
v 844.58905 128.94101 1420.27271
v 1096.04944 131.216293 1269.13843
v 1313.97949 143.959824 135.591095
v 2028.66211 147.61882 343.609253
v -65.3208542 128.236481 566.178833
v -782.622559 148.253281 -1501.20752
v 131.905243 122.313332 1366.99243
v 1845.3363 145.845459 198.030396
v -182.861115 119.702309 1447.29797
v 1937.1886 144.305283 620.358032
v -1305.63306 138.8909 -898.647461
v 400.422394 154.015945 -1065.14832
v 2442.80078 140.517609 1366.83203
v 2160.60645 159.339493 -344.432312
v 2220.65918 181.67688 -1229.66052
v 2050.34082 147.901367 297.714996
v 1899.23291 155.434784 -312.734161
v -1157.33423 112.518433 1346.71497
v 2404.86719 169.299957 -912.271362
v 2214.125 149.903061 124.592094
v 1778.5553 140.495972 920.7948
v 807.7052 135.095657 505.242188
v 1500.97437 178.363998 -1492.98352
v -1226.91968 134.718155 -533.198853
v 2062.54639 142.994904 849.113525
v 2065.52295 147.659805 336.937744
v 844.925354 134.637909 558.704041
v 1880.83789 149.218414 55.9516449
v 2406.1814 174.032928 -1025.66492
v 1548.99707 147.766983 186.47702
v 1963.83203 148.485672 109.371773
v -505.324768 151.942322 -1323.93335
v 280.966827 159.037659 -1396.05322
v -1411.2981 118.419098 949.078491
v 905.828979 134.694672 650.746582
v 1617.2334 138.636017 1129.95044
v 2485.4082 189.386963 -1204.08618
v 1442.45972 174.712494 -1443.23389
v 511.914062 126.838203 1338.00574
v 845.129761 129.351654 1250.64417
v 1984.86353 139.043732 1300.14722
v 2341.22729 190.724014 -1297.19189
v 1676.4917 139.796997 923.259033
v -410.212555 155.563492 -1487.43127
v 712.955505 136.438446 189.209396
v 308.700348 160.310486 -1458.53735
v 2162.81714 152.079422 62.3012199
v -163.623871 119.854515 1441.70264
v -1181.71643 136.244614 -653.987793
v -1441.49194 114.047791 1425.36523
v 1658.82471 142.59227 662.435913
v -1244.90808 114.905083 1381.80737
v 1412.56299 141.448517 440.945251
v 2106.35254 182.377548 -1298.64087
v 2298.04321 159.83786 -322.287048
v -1451.20239 134.950378 -626.286865
v -1344.95422 128.694244 -207.409851
v 1101.11938 139.160645 371.519684
v 1835.53149 143.821716 390.214447
v 1092.88745 171.608978 -1502.59778
v 387.658539 158.685959 -1354.02478
v 2186.14844 187.601883 -1344.21838
v 1874.67615 148.286499 105.20166
v -1155.33643 135.780701 -569.311523
v -50.6206284 145.731827 -690.332336
v 1966.54688 138.014786 1045.08923
v 1847.72583 143.911713 377.439575
v 1043.46582 138.60022 340.756592
v -752.25708 117.89193 1103.43066
v 2088.53296 144.195267 804.732056
v 1641.24158 142.386292 809.966553
v 2348.67432 165.831116 -838.563538
v -928.216553 118.898056 1090.45508
v 448.422943 125.575623 1414.16992
v -1277.05847 135.338181 -624.012329
v 1081.31299 136.227936 676.223755
v 1191.68726 137.263229 726.358582
v 1656.07397 157.52034 -653.350769
v 2340.35596 191.362137 -1349.53516
v 2135.875 157.606583 -265.148865
v 1035.9917 130.169952 1348.07239
v 1727.69861 181.892532 -1469.10217
v 2066.22485 154.983856 -149.322617
v -57.8785172 120.804657 1444.47229
v 2347.42456 145.730469 872.252625
v 1308.74805 139.153732 555.748108
v 1342.3374 139.070297 601.252747
v 1662.81665 173.851257 -1356.64282
v -1024.07886 135.537811 -461.157928
v 176.169189 125.955658 964.475403
v 1086.14502 130.422333 1419.71985
v 900.403137 138.83046 203.977966
v 60.8508492 157.588165 -1485.41748
v 565.726624 128.388596 1007.66425
v 1845.89551 156.295258 -458.203674
v 1545.93494 146.034103 374.170868
v -735.262207 148.660446 -1270.23877
v 2060.91333 147.806671 325.032654
v 1169.76562 145.49498 -121.136955
v 1753.8667 141.494614 804.541016
v 937.315002 127.259117 1094.40869
v 1708.55908 141.814209 720.469421
v 1776.96191 176.950684 -1326.38782
v -1141.40515 128.685745 -101.393135
v 1636.79053 149.610855 -33.7233353
v 353.210907 133.161606 281.494843
v 2058.49585 151.470444 -7.2825346
v 1827.96704 149.263672 25.0079823
v 1899.50354 148.239502 104.596832
v -693.410645 145.192978 -1047.2832
v -1237.49683 132.882614 -451.273041
v 2159.34839 146.601318 453.950531
v 399.788025 135.771454 -249.683884
v 661.660889 162.29245 -1466.97021
v 1595.39417 143.392563 819.185059
v 1195.49133 153.577209 -691.90863
v -1092.01196 133.384521 -310.796234
v 2350.30664 198.072815 -1442.43896
v 2347.87671 199.242661 -1456.62732
v 2231.71216 158.672729 -267.784943
v 1716.92078 139.724258 1013.85559
v -625.361938 148.983185 -1234.97815
v 1761.20117 153.60611 -143.133148
v 1812.12317 140.348938 966.992493
v 2443.68115 152.341614 -131.831146
v 2397.49512 155.691132 -276.957703
v -1127.59937 132.528183 -327.790222
v 2105.41138 148.581314 221.435181
v 229.117783 135.243469 38.5599136
v -592.026306 148.576981 -1188.60474
v 2468.41553 142.986435 1100.08789
v 2094.06348 148.64682 217.75209
v 1967.5741 152.365509 -55.9074402
v -1152.27905 137.978027 -748.944336
v 1716.98669 144.03244 314.246796
v 1850.75317 138.52272 901.688965
v 1884.89233 148.0056 123.010063
v 1356.77051 145.648239 12.3645744
v -344.64679 127.204781 455.469879
v 1055.71912 140.004196 232.471985
v -1283.89929 139.336609 -828.234497
v 2345.87329 167.877213 -905.565063
v 2149.19385 179.344757 -1229.18958
v 1184.24048 141.266205 230.256439
v -656.78418 147.686951 -1174.24646
v -1063.90503 130.000656 -129.331329
v 1937.67725 146.106766 245.283646
v 1922.62976 148.033157 117.410187
v 1785.5105 174.821106 -1287.31775
v 2238.08545 149.478607 123.770065
v 1601.85718 145.590515 598.14502
v 1963.63074 141.091599 1164.04395
v 1764.37549 152.135895 -175.297211
v -535.678223 153.351013 -1352.03503
v -1307.64355 128.212097 -146.445572
v -1404.67407 130.796906 -360.930481
v -997.006348 139.247955 -558.83728
v 664.920593 162.304169 -1466.06763
v 2397.41309 162.206406 -458.006927
v 1592.17334 139.16626 883.645935
v 2315.23462 145.187225 812.327271
v 1442.02502 145.669662 99.8859634
v -1023.36359 135.660309 -471.072998
v 1121.92688 131.158142 1326.31396
v 2052.44507 188.731567 -1409.32861
v 1978.95129 146.558014 222.947418
v -1158.59204 132.221863 -360.590759
v 606.521729 132.704941 949.089722
v 2472.57593 144.590256 978.663696
v 1342.08374 137.062653 874.822571
v 1668.55908 152.430099 -353.07251
v 1883.85229 150.601501 -35.3073235
v -1286.84277 141.351639 -1160.48193
v 2399.32495 166.719421 -820.040527
v 1629.83472 143.345032 661.747192
v 800.111938 127.905792 1394.76709
v 1968.56055 144.513794 620.187927
v 2475.1001 165.315643 -609.821289
v 2102.60547 164.599823 -914.858643
v 2225.20996 139.097443 1432.95752
v -1406.16528 142.995499 -1300.89038
v -648.85907 154.051132 -1391.35156
v 1345.84998 138.70253 674.311462
v 2508.70142 182.344818 -1127.69873
v 2188.04834 194.12796 -1445.13025
v 1085.52173 139.238434 338.70636
v 1859.37488 141.277328 763.230042
v 1742.95142 154.268951 -569.530334
v -1302.39783 135.164566 -616.561707
v 1847.00403 143.534042 602.144836
v 1650.99243 143.40744 622.085449
v 1843.27515 152.893875 -141.065262
v 2022.07483 144.708282 683.24054
v 2303.38428 187.87854 -1246.46436
v 2.15184569 121.143303 1428.72339
v -1173.28149 136.087769 -632.077942
v 2472.13818 168.857178 -815.568665
v 1440.7428 174.280655 -1433.06079
v -1258.83728 121.433777 556.738525
v 2465.104 163.043335 -527.041931
v 2409.47607 146.486191 750.933716
v 2048.40112 188.309265 -1403.77856
v 1086.49597 137.413834 500.622833
v 967.523071 141.692352 -0.5946697
v 2353.33472 165.739777 -638.911987
v 922.661987 138.929321 208.339996
v 1870.5542 139.784943 1030.89978
v -1228.94312 132.904358 -447.509766
v 1814.0603 160.161072 -706.768677
v 1841.25146 151.178802 -55.4928741
v 2055.09326 159.239395 -655.196106
v 2052.27979 147.970184 293.691833
v -547.24939 121.437027 1232.71143
v 206.612854 158.568665 -1391.25732
v 1748.68237 141.808075 737.156006
v 2304.69604 146.629303 683.326538
v -258.024353 156.667343 -1485.24036
v -1026.87292 135.903412 -504.492218
v 1564.56372 143.939636 527.588074
v 2053.79102 142.279144 936.758423
v 2324.47266 164.833801 -598.388794
v -1441.17358 139.048157 -964.485535
v 1718.37854 141.416931 750.885132
v 1348.3949 140.817825 375.870911
v 1279.76819 136.168427 927.197815
v -1329.64771 134.527725 -583.519958
v -1070.89722 134.025589 -390.298767
v -769.918701 118.314423 1329.91675
v 1716.2782 139.841522 969.332642
v 2216.8291 190.383301 -1377.12695
v 1940.37744 141.590607 844.274231
v -672.04541 125.083199 493.34906
v -1221.15625 130.069504 -220.655609
v 2346.15283 146.814331 758.222168
v 1211.4895 144.432709 16.2268028
v -1393.27356 133.609879 -546.673523
v 404.197266 158.751968 -1417.72827
v 101.354454 129.270676 1123.95752
v 565.952393 136.561462 939.738037
v 1998.54272 143.809906 767.661011
v 1007.04047 131.189682 1191.41187
v 2100.73657 189.643326 -1407.17493
v 936.286133 138.508453 248.714264
v 2231.87012 179.19606 -1086.97351
v 1590.65295 147.613312 623.021973
v -1238.04321 128.471115 -132.65506
v 2345.35742 198.316711 -1444.35278
v 854.167603 133.020081 1303.91528
v 1508.67004 145.766174 430.384827
v -162.913116 133.643494 33.8440094
v -1283.14465 132.435776 -439.700684
v 2289.66284 195.263855 -1429.81421
v 412.216736 159.364044 -1440.52393
v 1713.49512 141.635696 730.089722
v 2072.90186 145.891647 573.579956
v 2141.53174 146.316086 495.657532
v 2406.26611 167.102661 -860.82373
v 2217.58398 147.675537 308.06488
v -1393.67139 139.401001 -902.156189
v -1342.27393 135.422943 -637.483154
v 2102.07617 150.186035 88.621521
v -1273.3385 137.459335 -724.634583
v -1194.60071 141.71225 -1137.46606
v 977.822021 131.232956 1176.99878
v 1003.65955 130.150421 1318.55933
v 2397.64746 167.102753 -791.03009
v 1564.32642 176.711197 -1426.49365
v 2467.54565 174.870209 -1021.08191
v 2468.00049 150.3078 196.463104
v 2156.95215 158.43457 -297.25647
v 1564.68921 139.178802 874.552673
v 658.846558 136.953918 289.478424
v 1782.38293 141.030487 987.401001
v 1979.23596 143.922485 728.418091
v -1060.27966 136.34346 -496.998871
v 356.762695 124.872772 1439.57556
v -1404.91162 138.571075 -792.224304
v 1762.58276 140.841614 986.14032
v 795.254883 129.774094 1008.66699
v 1720.27551 153.114426 -117.069984
v -1333.13318 129.522217 -245.140198
v 1660.58447 142.483093 739.80542
v -962.083435 117.136253 1432.18604
v -1200.4231 135.809891 -639.357422
v 2473.49268 169.042358 -830.179688
v 4.23202515 121.106926 1441.79504
v 1724.55603 142.701294 686.142212
v 717.752808 136.666946 151.101807
v 1591.74609 137.579758 1136.0625
v 1373.06616 139.490845 580.003418
v -1406.27429 128.13385 -148.897537
v 503.205414 126.877983 1331.65796
v -114.706825 128.151199 1075.85571
v -1188.45264 132.249908 -245.679688
v 756.501953 128.979263 1299.9292
v 2008.92358 142.58139 826.939453
v 1999.36975 144.714661 648.152527
v 1009.96777 131.027695 1217.38672
v 733.001831 127.404083 1347.79297
v 2474.16187 165.483032 -618.64447
v 1787.73584 139.988022 905.434753
v -713.449768 128.979996 167.641678
v -694.923096 145.410065 -1057.8811
v 991.967468 129.852783 1329.61572
v 2037.61426 147.698334 326.288818
v 1354.27222 172.474548 -1472.23389
v 1006.33264 129.628601 1392.38623
v -791.912598 143.683014 -994.60083
v -1394.45239 134.273605 -604.991272
v -572.803528 154.293182 -1507.88806
v 2079.8584 142.973022 867.247131
v 2100.94971 147.474808 302.252533
v -440.277649 152.78923 -1389.08569
v 1624.37134 144.63208 794.649292
v 2152.28198 146.417862 486.980347
v 1813.13623 143.33905 614.162231
v 1326.41211 170.935928 -1439.16809
v 1750.89563 139.611038 1135.93774
v 86.3330231 129.003311 21.5190792
v 2391.88208 161.148209 -418.769073
v 1590.35144 175.791138 -1393.90833
v 1572.39429 174.529144 -1373.56934
v 92.6059723 129.149429 1152.58459
v 1275.05737 138.816193 554.760986
v 1358.73877 136.848877 835.426636
v 2147.20752 177.272339 -1101.36084
v 2443.03418 174.622864 -1026.45532
v 1223.13623 147.241867 -190.740097
v 1069.69031 138.656219 377.198547
v 421.88855 127.948898 1372.43909
v 1984.32861 179.569962 -1275.33337
v 1982.802 157.027588 -714.703491
v -1030.13904 143.269638 -615.644836
v 689.894836 132.046814 816.614014
v 440.257294 126.91198 1377.61426
v 1852.99792 155.196533 -338.626923
v 2217.7373 141.287415 1248.48804
v -1068.8396 133.737274 -336.271332
v 2232.69751 183.028336 -1204.3219
v 659.63208 135.799957 425.574829
v 2068.98828 155.351135 -177.245026
v 1405.25171 146.467941 -5.32877588
v -560.469482 154.56813 -1446.1355
v 2091.75146 144.594391 789.787476
v 1780.21313 141.369965 940.869812
v -1243.26831 114.812782 1310.44629
v 252.72113 135.417725 -119.846085
v 1715.16968 152.216034 -154.642395
v 1175.08984 137.373749 758.190491
v 1657.33179 160.830154 -872.374023
v -841.189209 117.46521 1396.54224
v -718.880859 145.432434 -1062.83984
v -1372.7251 140.431351 -1066.24084
v 1941.90015 156.226318 -327.673248
v 348.689667 125.519691 1094.30981
v 1513.33643 138.970093 887.192383
v 1846.61523 139.81575 966.823853
v -1130.53564 145.986694 -1489.89868
v 1972.56091 143.852951 712.3396
v 634.254089 137.38797 284.700531
v -1215.71985 135.84433 -647.020142
v 1163.95508 137.143845 757.908691
v 1985.30322 141.267731 915.874451
v 1618.53589 145.198547 649.921387
v -594.861084 148.886993 -1214.52942
v 2001.01599 156.324188 -264.889404
v 2380.48096 145.156342 913.510376
v 2206.76489 143.807144 956.862549
v 1969.98608 144.097672 675.218201
v 1156.5459 131.554489 1336.17542
v -1413.53687 138.575745 -831.188354
v 2079.80713 144.198532 707.344604
v -640.4021 119.738518 1342.97119
v 1597.08228 144.516541 577.811218
v 2128.71973 146.227676 501.599915
v 1606.57971 138.585342 951.583618
v 158.763733 122.611076 1378.73291
v 1849.75146 182.879791 -1411.9353
v 1964.42139 141.250198 893.598755
v 2448.30615 191.710999 -1257.12256
v -522.284668 155.163452 -1460.69678
v 1300.84375 170.797287 -1472.23853
v 2095.27393 146.197617 511.581116
v -501.871338 147.558746 -1176.04761
v 1896.55591 154.220154 -213.194794
v 2279.0564 166.789062 -911.299561
v -71.423111 146.822998 -877.376038
v 2187.47607 159.277863 -328.245209
v -1311.1665 114.137985 1372.99438
v 2008.54626 151.171173 -3.75599718
v 2460.12329 147.537384 694.74231
v 2505.61499 142.234268 1200.90771
v -939.072632 116.505318 1458.92029
v 2279.14429 167.700592 -929.03125
v 2217.94507 158.152634 -248.640549
v 1248.73901 144.338562 42.7350845
v 1364.93579 171.569717 -1414.04688
v -582.875549 149.765518 -1252.52148
v 1600.01526 138.600052 939.434692
v 1855.47974 153.26976 -171.177704
v 476.102936 125.86982 1417.24561
v 1666.35474 142.048584 724.85144
v 2467.07593 163.844666 -554.077026
v 2505.15723 176.944565 -1045.5177
v 744.482666 134.41481 639.020996
v 2175.47876 145.853439 582.649658
v 2501.57275 140.65686 1405.61023
v 2408.95972 147.095947 709.407227
v 2405.17261 191.112427 -1256.71582
v -1154.01147 133.037766 -401.004761
v 2063.40991 174.710876 -1182.02271
v 1321.06519 141.517853 316.862854
v -50.2201996 128.975159 618.761108
v -1193.37366 115.599724 1254.50537
v 2123.41992 179.034363 -1242.99524
v 882.71051 129.732895 1280.35583
v -526.469543 148.250824 -1197.25549
v 783.609009 129.88707 1232.11377
v 789.644531 127.663254 1376.34448
v 1750.37476 144.008667 419.967407
v 1782.70361 143.331818 573.483826
v 2402.33057 166.933823 -667.778992
v 1835.63647 144.530548 481.492737
v -1080.5835 129.404694 -124.196663
v -527.433044 153.922623 -1441.11609
v 1093.81885 137.180603 548.088196
v 2340.85669 154.450989 -149.079285
v 2105.51196 145.027145 763.080322
v 721.65387 129.047592 1270.29456
v 1896.14893 145.074585 467.614441
v -1441.01685 128.57312 -179.474182
v 972.161377 140.024063 150.975464
v 274.506348 133.140991 -136.845154
v 2413.56909 174.938965 -1038.7959
v 2154.5542 146.438431 485.367126
v -653.983521 144.702072 -1030.94519
v -1273.52002 142.219269 -1259.422
v -1405.08093 140.467499 -1077.7196
v 2342.3457 159.24469 -335.192627
v 1845.22656 145.019501 243.716705
v -1311.38574 113.678703 1407.68213
v 2212.68774 158.407547 -265.061432
v 475.047882 161.176819 -1473.6416
v 2213.27881 160.734207 -398.159271
v 1090.08142 141.310364 154.01561
v 1920.05859 155.082474 -257.903381
v 1714.64453 146.371597 131.034729
v 2127.41235 146.237427 497.754303
v 1505.05737 145.582642 236.169861
v -1393.71167 139.566315 -913.541504
v -1211.16919 114.849464 1302.81653
v 2061.33936 143.833084 789.417908
v -1138.53003 132.414169 -350.751221
v 1906.276 148.757172 88.4145584
v -446.202332 152.356537 -1374.85742
v -1332.4303 135.453369 -637.063354
v -902.924438 119.184029 1092.60815
v 1056.40173 170.245407 -1504.33228
v -1386.75208 133.797638 -557.259705
v -1347.86597 120.184296 644.44696
v 2310.60083 148.648438 271.861572
v 976.4104 145.05867 -428.875031
v 1981.50781 143.431381 784.710571
v 1665.07849 173.174545 -1338.0542
v -970.159424 117.073822 1440.24609
v 2237.04346 154.554062 -68.9551239
v 322.409241 139.369049 -102.861389
v 2469.09668 164.222687 -569.17981
v 2224.89966 154.59288 -73.1783295
v -801.409668 146.970245 -1299.47412
v -1314.1394 111.860741 1452.41736
v 1828.54224 143.568939 629.08197
v -1151.52393 132.076523 -341.577606
v 1821.85327 142.375916 1162.78149
v 2086.42383 145.985901 482.369507
v -701.79071 119.876564 1338.14929
v 2327.60156 143.571167 1044.74573
v -666.235413 146.221695 -1104.25415
v 414.725067 158.251297 -1275.4646
v 1696.73547 143.326462 481.746155
v 1650.90356 142.590027 730.800659
v 1347.73706 134.722168 1119.80835
v 1332.56982 145.116989 35.2995872
v 2464.34814 180.777695 -1115.22278
v 1280.42346 139.261795 526.415588
v 1062.04712 131.774033 1174.84473
v 1312.84131 145.487488 -4.35691738
v 766.286865 153.552032 -863.923218
v 1772.78516 142.322937 970.92981
v 2382.97998 147.460831 704.357727
v 342.923035 125.432304 1344.76819
v 2262.39429 198.18158 -1472.84229
v -842.773804 117.708443 1361.30017
v -1199.34412 143.659256 -1346.23633
v 1658.36255 158.180603 -681.48407
v -1398.40454 134.743042 -644.704102
v 2476.17236 164.008942 -564.165283
v 1821.9502 146.869064 154.414474
v 1861.99268 139.843628 1021.48633
v 751.580566 153.562241 -873.325317
v -1037.66895 145.40715 -1368.16138
v 1525.45874 138.877502 1055.18237
v 1793.12891 147.186142 95.2484512
v 637.279053 137.476089 269.530945
v -346.211609 154.845856 -1414.74951
v 1103.90796 139.832993 298.749725
v 2101.00024 148.753586 199.989914
v 2220.90137 142.325653 1104.04504
v -659.97998 147.682434 -1178.93408
v 1343.34753 139.27652 580.936646
v 1099.9668 131.593277 1216.37329
v 2421.53613 198.334335 -1439.03369
v 1783.17725 140.37262 930.539185
v 1649.86804 140.268524 864.369995
v 2101.07593 183.007675 -1310.45874
v 244.86261 134.709076 -120.258362
v -765.719543 121.399765 1044.40198
v 845.127686 145.854248 -442.236176
v 2221.32202 167.206909 -930.292236
v 1356.98291 138.717789 672.165039
v 1915.32007 148.471237 97.9733734
v -1196.74292 116.754639 1118.1792
v -1227.76721 132.883514 -433.984222
v 1406.75146 146.234146 31.3671684
v 2396.23584 197.847961 -1441.7749
v 2147.10645 180.334229 -1252.06396
v 1527.22339 139.263107 870.751099
v 1209.11475 142.918854 115.108864
v 1124.64478 140.05864 298.669189
v -686.193054 130.920349 1.2853837
v 2086.11011 142.015503 962.035706
v -438.690796 143.714294 -819.253479
v 1909.83521 149.619614 59.0241165
v 1872.28003 148.876007 70.6243286
v 2022.89014 145.359039 569.292114
v 155.061523 122.722778 1354.00562
v 1821.85938 140.298172 971.250305
v 1697.19336 139.62944 1004.84045
v 2471.00732 175.783081 -1037.75415
v 468.057648 128.533615 913.247314
v -1023.97583 134.370712 -382.196716
v 978.621704 141.644882 12.2496786
v 1412.9342 146.081665 46.987751
v 1379.01855 139.794678 557.090942
v 1748.83655 146.739899 132.999985
v -1100.68774 129.015366 -102.352097
v -1048.26038 139.491455 -613.648071
v 1874.61316 145.234512 455.921783
v -802.670837 136.674576 -503.994232
v 1517.99463 137.604919 1015.80652
v -1084.11694 142.312363 -1062.97791
v 2104.396 184.175171 -1326.41858
v -1272.29749 132.704224 -458.701447
v 193.345016 126.653389 880.739624
v -1290.49365 133.931412 -551.27832
v 2431.68848 152.804382 129.842239
v 2164.66064 177.70816 -1094.50977
v 2101.8877 147.249237 311.804688
v 1832.22156 153.033173 -169.661896
v 1602.67871 144.626602 805.854126
v 2256.10742 155.006485 -97.0446243
v -1286.94458 139.505219 -805.673401
v 160.221512 125.9245 917.854492
v -399.152954 121.580208 978.708252
v 902.084839 134.727081 627.590576
v 2379.25366 194.628143 -1376.58813
v 1094.38245 136.908127 579.540771
v 1096.13037 158.207504 -991.276978
v 1606.51294 142.909531 828.564819
v -975.151245 145.535583 -1378.78516
v 1253.1604 141.653641 245.759918
v 2264.30981 146.250717 687.146545
v 719.449524 144.235748 -416.48645
v 2226.75537 154.480652 -58.79776
v 1666.13367 173.601807 -1350.31128
v -1278.31592 134.174469 -565.922974
v 884.377686 129.867584 1211.41943
v 2463.08447 164.73201 -584.497437
v -1408.59839 139.47348 -1006.80371
v 1595.74988 144.04805 812.150085
v 1252.79431 135.189728 894.159546
v 2473.77979 147.593384 696.671387
v 1219.61035 138.181946 585.927979
v 351.05661 125.730278 1344.90808
v 2395.75708 166.446381 -652.011047
v 1757.78711 141.739136 748.329346
v 2412.78882 146.704117 733.240051
v -913.096436 142.306564 -899.513611
v 1150.54224 138.311935 496.933258
v 1698.56177 143.245819 811.65979
v 2138.00464 176.97702 -1104.16125
v 45.3290825 156.995453 -1479.06958
v 133.188263 122.168404 1394.29211
v 1848.34863 154.855698 -615.153015
v 1091.00586 131.412125 1227.94092
v 1463.39917 144.385376 241.652496
v 1714.47253 144.157745 876.120728
v 1681.42554 180.78688 -1460.7428
v 344.612122 160.180679 -1445.84082
v 1550.80786 175.345627 -1402.97278
v -1381.31567 128.108841 -173.535721
v -1062.54626 137.741409 -657.655518
v 523.248535 126.02137 1412.27209
v -825.084839 120.047585 968.70166
v 1470.33508 149.491852 -129.231781
v -695.935425 144.839035 -1031.22839
v -1406.75928 133.735443 -557.544189
v 1144.44409 144.370651 -68.0320511
v 1162.00659 146.421127 -171.39212
v 1725.50696 145.552277 190.093948
v 434.293396 159.48114 -1356.22888
v 2374.84692 166.525696 -856.814087
v -1161.16211 112.047249 1366.86084
v -392.617981 153.123215 -1411.95178
v 1353.9458 172.393021 -1467.75366
v 162.467606 122.760979 1358.46423
v 718.609497 135.135452 483.224243
v 478.427307 126.901024 1305.59351
v 1498.2605 140.049515 822.334351
v 2093.5481 147.308014 317.593384
v 1022.72858 142.981781 -61.3481522
v 207.277344 124.540009 1456.81323
v 1572.32178 138.004456 1100.12476
v -1153.10376 114.14743 1275.84827
v 857.840454 138.769165 201.307587
v 712.121582 134.915298 503.614258
v 2415.86108 155.459961 -263.62381
v 2020.3396 187.789505 -1431.90295
v 1851.74585 138.092239 878.973389
v -767.831421 140.598816 -640.32135
v 1885.63684 138.176376 894.042297
v 1559.58557 159.569916 -839.672485
v 961.038574 131.087677 1162.70117
v 508.075592 126.7892 1341.82715
v 448.26886 157.179657 -1214.87622
v -1154.42358 129.312683 -149.756897
v 1961.28918 155.311722 -233.627747
v -1090.80859 133.981506 -410.437378
v 1807.69751 155.465088 -463.608398
v 643.17749 129.651154 1243.63379
v 1275.02539 166.261536 -1289.17554
v -1364.8667 138.83461 -852.657959
v 1668.52258 142.080093 752.033203
v 1098.71277 131.369034 1245.30334
v 941.378052 158.819977 -1214.39307
v -30.0106125 120.877739 1421.89038
v 2344.58569 145.435852 799.989014
v 2100.28882 161.576019 -619.806885
v -533.037598 154.891815 -1487.94446
v -1324.97449 138.957214 -857.262268
v 1973.00903 150.174713 37.2944565
v 2349.51782 196.650528 -1423.5968
v -503.011719 157.739685 -1494.2749
v 1942.63916 139.515427 1220.29346
v 2527.26611 153.056091 -166.330627
v -1017.37628 138.087967 -642.378235
v 727.482483 135.140564 487.444061
v -1424.48938 143.133484 -1322.55212
v 2115.1626 165.2005 -924.294678
v 1106.88843 171.414795 -1487.19055
v 1082.53735 141.388046 115.745125
v 1423.49548 175.537949 -1506.49011
v -1359.78735 112.119545 1470.4314
v 2510.33081 192.932251 -1246.13953
v -666.921509 124.868858 520.544189
v 2320.53052 147.218658 600.642883
v 1785.18628 144.37352 520.355896
v 468.576324 145.710236 -645.14093
v 163.383408 122.583824 1386.10547
v 1661.47192 159.031723 -722.578125
v 2239.35474 162.803299 -525.326599
v 1877.74915 143.867233 562.570801
v 2222.43799 162.692627 -535.99292
v 1979.88379 151.300629 -7.63434792
v 1869.74512 143.810883 1137.55627
v 1894.2168 141.380096 826.186462
v 2416.08301 147.117538 833.265747
v 2413.32617 148.394821 602.850586
v 2103.72998 150.743378 14.5186205
v 1661.74585 171.057831 -1267.85767
v 191.052643 159.454636 -1435.3042
v -336.422546 138.08519 -331.343597
v 1571.62573 144.452713 365.740479
v 1094.12671 130.807953 1341.77246
v 1009.98608 137.712296 386.749969
v 2428.14062 148.252533 520.374695
v 2408.27832 146.673462 793.118103
v -1393.04004 128.366135 -176.147034
v 968.106445 135.028381 687.639099
v -1203.23975 134.729324 -449.307922
v 970.777405 133.059479 966.771851
v 258.040588 134.003601 -125.987389
v -516.848938 157.120148 -1478.55859
v 2092.53906 154.858505 -132.871536
v 253.216049 126.744629 973.294495
v -702.207825 125.686813 414.009796
v -1315.59729 135.979675 -661.293213
v -155.537262 119.911766 1459.86597
v 665.691101 135.981125 449.492249
v 960.996399 130.671692 1237.77344
v 1921.55505 143.725891 622.906372
v -103.220848 120.601715 1412.77344
v -722.194946 118.916824 1318.44421
v -1146.77209 135.407501 -529.859375
v 1033.27673 131.584167 1171.88525
v -600.451721 128.182281 202.556396
v 2035.97754 147.662308 336.165741
v 1496.75879 146.758499 292.96936
v 2322.11816 145.285721 848.515381
v -996.192871 137.473663 -547.778687
v 1670.60669 150.149216 -72.4871368
v -555.181519 121.469177 1043.35852
v 2038.08301 146.304581 396.507019
v 2217.88599 140.6026 1334.38525
v 846.916565 154.950241 -915.459656
v 591.137695 135.284668 884.049561
v 844.941162 136.314316 496.26593
v 2043.07251 142.097366 950.276245
v 2147.33594 160.166656 -720.39624
v 1081.83984 138.40921 765.260437
v 277.78891 135.305847 -131.752686
v -1457.01978 138.082138 -829.375366
v -904.166626 117.123505 1361.27563
v -552.953613 125.294342 510.496399
v 1842.36987 143.680908 571.258972
v 1266.72205 147.311523 -142.924026
v 1906.64124 141.711395 808.016174
v 1503.53748 137.71106 957.541687
v 1861.18823 138.04068 875.608887
v -996.299683 142.260971 -1053.12146
v 2171.2085 142.88208 951.084229
v -1099.02429 133.632629 -396.941437
v 2130.23242 145.31842 760.847717
v 2115.31396 157.140198 -253.4561
v 783.498657 153.751556 -911.204407
v 2475.45068 149.566772 388.739075
v 1845.13049 145.199738 350.21524
v 1969.09009 146.569214 406.830627
v -899.173096 116.790001 1441.08838
v 404.067688 133.172256 -262.947571
v 721.967285 134.587234 575.35376
v 2126.95239 142.100159 1025.68433
v 1111.70447 171.780777 -1498.15649
v 976.268555 136.145325 478.397644
v -691.832581 145.834259 -1074.04846
v -1088.7168 130.75766 -147.68045
v 808.510498 153.419235 -833.685791
v 100.038452 126.85804 691.886353
v 1221.61096 133.358368 1159.85022
v -10.9353065 128.55835 588.519653
v 2479.0144 142.700256 1119.55908
v 1359.37939 141.501968 411.689453
v 2145.22656 155.083206 -128.212067
v 2482.01758 149.024567 482.048523
v 1065.43616 130.595627 1318.98792
v 2163.75342 141.311829 1182.4209
v 1400.61877 141.396835 434
v 2453.54224 150.661133 -54.2047729
v 1734.68555 151.935074 -152.123215
v 2412.6731 157.835205 -348.895538
v 1791.34937 142.392242 827.5495
v 2392.36011 161.515839 -431.471649
v 897.253174 129.84494 1250.73828
v 1270.0365 138.237228 595.327515
v 2310.16406 147.619217 496.802673
v 1905.44763 145.600403 433.894806
v 549.380066 134.74855 925.882446
v -789.777222 138.251556 -525.386292
v 313.193268 131.544052 -154.732086
v 217.558609 130.903885 -100.567604
v -528.562622 146.09906 -1100.96204
v 1386.45911 142.543274 275.550598
v 1300.052 135.972107 866.17041
v 1081.1969 132.046448 1160.73511
v 1723.07751 148.268341 41.8483467
v 2066.03003 147.138168 357.081909
v -158.35495 126.349373 590.47699
v -1399.61255 139.643127 -919.0354
v 1722.70984 146.664398 116.849365
v 1833.54614 175.17244 -1274.76245
v -1158.79126 143.623901 -1295.42432
v -1396.03296 113.47187 1456.71948
v -1239.06238 144.877319 -1425.47339
v 2254.12695 148.850677 251.438797
v 1931.40259 146.027328 227.54483
v 2475.76782 142.8936 1105.73169
v 2345.85522 142.729889 1148.91235
v -1203.13013 141.512497 -1108.5166
v 2483.27588 141.933838 1162.12769
v 1976.3208 189.734253 -1486.16895
v -1239.35864 128.575684 -142.676849
v 1341.10181 136.414795 1053.00513
v 2256.64404 154.639496 -71.5102539
v 859.993591 146.407715 -472.057983
v 2218.96606 160.588135 -386.305695
v 2220.0481 182.109711 -1201.21729
v 1337.99829 171.733673 -1460.34277
v -530.490295 121.294144 1237.83496
v 2381.51538 147.739929 660.463684
v 1064.89819 139.944366 240.500031
v 971.390381 134.970459 710.503418
v -418.155365 155.707901 -1482.70508
v 1273.61938 169.862549 -1460.32544
v 2472.34888 150.142578 210.822067
v 2085.51074 143.091705 858.650757
v 1336.64539 136.447525 1047.15076
v 1216.85547 137.080185 681.125488
v 2311.43286 140.222107 1363.02222
v -1377.50464 115.432747 1209.83862
v 1902.23828 154.874054 -262.997864
v 1282.54688 170.018936 -1457.21326
v 2138.81519 154.540649 -103.090134
v 1568.31799 175.876633 -1406.23438
v -746.680115 147.472412 -1225.25317
v 167.366135 158.75351 -1418.81091
v 1691.56079 152.261581 -117.149551
v 2285.12231 160.813049 -365.375305
v 1313.90149 135.687973 1085.64282
v -1362.55103 138.883942 -797.38501
v 1276.13806 141.440857 275.356995
v 362.736694 162.085724 -1515.76746
v 894.311218 138.702728 214.706421
v 1313.90283 135.592422 1092.19043
v 1598.45337 138.268265 1093.14258
v 507.844757 126.33197 1426.56519
v 1620.19775 143.659256 391.715942
v 415.129761 154.892914 -1097.37573
v -901.669556 119.252586 1082.30176
v 1414.66931 139.49678 608.473267
v -1193.38367 137.019684 -696.054932
v 298.22525 136.974365 -96.7314758
v -592.677795 157.082443 -1450.23096
v 2355.58105 156.239899 -252.375061
v 1937.71338 143.694733 561.488525
v -1407.55774 131.963287 -447.365326
v 1382.54675 147.420929 -101.053223
v 654.291382 129.103149 968.202759
v 2464.49658 154.834946 -192.266693
v 314.669128 138.505737 -101.175072
v -588.393494 154.416519 -1415.6134
v 2221.17383 153.432938 15.1199512
v -1283.23999 129.864868 -247.2686
v 834.682739 154.637711 -903.355042
v 1648.19495 138.435791 1104.20483
v 1886.73438 154.978622 -288.181854
v 2131.55859 158.012146 -290.147034
v -1031.93445 140.835312 -533.251404
v 1091.36499 145.657745 -173.859039
v -123.627716 130.131027 650.278442
v 675.741333 128.85968 986.90094
v 1220.7793 170.158203 -1488.7218
v 2498.55713 151.246201 -82.7147827
v -405.785858 134.712891 -154.650558
v -397.527222 151.920883 -1333.16089
v -1123.77759 143.982635 -1298.77808
v 2013.14844 141.640152 944.10144
v -1407.77881 114.631912 1360.77844
v 601.998535 146.620117 -614.867371
v 220.946487 126.270836 973.880127
v 1435.40674 139.987701 608.322693
v 2129.30273 148.200256 238.670486
v -1406.18579 139.392975 -906.419067
v -802.501465 118.65612 1324.13342
v 1966.13306 152.480255 -66.1950302
v -659.292725 119.449455 1331.28833
v -1197.92261 136.473816 -672.146484
v -1158.07434 131.582993 -316.916016
v 1966.93066 174.149567 -1185.65466
v 906.087158 134.764816 536.789124
v 1627.91211 177.127441 -1418.03076
v 899.410767 141.35672 -7.51144171
v -89.5061035 146.748505 -883.98291
v -1397.4928 133.931778 -581.190979
v 1468.18115 143.932373 298.385803
v 1973.07007 188.057693 -1460.87048
v 458.72641 126.597275 1366.52734
v 1023.04083 142.377731 -28.7760544
v 910.933472 140.961227 27.8760433
v 1810.76343 141.146912 802.879639
v 2474.56152 147.619598 701.93219
v 1966.9989 146.844086 340.196106
v 1068.25867 141.250702 124.222954
v 1511.68079 137.67067 959.014038
v 1810.68286 159.175232 -681.840637
v 2349.46973 192.490082 -1365.32471
v 98.1973114 121.916954 1368.9845
v -565.03302 121.111069 1209.50696
v -1250.58667 139.905579 -886.173889
v -655.649536 145.528717 -1072.59973
v 2409.54102 156.321747 -288.203522
v 720.049561 127.47538 1340.71143
v 2006.84314 147.319016 229.773987
v 1165.91772 137.386292 775.493896
v 2233.24268 149.799255 107.800766
v 1655.30347 151.685196 -291.156433
v 1427.74792 140.748154 550.191711
v 524.940002 126.702606 1357.51782
v 1509.44385 139.000778 1051.58655
v 2319.18311 198.422348 -1473.96423
v -1228.96423 132.056122 -339.06192
v 100.682632 128.58223 1155.38916
v 1566.22021 148.118286 214.602325
v -1332.07336 120.711296 595.456848
v 1849.35669 145.895416 195.669189
v 371.935608 125.151199 1393.43286
v 2255.36963 144.096588 848.040833
v 1909.5199 179.827927 -1347.52197
v -1019.25208 145.474213 -1367.74585
v 1279.24988 136.142838 964.83667
v 1586.48254 144.268051 292.59137
v 1838.57373 138.650497 900.330444
v 1777.18872 152.497314 -176.249268
v 2502.4812 145.657211 900.543335
v 1868.33301 179.907593 -1356.18018
v 1417.40369 140.425476 555.06665
v 1007.07739 130.760803 1254.65015
v 2379.55225 143.878662 1034.12817
v 2247.77344 193.463104 -1414.81116
v 1287.53601 136.279205 929.497864
v -1216.19128 129.361816 -194.258545
v 1209.01453 135.487808 970.704651
v 1981.05823 152.66423 -58.4661026
v 2099.4043 184.734161 -1334.37439
v 667.836426 136.133438 401.857422
v -434.999542 134.14827 -132.768707
v 759.466431 153.521317 -861.337036
v -1156.45837 145.604996 -1477.2948
v 449.791626 159.567734 -1351.17676
v -1277.84094 137.006607 -708.523071
v 1732.46289 159.692703 -716.147034
v 1394.58545 138.411774 870.614502
v 1234.63184 139.483398 483.067688
v 777.703552 152.542007 -791.742249
v -643.84198 145.709747 -1086.20081
v 1716.95825 138.810486 1195.39453
v 2328.75977 199.06752 -1476.54333
v 2026.20166 154.946671 -177.988007
v -958.240967 142.622543 -1042.30811
v 1906.03931 139.124268 1031.88672
v 2034.93018 148.616714 94.2960052
v 1116.42151 139.875671 307.111389
v 1342.31226 134.693634 1149.59412
v 846.634583 138.067276 725.309998
v 354.477783 124.773026 1442.11987
v -1336.52466 139.193558 -894.306946
v -1424.44348 138.529327 -830.930786
v 1403.43823 145.222504 105.171906
v -876.55896 117.177475 1399.99414
v 837.653259 138.209442 224.486496
v -499.46051 126.647636 515.961609
v -1433.87134 141.021362 -1154.76575
v 2113.82324 149.041519 186.866379
v -335.602722 155.1353 -1443.67627
v -343.857178 153.908112 -1333.39673
v -1180.70544 142.040237 -1134.67944
v 1784.68701 137.479233 1268.59021
v 700.425171 129.153336 1317.24365
v 1931.69568 145.049072 468.665375
v 775.495117 130.536438 904.084106
v 1306.85938 138.45314 616.173035
v 1945.5459 146.123535 242.681549
v 2464.07568 142.668762 1126.13928
v 840.057373 153.466766 -826.370544
v 1963.10864 151.464813 -20.3235512
v 406.156982 126.383636 1085.52539
v 2403.21948 166.903976 -837.611816
v 1965.74524 146.48259 388.457123
v 1664.83301 142.524872 780.09021
v -412.336914 121.632713 1146.37341
v -1330.10645 140.410263 -1029.65247
v 1559.90881 156.218567 -639.272339
v -832.587891 125.029938 437.48645
v 2155.79053 177.343567 -1093.00793
v -1274.92175 139.556305 -826.299866
v -1275.70288 132.933105 -475.24646
v 102.475296 123.357445 1436.01831
v 1994.42603 154.029572 -144.29129
v 1874.33691 183.138428 -1407.02991
v 783.087646 130.573471 1305.6947
v -593.033325 121.480637 1220.87085
v 2427.53369 194.376251 -1307.70459
v 2048.32617 142.069107 953.761353
v 969.803772 130.445831 1261.14636
v -721.726929 148.851303 -1267.82422
v 1811.64148 146.824448 145.243317
v 2240.7688 156.707779 -159.949829
v 106.735771 159.214081 -1515.57532
v -1029.10645 135.002319 -419.193176
v -737.74646 127.753937 230.137604
v 746.599243 130.200623 916.696045
v 2350.65967 166.066742 -659.62146
v 1969.41431 190.857849 -1504.36902
v -1411.07935 140.491699 -1084.52173
v 2134.15454 151.234924 101.970078
v 671.379761 132.103271 812.890015
v -1278.38745 113.249504 1401.80469
v 1105.16052 165.760468 -1368.5918
v 2.88383675 132.918625 19.019083
v 1131.29639 132.198715 1181.89832
v 1465.47681 144.159576 323.165283
v 897.300232 137.438232 365.93457
v 1723.65271 144.197937 302.769989
v 472.102051 126.522484 1341.49561
v 2224.68359 144.0159 971.280884
v 2341.72559 197.153 -1428.54199
v 1717.1709 148.949875 20.3707085
v 2203.47144 143.926163 856.031128
v -610.690735 120.852386 874.310364
v 2474.31396 200.612411 -1411.54663
v -852.948059 117.864113 1373.34583
v -823.136475 148.337006 -1516.66553
v 2341.42432 162.002594 -432.742065
v -1380.1897 136.971588 -734.345825
v -1274.56299 132.446304 -436.438782
v -651.146667 125.986153 402.076965
v 85.6171265 151.92337 -1103.14807
v 2402.63843 146.30658 766.402466
v 1757.69275 153.825729 -559.674072
v 109.25061 135.242584 -73.1074982
v 2166.54883 154.855698 -104.925079
v 661.47876 128.476959 997.018127
v 1970.17114 150.962845 1.52894509
v 855.53302 129.501648 1329.50781
v 1910.68933 155.437546 -301.56543
v 2302.45312 145.244751 838.234009
v 2223.25977 184.321014 -1271.36548
v 2349.56323 162.001572 -433.556427
v 2214.19727 181.896698 -1186.00647
v -1280.89001 128.532623 -156.668579
v 526.198792 161.923492 -1474.95825
v 1819.65088 141.064468 791.434692
v -1145.73914 132.460571 -367.218567
v 1813.56079 143.333939 1144.38965
v 1521.54089 147.558167 272.696198
v 1973.17517 144.095291 678.751221
v 1959.29358 181.709625 -1356.69336
v 286.125977 159.329407 -1407.64966
v 389.145325 125.132454 1426.12329
v 2321.75854 187.488083 -1215.34253
v 2182.41821 196.666504 -1487.16895
v 1801.3678 144.386169 289.804962
v 2498.01489 174.07196 -982.725342
v 2219.71289 142.260773 1114.17102
v 2271.26636 162.886459 -701.684143
v 2222.18701 196.497803 -1463.62415
v 600.302246 140.22403 272.690674
v -617.506165 146.432465 -1126.68384
v 1388.90173 138.274582 889.260437
v 261.700256 137.197464 -114.289108
v -433.343689 118.645607 1442.37842
v 1446.16455 148.432663 -79.539238
v -708.133911 149.319214 -1276.63391
v -1435.69299 143.310242 -1343.62048
v -561.092896 153.18837 -1402.51575
v -599.318359 147.16571 -1146.49146
v 1944.70544 181.188263 -1364.33008
v 381.348694 126.482643 1077.21191
v 1607.12488 139.046844 1159.35352
v 2415.35596 157.018433 -318.063019
v 839.924988 134.087418 596.978638
v 1847.51172 153.7668 -207.927048
v 1218.39258 137.654251 713.709595
v 1710.255 175.452194 -1369.1615
v 1993.84399 188.266403 -1460.85596
v 489.7948 129.555038 939.167603
v -1097.83154 142.332184 -1066.36084
v 1311.36792 136.346008 1036.21716
v 409.011383 156.935059 -1206.77588
v 2343.98535 149.465424 133.515213
v 722.637939 136.475632 791.310791
v -1193.11035 131.163589 -321.126587
v 1686.60413 152.636642 -340.685791
v 902.819031 138.491486 272.681793
v 2423.3999 140.644714 1372.98047
v 24.6647224 125.520012 902.322754
v -402.940552 155.089188 -1481.97778
v 1385.34351 145.64032 55.0043793
v -1358.88513 112.631355 1456.23096
v -1388.53699 137.568649 -747.327148
v 1792.27124 141.214386 866.450439
v 1104.08167 137.614899 504.324615
v 2309.78882 145.084396 825.527649
v 2296.25244 162.813965 -484.197021
v 2461.22827 142.50293 1136.33716
v 755.087708 134.281891 757.915405
v -549.425659 140.781433 -612.259094
v 235.598557 134.980133 -110.746399
v -1103.35889 141.059814 -986.470337
v -1293.01819 138.880432 -912.30304
v 2428.59155 140.589981 1371.92432
v -690.745605 152.452072 -1345.64856
v 2221.33936 140.386993 1366.86987
v 1562.82324 149.388214 -42.10923
v -1270.11731 135.662079 -638.56134
v 1287.22559 142.027756 239.661163
v 2420.04297 141.068054 1353.69189
v -580.942017 157.830872 -1517.13477
v -1157.20081 134.95285 -508.686157
v 2471.27393 198.991623 -1382.84814
v 1603.37158 158.453629 -737.244385
v 441.237885 144.789413 -621.796509
v 2090.76636 145.917816 598.325867
v 2221.83374 140.514893 1350.4519
v 432.217957 139.511246 -290.057892
v 1846.92725 144.497711 414.993896
v 1560.74316 137.633331 1115.19897
v 1542.89844 147.949127 191.288971
v 1652.47754 157.75769 -665.528564
v -942.859253 136.035828 -494.146362
v 2351.49463 165.412567 -619.843201
v 2157.07251 157.849243 -263.972046
v 326.431702 160.712723 -1476.78064
v 1256.75537 136.051041 927.672485
v -1252.99976 114.118828 1370.92285
v 805.640259 129.162872 1219.10034
v 2344.97729 141.187637 1386.94678
v 2313.03418 190.832855 -1344.29932
v 1755.56531 154.140259 -571.600647
v -1191.55774 143.444534 -1317.27393
v 970.235779 139.930557 166.973145
v -1310.30396 139.114609 -913.637695
v 342.397186 126.424538 1045.22546
v 731.718018 129.873428 931.669617
v 2156.56738 153.737473 -65.3140793
v 1746.88342 157.21669 -646.881531
v 1949.28601 157.939163 -457.627625
v -1343.47473 135.867157 -664.082886
v 1856.00513 139.540771 965.204224
v 1885.12354 145.469757 268.830719
v 412.665314 154.608917 -1083.43347
v 1878.18091 142.790466 1130.24585
v -1272.67053 139.443466 -852.738037
v -1029.62317 137.88475 -647.854065
v 2209.96289 152.609802 36.5260468
v 472.478973 144.687302 -616.724854
v -601.261475 148.497726 -1192.81775
v 1594.52905 145.158997 223.971313
v -1403.6355 142.667786 -1275.26147
v 2352.77295 165.560242 -628.486206
v -1308.11768 133.387573 -522.189148
v -1088.27686 136.869781 -622.796509
v 99.0789032 159.142487 -1485.36084
v 725.423218 136.718933 187.839584
v 1689.62671 145.430847 195.568481
v 1820.11584 151.574524 -84.2574692
v -435.374329 118.471001 1450.71667
v 527.484253 130.529541 983.094788
v 2167.79102 162.567749 -852.028137
v 1217.76758 139.193573 484.035858
v 697.349121 130.384445 1220.65771
v 967.978516 139.988403 148.362701
v 1465.22437 145.573746 127.37471
v 2434.54028 169.064377 -896.424072
v 1478.77136 144.684265 219.097198
v 1133.73438 131.685318 1238.20044
v -1336.17249 122.143303 527.510803
v -1153.56628 139.000183 -773.948669
v 1294.46326 136.459412 913.635681
v 1605.31787 145.786682 356.729797
v -478.255524 142.418533 -713.025269
v -1153.73853 140.655029 -974.808289
v 1042.67126 138.38678 365.479797
v -1441.66699 139.036499 -917.562927
v 185.861694 126.165466 941.050659
v -1160.2666 115.311195 1237.31616
v -1199.08765 144.574921 -1400.92078
v 864.563293 134.545105 589.555298
v 1553.43921 146.133087 306.363007
v 656.341187 129.465881 1240.31921
v -1181.79651 135.876648 -631.408569
v 461.031097 130.077133 854.549622
v 469.801941 126.745064 1321.90076
v 2145.95557 160.92215 -462.09906
v 2011.33606 144.611542 676.680115
v -1289.80859 134.540054 -585.684692
v 1631.9375 146.477829 84.8701096
v -895.525635 142.202972 -931.619202
v 777.407959 135.060333 528.149353
v 843.485046 130.830826 1072.1521
v -1354.32812 113.51107 1431.36108
v 2408.10864 146.925476 720.020386
v 1253.94263 139.907806 415.796021
v -1423.73022 139.744781 -1021.60901
v 1582.54382 144.067062 316.763031
v 999.1521 137.425095 399.106964
v 460.123718 128.7146 891.311951
v 1772.57556 152.530991 -73.3468018
v 2450.20044 151.216492 -86.8859329
v -936.685364 143.19136 -1090.08936
v 1854.95544 144.959106 278.067291
v 2051.95679 175.91098 -1209.45239
v 1213.35156 166.525208 -1366.625
v 253.170181 132.382996 -194.366287
v 2220.20874 145.052475 747.842102
v 1060.28809 138.984283 317.857208
v 1464.47546 137.952667 956.513916
v -1162.33435 145.165024 -1430.19238
v 2493.75464 142.01593 1168.3313
v 1743.92993 159.089798 -689.502075
v 1595.02002 160.942932 -880.778015
v 1224.57666 139.446533 470.759033
v 921.19519 130.441055 1162.9104
v 1491.94153 175.799515 -1440.41272
v -715.014099 117.893356 1162.16418
v 149.739471 128.100784 627.084045
v 2211.34058 142.394028 1089.69666
v 316.953644 135.313385 -147.704895
v -160.475189 156.259338 -1459.49878
v 545.69458 161.928986 -1460.30444
v 1098.74878 136.524567 651.304016
v 1728.51599 138.903198 1140.11292
v -1337.78735 135.032455 -613.955383
v 2304.60522 200.647552 -1500.7998
v -1439.38013 130.775513 -306.555573
v 2420.22266 148.237869 626.206421
v 1139.28015 168.021942 -1414.92358
v 2031.6145 190.315826 -1486.745
v 2455.87231 186.921112 -1182.96582
v -1128.03809 145.355026 -1408.9895
v 1535.08276 147.433441 229.353485
v 1595.31714 157.825958 -700.816895
v -686.029846 133.549133 -153.385132
v 1683.21191 140.681946 881.771729
v 1545.01062 146.652054 485.277435
v 2216.28516 149.472046 144.411041
v 1980.63586 150.727905 15.6091948
v 1471.80615 137.888672 965.781128
v 1128.97754 137.312988 577.815552
v 1380.60999 138.074829 857.134399
v 2436.50146 191.159103 -1252.23181
v -1209.91357 135.095566 -535.473755
v 1390.68091 138.320297 883.54425
v -816.822083 144.061813 -1031.24902
v 1159.28015 134.825439 977.628784
v 2282.70825 157.817368 -214.145325
v 2311.61353 145.272919 801.646667
v -562.852051 154.145905 -1450.26892
v -1348.45764 120.369759 623.999084
v 1461.94897 134.171112 1311.40662
v 1600.28528 138.255035 1141.4436
v 2377.25806 192.928482 -1302.30078
v -773.530762 118.571213 1302.55444
v 1262.72339 142.206284 214.859787
v -1182.68774 136.475677 -666.153625
v 1152.26453 144.546661 -77.9432373
v -1344.46924 113.914345 1408.4104
v -722.675537 149.754486 -1291.08618
v 1411.95276 139.74942 590.406372
v 2340.16138 163.429108 -508.464294
v 1378.20789 158.623962 -877.951599
v 1719.2334 156.474747 -627.027161
v 1211.43701 141.446136 243.767654
v 1757.82947 157.718765 -657.600586
v 2172.06348 159.366119 -340.957764
v 2048.48193 142.293915 934.083435
v 1720.90356 156.845917 -633.447876
v -592.024414 153.661377 -1414.17078
v 1217.74036 141.208466 272.391052
v 2462.2124 148.907318 479.707672
v 1094.05908 132.222244 1144.37891
v 1554.4314 176.817093 -1433.4436
v -1336.49658 120.764122 592.861328
v -954.380981 145.683319 -1383.44019
v -981.677612 116.461212 1433.35522
v 2118.83179 154.43132 -104.698441
v 2208.68823 145.930618 681.5578
v 787.969849 135.967377 461.809235
v 2066.48633 148.732147 221.222977
v 2316.02026 140.928848 1381.4967
v 2126.36963 157.846191 -284.811554
v 1061.74121 166.017456 -1367.2666
v 521.926758 125.952934 1389.73364
v 91.0889816 122.845779 1442.76672
v -1030.20703 116.894981 1162.61499
v 2091.2832 159.966202 -447.434875
v 1969.74658 138.102112 1369.52393
v 61.2913704 157.745422 -1471.2063
v 909.017456 138.714706 220.374588
v 1550.52014 147.366241 195.804199
v 802.196289 131.708099 843.271973
v 1500.00037 138.011093 940.364197
v -1406.72607 120.669838 709.97229
v -1133.62622 143.103378 -1238.42688
v 840.854614 139.9729 36.3298225
v -1245.78687 134.471924 -576.12146
v 2336.93115 147.231689 602.081116
v -1286.25659 134.801239 -598.280151
v 2327.93994 143.294373 1077.33154
v 725.539673 129.593582 948.880432
v 1341.88196 138.426239 696.306763
v 883.066528 131.694626 858.316895
v 1670.83093 144.21933 405.193451
v 1406.91101 158.081543 -845.373657
v 2359.69824 163.934845 -530.470215
v 2349.53271 140.999268 1400.10498
v 2469.43262 151.062531 -12.521019
v 1711.24817 140.006821 1180.19543
v 2153.2168 146.341507 501.561371
v -401.655457 151.693756 -1320.53711
v -938.731018 126.125923 338.555634
v 755.258545 160.226089 -1343.32837
v -1286.32568 135.619293 -638.323547
v 2002.30103 147.16391 301.490784
v 1951.73083 183.768555 -1401.98218
v 2220.073 147.536026 224.909393
v 1344.02881 163.43988 -1163.5752
v 937.144897 129.247437 1404.08716
v 1383.45703 138.140152 888.216858
v -1154.20715 145.64003 -1480.1084
v 1149.78564 138.072174 522.719666
v -524.727295 156.480408 -1412.25464
v 1591.15137 174.560272 -1366.99219
v 98.2857895 121.932556 1403.30371
v 1470.77783 140.034851 766.029053
v 871.403198 132.017899 830.733032
v -649.134827 147.608871 -1164.92395
v 1130.06555 131.915375 1206.54736
v 1107.51611 138.033722 755.593567
v 1225.24231 141.987 207.117523
v -1159.59131 142.405396 -1178.69922
v -1373.48462 140.777969 -1086.5105
v 2311.87061 148.020081 402.307068
v 1543.86816 150.401978 -254.656326
v 1906.10132 155.677826 -655.194397
v -1283.42798 135.374847 -625.614258
v -1398.50439 120.660759 689.663452
v 658.520874 137.017227 272.522736
v -1131.82666 142.35939 -1083.43323
v 1100.64868 137.227707 745.401611
v -645.902588 126.231087 388.10318
v -1132.72852 138.162231 -748.306641
v 1978.41602 137.89212 1025.01172
v -973.61554 116.722374 1426.68799
v 1847.75037 143.217072 684.552856
v 2432.49243 197.448471 -1366.1377
v 963.839539 136.008057 484.430908
v 798.445679 154.058502 -862.622742
v 209.409058 124.534508 1464.63232
v -841.034424 128.155823 239.359634
v 1575.53125 138.108963 1006.34741
v -1348.91431 140.32399 -1021.69287
v -1407.16309 133.395599 -531.358765
v 1469.31445 144.137848 209.463135
v 903.440796 131.698944 1039.26941
v 139.463852 122.293289 1416.63721
v 1839.4281 181.697159 -1396.45544
v -818.192444 143.041565 -948.862366
v 913.69574 132.835892 835.401001
v 962.681763 135.753281 521.767578
v 1467.23303 175.643936 -1451.73865
v 721.419312 144.504669 -438.412903
v 1511.8396 176.230042 -1441.60852
v 1863.72363 143.759048 599.358093
v 711.432251 144.681641 -533.840881
v 1690.52856 140.895798 902.219971
v 425.561218 158.538605 -1308.35571
v -1158.90601 141.805298 -1069.0376
v 2188.01147 186.248749 -1315.1947
v 2461.71143 150.785217 -37.0402031
v 1826.53345 155.857086 -464.967163
v 1593.75244 173.150085 -1337.73364
v 274.565063 159.975037 -1436.4624
v -712.380005 124.191002 712.391052
v -1393.93164 133.565048 -543.879883
v 1724.79919 176.492249 -1348.56982
v 1400.50781 138.548584 864.085205
v 352.248596 126.961395 1023.68408
v 1794.53003 153.996155 -573.05658
v 369.551483 130.566391 858.019653
v 1965.37402 157.011932 -357.855652
v -536.910217 121.672997 807.95752
v 2367.21924 186.611481 -1182.85364
v 213.917175 123.043762 1343.76526
v -685.43573 138.370117 -510.140808
v 2174.11646 156.649384 -190.390259
v 1953.10474 151.93222 -43.815815
v 122.989128 130.563843 1135.78101
v 1091.44519 140.972412 207.436218
v 1556.62524 148.978226 148.675644
v 2214.75659 152.148422 48.4812737
v 105.24102 123.532188 1440.61548
v -780.222534 147.958237 -1482.36523
v 1314.69287 140.914825 427.089874
v 343.906067 160.375061 -1462.83667
v 1964.28845 154.515289 -192.244873
v 809.48114 153.684967 -846.015442
v 2418.10718 140.358795 1393.06189
v -1120.43945 113.000702 1317.80554
v 2189.68213 197.877151 -1502.44324
v -747.270752 148.263458 -1265.57617
v 1934.10046 189.920639 -1500.47485
v -875.742554 117.511528 1351.6333
v 2386.51172 141.201309 1370.27539
v 1757.37463 159.321777 -693.315796
v 2390.10474 148.004944 613.996094
v 1902.48035 138.962936 1436.23889
v 781.297791 134.017365 631.61322
v 1349.48804 150.814407 -357.993835
v 1470.4574 144.289139 311.213562
v 150.306244 122.399628 1416.14368
v 69.3220596 122.39196 1451.06226
v 2088.59277 144.560883 692.64679
v 1927.87231 137.849686 998.218689
v -889.019531 142.007278 -920.670715
v -1163.37048 142.377258 -1090.51453
v -537.506531 148.185532 -1184.91687
v 716.407166 143.440628 -378.402679
v 2465.19336 168.970947 -831.35376
v -696.004761 129.510513 78.6426392
v 1135.50952 141.342056 185.789963
v 1339.90637 172.254135 -1489.42395
v 465.766296 161.012634 -1482.60449
v 1605.21301 180.206497 -1482.68359
v 1261.77625 142.034714 227.148224
v 1714.43994 155.153854 -601.398376
v 1409.30103 138.751923 845.189819
v -500.59552 148.03688 -1205.13086
v 320.611176 156.400101 -1207.79211
v 2363.03418 162.056976 -440.387024
v 362.991089 127.100792 1034.57776
v 2218.18921 144.883728 762.467896
v 1024.8468 131.850189 1149.07129
v 1488.39429 160.914093 -935.200134
v -1145.93591 143.732758 -1299.57788
v -993.996399 142.927963 -1128.24072
v 2463.70703 197.13002 -1351.54456
v 1953.46533 179.5634 -1291.14331
v 2206.79053 142.51091 1076.82019
v -393.077759 149.041809 -1111.91345
v 657.878235 154.824707 -1087.6759
v 1438.8042 141.469223 466.313721
v 82.9867249 130.2948 -15.6913662
v 505.020966 161.239151 -1449.06067
v 712.081909 144.310089 -436.129974
v 1973.78369 146.645767 206.731918
v 303.050354 159.582962 -1421.63159
v -836.936401 125.200142 406.247223
v -843.029175 130.971725 -81.4043198
v 357.659302 136.363586 -173.917465
v 229.807526 158.252121 -1369.82361
v 1273.11768 136.297501 841.945312
v 1603.08472 150.570435 -171.738144
v 1403.00842 132.825821 1394.76733
v 601.833862 154.629578 -1091.90674
v 61.2510071 126.813133 610.907471
v 357.200439 126.34227 1069.354
v 1067.29224 165.671677 -1362.0907
v -646.397095 153.603653 -1368.97949
v 2091.06445 157.019913 -262.278198
v 1430.14771 135.03418 1457.58545
v -776.692505 135.750214 -428.772095
v 975.228333 139.500198 220.207306
v -1190.36963 145.445312 -1461.84021
v -718.161804 150.602692 -1303.29199
v 1040.93604 135.482056 863.936279
v 418.707794 158.389389 -1288.03857
v 2347.90527 154.935883 -195.029663
v 1991.60938 190.761948 -1499.90527
v 1191.75732 139.323196 434.215271
v 213.065323 154.135025 -1153.74976
v 1846.96741 156.050797 -646.884827
v 427.004303 158.537811 -1306.73254
v 2053.56104 138.785904 1177.99646
v 1842.71863 186.254074 -1484.65381
v 762.845703 151.648163 -722.299072
v 1305.39966 140.378799 456.075256
v 2052.92041 139.588791 1296.57202
v 2257.10498 139.450836 1406.32251
v 393.605835 156.348938 -1187.99524
v 715.363464 133.727966 711.123901
v 775.438354 137.374588 174.473022
v 2386.87451 149.676727 326.854218
v -658.386597 147.432541 -1146.14343
v -660.347412 153.285248 -1371.72046
v 436.50238 159.80899 -1442.3999
v 786.653442 134.823807 551.673645
v 2375.52197 196.588104 -1429.77966
v 2448.10596 168.864929 -881.706421
v 648.029724 150.092499 -628.627075
v -714.397766 145.788452 -1079.25903
v 718.713928 144.861755 -547.666626
v 99.6089172 127.743797 9.14876747
v 1399.74341 170.218353 -1347.00293
v -1215.46472 142.886581 -1283.38171
v -489.405914 141.469421 -602.294922
v 903.112854 136.373093 433.15387
v 1256.33301 135.017944 1119.70886
v 1066.94604 141.624802 56.4289932
v 2221.14404 161.436035 -442.77536
v 295.136597 160.428711 -1458.2085
v 810.069824 152.357315 -663.851624
v -1414.87109 118.787407 880.704163
v 981.137329 136.101776 505.65213
v 2473.74951 150.13623 221.229614
v 1967.16455 150.58551 17.5607147
v 1470.25232 132.169693 704.044006
v 1084.26196 138.522141 763.677368
v 1561.27271 174.646545 -1381.40454
v 845.653198 130.803101 1066.54395
v 1121.18701 137.392883 561.620056
v -907.596375 142.713715 -1019.31506
v 646.749878 131.449509 831.276062
v 1104.6676 137.638733 771.320312
v 1961.66284 149.689133 55.1295357
v 1529.43091 154.759491 -607.556274
v -680.260498 121.609886 811.997559
v -533.037354 129.443344 124.094467
v 469.81189 160.792435 -1445.46838
v 1129.73145 142.130798 88.9541855
v 603.263367 162.709961 -1487.96167
v 1378.76514 151.975922 -170.159714
v 1742.2439 184.53241 -1505.78027
v 1255.04834 135.852051 978.096375
v 790.635437 134.119568 603.830994
v 1587.84448 139.526978 1043.75476
v 2503.72632 167.566116 -772.880676
v 1311.15857 132.528458 1424.89819
v 1463.88074 134.667953 1267.84644
v 2377.33887 149.28952 376.569244
v 1162.60852 146.125244 -157.447052
v 1978.41187 152.298462 -44.9307861
v 1167.67554 134.935791 1010.46436
v 869.96521 131.260132 1039.09106
v -1157.72998 142.569305 -1200.00305
v 1075.82214 132.754471 1101.5553
v -152.344116 156.126251 -1440.85986
v 760.20166 153.693405 -879.14502
v -1048.49963 145.095825 -1355.40112
v 1919.23694 140.952576 1161.76501
v -691.307617 124.46714 708.248047
v 67.8080063 151.553604 -1070.23376
v 1258.40784 144.055466 77.5085297
v 594.863464 151.347015 -729.875488
v 2056.27002 159.481842 -443.256287
v 2041.36621 148.262451 257.959656
v 727.16156 150.813354 -625.572998
v -1188.97668 144.030701 -1362.72412
v 1011.89404 131.078613 1210.1709
v -683.435974 153.848297 -1463.76428
v 782.36438 134.817673 562.240051
v 2475.12378 197.744019 -1358.92371
v 721.908936 134.338638 637.069824
v 1219.93079 137.758545 619.43042
v 2218.23486 170.011414 -976.449097
v 2084.82446 143.188843 844.875244
v -202.524292 154.266388 -1373.95618
v 471.31134 161.171738 -1500.59204
v -471.447021 141.74556 -606.088501
v 2002.0387 147.041779 244.531372
v 848.339966 137.731873 320.485199
v 1059.43115 141.163666 96.1213989
v 1060.69434 134.462402 909.496582
v 2408.06348 151.118927 187.195709
v -1153.72607 115.060974 1255.41138
v -779.015625 147.584991 -1297.59778
v 1544.49744 141.090118 772.508301
v 2051.89893 159.090729 -806.517273
v 2123.35791 148.576828 223.862961
v 1474.45496 143.688873 409.999634
v -985.406921 116.346878 1460.85437
v -1338.23059 140.319794 -1009.74139
v -1257.28174 143.729309 -1360.83862
v 817.794189 153.838837 -854.414307
v 1187.82947 135.316818 972.741211
v 1596.28003 144.093338 303.169373
v 659.776855 135.988663 450.064117
v 777.294373 130.80542 1286.53564
v -575.416077 150.206528 -1273.32056
v 2044.80151 174.180115 -1175.34375
v 2224.68262 146.570145 556.101501
v -714.693176 129.399704 138.769653
v 1665.27539 157.18985 -633.188354
v -597.702026 125.694283 478.544983
v 1157.99243 142.795288 76.7895584
v 1960.2959 156.706116 -341.006104
v -152.651855 133.659164 40.2960129
v 710.079407 135.311569 576.044128
v 2096.85962 146.010971 586.52948
v -651.154907 119.451241 1236.28296
v 649.982361 137.077469 269.307678
v 739.554443 134.964645 515.183594
v 401.638611 155.882172 -1157.375
v 1639.89307 149.686539 -29.1404572
v -1397.34631 115.89283 1402.41309
v -577.642761 126.116371 435.136871
v 2127.07349 142.080078 1041.78503
v 1693.54333 171.684113 -1254.22595
v 624.532288 138.434616 269.632812
v -935.799805 144.737091 -1221.41956
v 971.6828 142.139236 -29.098299
v 907.45282 157.934357 -1037.61792
v -965.76062 116.70388 1389.7644
v 1055.27087 130.876236 1268.50696
v -597.922058 121.782715 1205.31482
v 807.415588 138.657501 133.591156
v -1156.04492 134.471832 -412.33905
v 1222.48645 142.305344 179.755432
v -831.978027 117.619202 1388.52588
v 2408.16357 149.769104 344.257599
v 789.657471 137.84465 156.556122
v 1128.54773 144.203125 -67.2325745
v 2289.26587 147.791351 422.701965
v -1160.42212 140.838318 -998.551025
v -324.26059 141.609818 -563.774536
v 2426.2312 166.182678 -712.731934
v 847.988342 136.877441 395.002686
v 1874.12866 148.616074 86.4512939
v -870.965637 147.193069 -1446.26953
v 1127.95325 142.506042 54.5087662
v 1629.81738 157.636505 -668.752441
v 1941.17151 152.439072 -93.8857727
v 1851.62415 144.689087 356.330933
v -905.785095 116.919052 1414.92236
v 1049.53943 135.816696 849.816162
v 1273.47168 136.818481 829.043579
v 1040.26514 142.469238 -24.0734787
v -964.219055 144.534912 -1223.84033
v 2292.17236 162.807098 -706.281616
v 2110.22876 182.341354 -1294.38867
v 1225.23193 143.22551 102.594955
v -124.092949 154.85907 -1361.78223
v 1985.19043 175.768661 -1205.24695
v 1546.65747 142.771759 577.274414
v 2306.40942 143.340073 1045.98401
v 1658.46606 158.683975 -706.325073
v -1072.01917 141.52829 -994.9021
v -1148.30176 113.34063 1321.74023
v 1266.75574 141.388321 278.53421
v -1153.62415 145.279266 -1443.48218
v 2353.30225 147.441269 578.907715
v 2001.20874 156.854721 -708.545776
v 1501.97302 161.071503 -937.309448
v 2057.15234 160.879715 -608.261536
v 789.096069 137.37883 177.452377
v -897.867798 147.350494 -1489.48523
v 1684.47925 143.742172 403.619141
v 1464.34814 159.641541 -890.674866
v 772.804443 136.227646 411.084717
v 984.427185 137.201859 403.139465
v -157.372894 134.236038 -1.80763102
v 1348.14697 141.162262 428.935059
v 2053.36182 149.153397 122.38588
v 2182.31201 155.980011 -153.924133
v -1433.4519 114.328407 1369.33643
v 754.045471 134.311661 642.301392
v -1393.70044 118.54776 949.924866
v -1119.17627 146.207062 -1491.0946
v 2222.73535 145.021301 749.530273
v -126.537453 154.894501 -1365.22705
v -589.980957 128.262192 202.312912
v 2189.01855 144.339325 795.889587
v 2065.55566 142.786728 875.908081
v 882.642212 139.661362 106.146751
v -1042.81995 141.07515 -925.034546
v 410.331329 157.008636 -1210.21643
v 1202.61938 135.413284 1084.01343
v -910.307373 116.700073 1438.41309
v 904.066895 138.436798 301.576813
v -1151.37939 112.805038 1338.2804
v 1966.30347 181.041351 -1317.85217
v 971.60968 137.199219 392.774567
v 1597.21167 139.57991 1067.95898
v -937.242065 116.995903 1364.05945
v 2172.69141 149.259644 171.021362
v 1191.47998 142.354248 149.262924
v 1687.9519 172.414062 -1272.13623
v 2162.52393 142.708755 1021.48486
v -654.507385 134.944855 -238.36792
v 351.121429 156.845596 -1218.8042
v -1160.63489 115.087746 1248.72229
v 2382.58594 146.09375 808.702393
v 405.205139 144.39711 -477.464233
v 888.517029 135.1633 515.876404
v 2071.55396 145.738937 599.230713
v -146.911072 155.272614 -1386.96619
v 2001.68994 147.001846 240.390701
v 2151.0354 147.191574 258.708954
v 2059.21582 148.371902 237.605408
v 1571.48596 144.185074 717.659119
v 406.275848 157.251526 -1224.7749
v 2224.76978 149.880966 121.882744
v 761.399597 137.254761 306.125427
v 2042.9823 148.129761 238.584015
v -809.608643 118.918129 1355.27136
v 1378.16284 141.427078 368.014587
v -1098.50684 141.476013 -1010.97174
v 1266.73499 139.791885 410.940857
v 188.273849 135.288757 0.460052192
v -737.534363 142.873505 -929.896118
v 1474.93945 134.437729 1300.79443
v 2308.14648 144.951553 879.823914
v 1151.39526 142.936584 63.9499588
v 1227.33301 142.477539 168.710571
v 1098.29541 137.035248 782.711182
v -851.084595 117.321869 1397.84277
v 197.658371 122.771759 1411.17542
v 1090.61755 157.712326 -971.299744
v 945.491333 144.952576 -429.686737
v 1091.677 141.284332 171.524078
v 2069.03369 142.372818 934.018494
v -933.815796 144.804993 -1227.27454
v 842.737671 137.809708 713.606384
v 2234.3125 142.856918 1058.37671
v 1776.7865 142.991119 649.053101
v 1150.43481 142.752884 69.4194107
v -833.707764 145.848419 -1286.1665
v 1405.52112 140.98967 475.062012
v 2033.85718 143.088425 780.694336
v 1479.08276 140.162735 749.164612
v 2152.98096 162.322845 -861.228149
v -777.080811 118.972282 1251.68738
v -782.327148 135.736694 -430.913025
v 1228.12964 134.741394 1115.93677
v 853.903564 130.296204 1440.37769
v 1961.47705 140.330002 1179.84485
v 1161.32178 140.809326 257.262024
v 89.2627258 130.322922 -20.8058586
v 2227.04199 160.785446 -735.157654
v -1115.14551 140.946625 -984.294861
v 1822.92725 154.689865 -528.884949
v 688.663452 135.538406 466.59613
v 2462.38525 196.001984 -1331.93433
v 1906.54016 183.796982 -1406.7688
v 2261.00049 146.499054 655.411865
v -1073.07166 142.807571 -1128.66199
v 1227.02576 141.766052 225.853622
v 652.551697 136.082458 451.506836
v 2214.7688 142.299393 1101.32092
v -1032.88574 125.351982 298.572449
v 2169.94092 159.820557 -361.78894
v 1676.40527 172.560867 -1294.79321
v 2218.3208 147.166962 388.6633
v 1164.08728 139.58934 401.773315
v 1261.54932 135.811111 989.246826
v 2255.08667 163.80011 -593.488281
v 2377.43018 147.94574 480.021912
v 1784.68896 137.50708 1278.47131
v 2468.49927 150.976685 -5.87756681
v 1981.2489 138.652344 1347.00781
v 2325.56689 144.685867 940.937988
v 2218.99951 161.292068 -433.901489
v 1395.30066 141.267059 443.993134
v 771.602356 128.863052 1415.04053
v 883.953308 138.317703 270.887573
v 2496.87793 149.337494 552.31366
v 491.147614 131.482651 916.315002
v 1398.34705 138.503647 891.536377
v 704.142212 144.582047 -528.525391
v 1022.60474 131.187378 1202.9895
v 1085.66675 158.359589 -998.052307
v -845.701965 127.106499 305.588928
v 882.190857 128.449707 1395.22791
v 1636.23584 150.373459 -73.3097382
v 2352.83569 150.838013 18.2032433
v 2257.60718 141.183243 1310.00085
v 993.638 128.088715 1076.82288
v 1973.0553 140.777771 1175.69434
v 2065.19189 158.915527 -670.971558
v -544.03302 129.551193 122.834579
v -1242.54187 142.56868 -1269.04761
v 592.245117 144.560455 -550.382019
v 256.61441 129.883545 552.78772
v -753.458496 127.731323 244.392349
v 1250.28662 147.504974 -190.391357
v 1973.12488 158.889145 -523.454834
v -1026.68347 141.415497 -936.10022
v -1029.77283 140.914124 -897.603943
v 1027.3125 141.813843 10.8208618
v 883.130127 132.794495 806.470947
v 1216.67712 143.069565 106.554359
v 204.612854 124.420052 1449.79114
v 902.368958 134.674774 554.179443
v 914.560913 135.863434 476.020447
v 1655.1084 171.110031 -1279.33765
v -777.756836 140.869568 -749.637024
v 2002.50842 176.638931 -1218.81372
v 320.599121 145.216095 -654.92981
v -1203.57825 114.831017 1298.46606
v 2407.02393 150.608475 104.847931
v 1353.58154 137.267334 865.600708
v 2228.55005 146.200104 688.848389
v -720.941528 119.742561 1198.62329
v -451.170563 120.986702 1053.18188
v 1666.33911 152.058868 -313.316925
v 2060.93018 159.58992 -654.694702
v 1187.98352 141.395218 220.965958
v 2348.75464 147.200867 650.790283
v 2160.61621 142.873627 993.961731
v 1361.36694 137.108932 843.161255
v -1205.30615 142.412857 -1191.06946
v -1101.21167 115.941971 1206.1449
v 1284.755 140.78302 348.834686
v 2418.54639 153.530701 -146.316879
v 2107.67847 140.965942 1139.2052
v 756.038696 136.108246 407.023407
v 2278.33179 191.274582 -1345.45886
v 1880.80322 156.998566 -477.547699
v 929.39624 138.182953 318.885437
v -122.87352 156.50528 -1440.64929
v 972.915344 134.384308 908.799988
v -215.782288 154.420563 -1387.1554
v 1139.10815 141.695938 142.238083
v 2471.21484 182.789276 -1132.5564
v 1795.59875 171.46637 -1165.0835
v 1320.24451 140.351654 468.192017
v 2223.8269 161.540039 -448.460052
v 2253.02393 146.59494 560.185974
v 2246.03394 163.292847 -563.453857
v -1054.65356 141.442413 -973.973511
v -1060.83716 141.318665 -970.964722
v 1480.91699 139.32518 582.966431
v 816.878418 137.862701 283.9198
v 923.468506 131.699142 1143.00928
v -210.667633 146.442047 -572.675415
v 1224.37903 167.000244 -1365.01538
v 1337.93689 132.875534 1369.52051
v -685.230103 148.858017 -1251.02222
v 2342.74951 144.209946 975.102417
v -342.695068 144.124283 -587.040833
v 2198.42041 142.87027 1039.09045
v 991.466064 135.868958 787.519836
v 89.0070953 151.724411 -1110.09692
v 833.920837 136.762024 391.956909
v 1216.88013 137.207077 665.057312
v 89.9029083 135.75528 -76.0055237
v 1305.94995 140.218658 409.088806
v -694.072449 120.311104 1210.75793
v 2345.10132 148.502045 355.50293
v 1627.59985 148.721085 -37.2659492
v 2346.33032 150.371841 197.56778
v 2217.85229 180.316422 -1113.99927
v 746.852478 133.751068 785.662781
v 808.028564 138.507309 123.31572
v -651.602844 127.531395 252.500473
v 1912.42407 177.360535 -1267.27783
v -1229.01416 114.338707 1321.49194
v 1145.46411 140.690796 247.678955
v 1199.78125 135.420212 973.045898
v -659.285095 130.412903 34.4924393
v 2256.52979 146.583405 550.511292
v 1479.44812 138.535492 912.954529
v 2471.55566 151.3797 -94.7033081
v 1004.36108 165.544601 -1410.47168
v 2399.36646 140.381897 1395.66382
v 901.640076 131.8685 896.867554
v 2229.2915 162.026077 -477.30542
v 1340.07812 141.097672 366.863525
v 2420.55957 152.501129 -127.227768
v -1122.02441 146.378418 -1508.02783
v -1140.47534 142.516037 -1181.03357
v 2219.38184 142.758667 1063.6272
v -212.536987 145.294342 -593.599304
v -660.955322 128.009598 219.287491
v 752.669556 137.806152 262.211273
v 2158.43359 140.052994 1379.1134
v -901.221069 144.322327 -738.834839
v 835.41095 131.38707 857.846619
v 1213.42383 132.353973 1234.79346
v 1567.69849 146.243408 196.728836
v 1341.65576 134.693695 1124.1759
v 1907.40833 138.657669 1434.26868
v -318.919189 123.85862 804.550354
v 1323.65466 141.485352 324.542572
v 865.722168 131.532181 858.702759
v 1091.91919 145.171707 -135.492615
v 1846.33911 150.090118 -7.97267151
v 140.682755 152.740189 -1160.47815
v 2406.49609 189.904709 -1236.7002
v -1145.06006 142.768066 -1216.62671
v 2010.82153 145.126694 581.696533
v 1252.5719 135.75766 855.460266
v -1275.37573 144.239777 -1397.00049
v -645.80481 144.511383 -1015.59692
v 1217.70691 141.978714 201.339508
v 1161.6687 139.022736 436.034607
v 1348.29004 136.295486 1063.47437
v -771.031311 125.228699 408.222473
v -538.158508 148.288269 -1187.77319
v 1858.89551 143.842392 574.641907
v 2523.57373 167.460693 -746.254822
v -905.543579 145.777649 -1327.23523
v 591.691711 127.372887 1286.52661
v 1126.2511 141.325958 184.71048
v -946.430115 144.74054 -1220.27173
v 2477.26562 187.914032 -1186.50269
v 1221.38062 133.910416 1143.10156
v 1846.69922 142.028366 727.992004
v 1159.34717 134.751495 1033.16931
v 1900.07031 137.601379 1371.73071
v 393.351807 129.122162 852.509827
v 1225.66577 133.993027 1139.22681
v 1345.42908 153.401627 -589.818176
v 688.790771 144.470428 -528.450684
v 913.584839 133.592773 808.749634
v 592.475708 144.498581 -533.743896
v 1009.86951 131.212677 1190.61353
v 1263.30688 141.227692 293.120514
v 1405.61108 138.756744 815.41571
v -1124.39441 143.183655 -1241.84888
v 1434.09692 151.111511 -149.251724
v 927.736023 127.100296 1110.58337
v 2211.85693 146.172882 689.322327
v 1691.51978 139.854324 1034.16187
v 943.900452 138.265228 313.994263
v -1100.57935 119.894157 849.064087
v 1908.08545 157.57576 -480.157959
v 129.074951 134.686707 -84.1259384
v 1127.66309 141.043488 207.469803
v 2419.40601 148.430344 589.021057
v 1106.92273 141.509186 165.710785
v 1344.50403 136.722702 854.552002
v 1687.28027 145.624695 177.334717
v 785.835449 130.355698 928.935608
v 1650.26831 149.30954 -59.7914581
v -193.51474 154.695251 -1402.94897
v -528.319702 147.713715 -1180.4939
v -333.919098 141.489334 -564.704102
v -1001.84253 144.492142 -1302.01587
v 1386.36816 137.417358 961.382446
v -29.3084431 156.526321 -1456.92993
v -240.672241 145.379257 -568.958496
v 1886.10876 154.974319 -614.602051
v 1466.97168 140.040527 787.482178
v -987.55481 142.09761 -829.930969
v 1288.25122 136.34668 913.186462
v 2404.99658 148.127411 563.105286
v 442.780609 129.545288 876.947876
v 1098.1366 162.77739 -1309.22766
v -628.483215 156.783829 -1511.44666
v -342.005981 143.087189 -580.21344
v 1436.18164 142.675064 370.52182
v 1872.3457 156.14241 -664.570007
v -778.704712 128.919113 122.580208
v 2415.99609 151.992279 162.217972
v 2175.27563 162.075409 -527.228638
v 2212.05615 160.530685 -736.773987
v 1943.47473 177.446075 -1247.06104
v -1413.41724 138.65799 -805.006104
v 1383.64673 138.179398 906.156494
v -165.066528 128.438156 1031.70471
v 2352.85425 156.617706 -264.393494
v 1737.36414 141.543411 779.221191
v 724.986145 154.202423 -1051.69678
v -902.903809 145.777374 -1314.73425
v 1346.46448 136.900543 860.839966
v -1.93552101 155.448608 -1427.81348
v 1352.43494 134.89566 1092.19946
v 2313.54102 147.937225 429.519501
v 2406.43555 144.064758 1019.18982
v 963.683838 140.051056 106.767883
v 1749.22388 142.797806 695.251282
v 90.7811661 128.93457 16.4307404
v -33.4778252 153.739151 -1299.22498
v 1933.42969 156.454651 -355.448395
v -962.06604 145.602966 -1378.94836
v 193.426865 128.485992 594.58728
v 1189.25696 147.057388 -203.326736
v 1288.13672 136.235443 963.738892
v -1228.99329 144.328613 -1394.96948
v -1214.94678 145.131683 -1443.13269
v 846.99231 136.922455 709.991089
v 1896.04517 154.229645 -191.558197
v 849.7453 130.624985 935.058777
v -1079.44788 142.789856 -1108.53503
v 207.424622 135.262192 1.33883858
v 1614.47607 170.033173 -1273.85388
v 776.608887 138.406815 150.687897
v 977.268494 132.47142 1118.57581
v 2221.50854 162.786819 -548.435669
v -930.29834 145.734955 -1363.43201
v 2018.27905 153.388351 -74.000206
v 2408.979 143.79335 1044.77844
v -956.874512 144.609924 -1218.49683
v 1815.02258 155.210327 -604.438354
v -999.432373 143.42157 -719.404114
v 1475.61987 174.410217 -1415.68591
v -223.577728 145.652954 -592.928894
v -1130.43091 145.742371 -1450.9812
v -1347.25635 140.2659 -1005.48254
v 2329.36108 148.143738 398.316803
v -1234.19019 142.619141 -1264.14319
v -1032.3689 145.696472 -1395.52454
v 84.5265732 130.196228 31.4794655
v 2339.30713 190.346497 -1274.63086
v -821.079224 146.634537 -1312.84033
v 513.263428 133.683685 620.110291
v 743.18811 137.660538 268.785583
v -1243.69836 143.233353 -1322.25854
v 727.597412 137.499023 168.446396
v 1160.54236 134.85144 1002.80389
v -520.557678 141.807373 -645.618164
v 1465.75049 138.64682 909.044922
v -816.764648 146.370209 -1288.54602
v -1026.5166 145.746521 -1392.24329
v 2187.62769 162.596115 -698.206787
v 2033.37256 157.822556 -352.88205
v 597.582031 153.423843 -1035.49634
v 1067.66943 132.343246 1088.16235
v 2401.01196 156.815445 -306.587891
v 2371.44189 150.148376 229.246918
v -783.109985 125.13475 413.727905
v 2233.25244 139.208023 1419.88428
v 2410.6543 150.031784 84.3103867
v 2254.62402 162.575958 -491.813019
v 592.173462 127.523476 1327.78369
v -1305.03979 142.432846 -1275.93994
v -829.60376 145.708435 -1272.84924
v 1156.10571 134.667664 1032.04785
v 2097.26538 159.135162 -376.794434
v 2358.51294 146.261292 764.526428
v 748.162109 137.263611 177.306213
v 2157.19873 143.72847 858.991455
v 2468.42896 150.807068 18.3931885
v 1900.54468 137.856812 1414.19299
v 756.459045 137.246979 303.885315
v 2517.76001 144.279327 1001.98364
v -641.384644 155.700424 -1486.46802
v 1881.82031 154.714478 -271.257446
v 1972.29089 157.54335 -735.441406
v 2399.9292 139.742722 1439.70032
v 1001.51038 138.50351 329.562988
v 2311.56152 162.497284 -746.805298
v 929.149841 134.597916 779.828369
v 1027.67444 135.528152 785.658691
v -718.589844 133.582062 -203.424423
v -1281.13025 143.592682 -1352.24548
v 906.655884 138.572968 290.344604
v 798.25 138.42041 113.909485
v 1555.49707 150.523117 -215.066711
v 1072.46484 132.224716 1056.46265
v -453.617157 143.156509 -783.953003
v -395.699982 140.40358 -563.820679
v 1851.02539 154.93782 -565.645447
v -205.794815 143.764572 -612.250671
v 2438.14502 199.056 -1443.15576
v 1893.40088 144.3116 522.398438
v 2402.1582 164.548523 -746.592773
v 2472.3147 150.878265 12.9962711
v -991.57959 144.000397 -1210.60474
v -1220.57178 143.258255 -1327.5553
v 1502.91687 140.804398 736.575623
v 1342.49817 136.837585 965.657471
v 2445.60083 150.591568 -57.6386642
v 1033.51917 147.457169 -308.751465
v 975.501587 135.741257 781.340576
v 158.754791 128.072479 629.234436
v 850.782166 138.074707 284.531525
v 2398.95044 162.684387 -477.953674
v -1402.37939 119.620956 775.936157
v 1461.25854 139.071106 886.452148
v 973.893921 130.305176 1452.90381
v 658.344971 126.793022 1393.15344
v -697.179016 129.635498 48.5946541
v -495.270447 141.162201 -582.334839
v 101.403 130.165848 506.761414
v -698.879395 120.105553 1193.94238
v 1961.62329 178.382645 -1258.91541
v 2168.57861 162.824677 -858.605225
v 1793.15186 143.779785 548.76178
v -904.484375 145.823242 -1384.11011
v -143.867279 157.290955 -1490.87683
v -364.802368 151.429672 -1229.17688
v 1638.1106 149.453079 -40.9547348
v -650.0177 127.986084 221.367081
v 2223.16089 161.802383 -720.646667
v 985.622253 129.750778 1331.00488
v 848.079102 130.364883 968.538391
v 1154.15723 144.430023 -64.1659622
v 2173.04736 162.242508 -551.109375
v 1927.72119 177.565079 -1253.73267
v 217.352951 154.367859 -1170.62317
v -213.91629 154.171692 -1374.32056
v 1727.37854 157.621689 -647.168945
v -433.31662 143.787033 -822.088013
v 2318.03369 148.504044 272.943878
v 1660.31995 144.388306 432.335052
v 315.707214 135.152679 -185.978317
v 1820.40759 159.19989 -690.778992
v -496.05777 141.584198 -617.598938
v -720.744934 129.369278 126.59552
v -719.734253 137.240753 -591.279175
v 1134.8446 144.355469 -76.2828979
v 1644.35913 150.893143 -77.8295212
v 1301.16199 160.100357 -1039.98438
v 875.773621 139.195709 109.51638
v 1434.01587 155.391083 -703.488647
v 86.4087524 126.428596 721.483032
v 2411.17578 144.391052 987.687744
v 1062.07568 135.610367 844.026489
v 1560.20312 180.229416 -1500.98584
v 2345.58398 143.821869 1024.50537
v 1344.83594 144.709396 110.78035
v 2340.73071 187.213272 -1204.25562
v 723.426514 158.177063 -1271.85901
v 977.511475 138.891785 291.584015
v -502.122986 141.35968 -609.087463
v 787.020752 137.562073 295.734955
v 788.086365 130.707062 899.785522
v 1845.1709 156.126144 -648.954468
v 2099.3335 177.369949 -1219.56104
v 2384.05908 143.407852 1097.27148
v 966.758301 145.134766 -431.598907
v -959.383545 128.954727 -19.3756981
v -94.8350983 156.424728 -1428.54211
v 1446.7478 141.241302 535.843018
v -27.2773037 155.750732 -1433.9082
v 683.701843 136.131653 180.09436
v -1080.15039 147.212051 -1465.19971
v 2463.21094 150.942734 -23.5526276
v 152.507309 128.467484 590.068542
v -297.41272 141.899414 -549.616943
v -240.819885 152.967377 -1292.86719
v 936.720337 136.923706 412.219421
v 1440.45752 145.185913 127.281494
v 845.060669 130.249741 980.837402
v 2408.66724 152.059128 -119.038147
v 2500.21021 151.374542 -97.3061981
v 1843.95068 156.533371 -664.737671
v 1964.56787 156.595047 -326.246124
v 805.614258 128.393356 1420.66248
v 722.932373 136.986786 307.22287
v 2403.08789 142.574646 1137.65771
v 1932.05835 178.178711 -1269.51685
v -141.676407 157.629166 -1505.23865
v -1022.98157 144.134445 -1297.07068
v 1844.27051 177.180267 -1314.89319
v 1750.52905 151.962234 -90.6763611
v 562.497559 130.537842 827.832397
v 2440.23462 152.131073 -125.892815
v -134.348434 156.802612 -1460.90674
v 1507.26343 150.235474 -326.354065
v 2322.38379 163.580231 -523.937195
v -842.597046 144.74826 -1166.7262
v 1753.96851 171.88739 -1228.86108
v 593.51416 157.564835 -1265.54321
v -437.082916 120.954033 1044.77026
v 2412.87598 140.644424 1423.34253
v -819.020203 131.490372 -56.4145203
v 186.045593 153.422699 -1075.43225
v 748.18573 134.145401 761.45874
v 973.445374 164.521362 -1409.4856
v 1973.88562 156.913193 -340.246338
v 2378.28711 143.583328 1080.82886
v 1938.7865 178.75267 -1278.16028
v 1349.26465 136.792831 976.845459
v 998.473145 138.780487 295.961609
v -964.845398 145.217621 -1329.06396
v 711.35791 136.762955 320.292999
v 2351.82959 149.848602 71.0090637
v -162.519089 155.119431 -1392.31848
v 779.536255 137.615356 284.188507
v 1890.58655 156.500122 -679.036804
v -1083.21802 120.711418 771.203552
v 276.696045 127.711853 875.042725
v -1288.33289 144.2659 -1394.12769
v 907.950195 136.688873 424.835938
v 780.582397 154.017929 -927.306946
v -143.962158 156.433029 -1450.03906
v 162.742767 128.034332 642.921631
v 1405.18713 137.5616 958.255859
v 2353.10596 143.272064 1103.62512
v 1654.32202 149.932785 -67.4741974
v 939.146545 135.178299 789.520264
v 2222.19604 144.868378 761.856689
v -1080.04126 148.389175 -1502.31787
v 387.654846 129.360046 852.525513
v 1470.05566 150.836151 -152.60556
v 465.683105 128.405197 895.882568
v -1284.7793 142.441635 -1281.49097
v 1406.43396 137.892593 947.176453
v 763.001099 137.33963 300.07077
v 353.757141 145.083023 -638.927002
v -1281.62439 141.758209 -1209.57397
v 369.823669 139.795975 -121.660461
v 795.573364 137.888672 256.443481
v 2400.35718 140.68042 1454.14478
v -1224.38354 144.895676 -1427.42517
v 1904.29126 176.072601 -1231.75439
v 969.407959 138.363434 318.966156
v 2043.62756 158.021057 -351.960632
v 2310.80078 149.009186 181.332748
v -846.477417 145.691895 -1290.93103
v -628.650452 136.686127 -389.218903
v -664.924255 154.876251 -1462.82312
v -1220.11133 143.079239 -1306.04517
v -1052.29541 145.266983 -1363.66443
v 781.48938 130.996796 878.010437
v -1250.15991 142.441101 -1247.33618
v -920.304321 145.781372 -1382.37378
v 1633.19727 148.811707 -53.0966034
v -908.880554 142.689224 -746.234863
v -1340.7489 142.562195 -1270.84717
v -943.984436 145.659454 -1366.70178
v 723.431824 144.71167 -527.766541
v 1619.50403 171.110123 -1302.57056
v -1060.28528 148.867157 -1494.47754
v -993.386475 145.387115 -1356.61829
v 1841.48145 147.789246 111.521057
v 1781.0625 173.68309 -1265.55994
v 1734.53259 173.722443 -1276.58264
v -641.24408 130.825699 34.6442108
v 973.423828 133.542358 970.922913
v -1183.9408 114.268318 1446.96777
v 73.1406097 135.786041 -82.385437
v 2284.76562 189.571259 -1327.75928
v -640.297974 155.745422 -1475.27588
v 1015.89856 159.78775 -1076.01807
v 352.872803 130.141205 759.341309
v 18.6789131 124.184074 1186.67627
v -1212.85132 143.571991 -1347.63428
v 1103.38525 157.326111 -954.703003
v 1658.28394 144.2509 436.965088
v 1920.08154 177.220764 -1249.09558
v 559.658447 144.410629 -512.373657
v 1625.74353 143.028244 416.345886
v 1348.4021 151.32579 -189.302582
v 229.373108 127.687294 785.294678
v 1585.76453 150.908279 -247.126312
v 1947.3457 156.414047 -335.22522
v -177.924118 146.233917 -584.874939
v -1036.92712 144.118454 -1295.29797
v -740.903442 127.318146 267.747528
v -780.460693 127.491241 276.940735
v 904.96582 132.309601 845.682983
v -1036.36133 142.234985 -828.444641
v 1601.74854 151.118088 -242.133133
v 2126.3916 159.831924 -403.490021
v 720.026001 144.520752 -510.585388
v -1076.78748 148.511948 -1483.16455
v -1257.23816 145.979095 -1495.38013
v -705.533813 128.03746 210.510117
v 2099.42896 159.03717 -366.939056
v 2365.65942 139.316772 1462.68384
v -492.649414 141.801117 -629.096436
v -410.194763 150.108948 -1187.68311
v -1280.71875 143.754822 -1362.87451
v 1664.34619 151.553955 -259.795654
v 970.147766 145.10791 -413.902161
v 1838.51501 142.771332 706.178589
v 516.652832 133.894623 606.06073
v 943.643799 133.838593 881.680664
v 556.692871 144.442902 -536.994385
v -1162.64868 144.898682 -1408.26709
v 933.379456 134.931335 808.173706
v 1219.01953 154.581116 -359.503204
v 856.314758 131.467148 859.401917
v 1693.55688 173.34787 -1289.82349
v 971.352783 133.708191 939.860718
v -1226.96997 142.77951 -1279.46301
v 906.372681 133.88382 788.384827
v 1384.47021 156.922394 -801.411865
v 871.873779 131.877182 838.862549
v -1090.67798 147.087418 -1461.33801
v 1767.87659 173.043762 -1249.21899
v 1682.61389 144.305481 430.510071
v 2094.78931 160.130569 -453.68396
v -1277.24805 141.716278 -1202.40295
v -655.608765 127.476128 265.8479
v 1108.37207 157.169403 -947.977234
v -539.943604 147.560974 -1164.27283
v 2284.55908 141.541016 1294.78882
v -104.328171 155.137909 -1376.73633
v 970.46051 134.639252 896.562256
v 2304.89136 145.216415 862.148682
v 1962.44702 159.04631 -774.666931
v 1281.3468 157.260651 -858.516724
v 1607.59241 150.690399 -187.395874
v -1166.69482 144.692551 -1393.18958
v 1060.57056 146.346863 -380.658722
v 2101.58765 160.454453 -468.387115
v 58.7354813 127.568901 51.6509094
v -209.49324 153.358551 -1326.35669
v 2371.17529 149.594727 76.1948547
v 594.871094 144.658798 -335.640808
v -1278.68347 132.084442 -409.887329
v -433.034271 143.875702 -828.53656
v 165.143799 153.077255 -1099.94043
v -1090.375 147.965622 -1472.57129
v -647.385437 127.63073 238.984772
v 1043.65393 145.133148 -391.317322
v 2098.75635 159.860016 -435.228638
v 428.020416 130.470444 980.599426
v -650.24176 155.862686 -1468.12402
v -1274.94141 141.910126 -1221.10083
v 1536.61768 150.142822 -241.895477
v -850.464233 144.433319 -1148.09229
v 877.914917 139.066177 84.6518021
v 380.738403 144.903381 -584.204102
v 2350.33423 154.089966 -167.428131
v 598.509155 127.70533 1293.49121
v -529.034363 148.303925 -1197.36926
v -1247.81006 142.320374 -1224.4165
v 2047.59302 158.818497 -408.68161
v -706.027954 152.059494 -1449.16797
v -463.09729 142.533539 -732.458984
v 1308.7312 139.568176 527.743103
v -456.484039 142.523041 -720.769409
v 1222.24109 154.349747 -359.446106
v 2383.33789 139.480576 1444.30493
v 401.09549 133.930084 307.749695
v -335.313599 149.634521 -1131.68225
v 2137.01025 160.248581 -426.538513
v 1308.11804 161.637024 -1106.42407
v 1654.10852 172.28183 -1319.43994
v 1546.20435 150.782776 -184.837387
v 1697.7677 172.878815 -1274.11072
v -774.954285 126.879524 307.803101
v -558.153076 120.4254 1077.1864
v -145.191864 155.953583 -1426.69971
v 2334.72949 149.077225 105.811485
v -186.037537 154.212616 -1359.12622
v -944.075684 128.923019 -11.2505684
v 970.475952 140.316589 93.3029099
v 159.577957 137.227295 -151.944138
v 1649.38599 146.460999 103.597305
v -528.594543 141.761124 -646.391235
v 2476.44653 141.162384 1440.04382
v -91.8942719 157.623901 -1468.47144
v -1056.88574 125.325851 282.298981
v -3.96939993 155.702881 -1437.3457
v 696.501831 144.637787 -544.15564
v 1588.01208 143.058258 430.677002
v -657.639587 155.544159 -1486.9137
v 791.223022 130.295044 1253.00049
v 1834.50439 143.184067 691.397217
v -713.948242 152.004181 -1450.81848
v -220.118042 144.949081 -559.3349
v -823.668457 146.496078 -805.496643
v -470.779541 120.852097 1271.97961
v -937.093872 144.873413 -700.397339
v -803.937927 131.65094 -83.2039185
v -944.03064 143.634598 -728.948059
v 523.251343 133.962769 587.922607
v -884.177246 144.613907 -1180.16968
v 607.945435 144.559631 -549.764648
v 1064.42725 157.377365 -958.256897
v 1308.12256 157.848877 -870.084351
v -468.365204 142.427536 -720.836243
v 2343.43213 151.477737 9.03425407
v 469.894409 127.84417 961.595032
v -560.055786 141.067261 -638.623718
v 998.277466 145.073334 -397.933136
v 1175.23499 131.778122 1299.84509
v 511.287659 130.736298 865.983459
v 2097.88965 160.548599 -482.644897
v 572.601074 127.445374 1327.26013
v 2146.56665 160.539154 -436.807251
v -457.512268 121.015366 1042.979
v -1063.63147 121.146477 746.73999
v -1155.38354 116.691811 1105.625
v -900.394714 141.813904 -603.885376
v -667.772522 129.413269 150.263992
v 2353.65308 145.633179 788.056213
v -1034.82617 143.037567 -1161.57361
v 2359.86108 149.350113 87.4625015
v 640.27533 131.060272 809.69574
v 1711.01208 143.290115 481.440125
v -1330.05005 132.560059 -332.246552
v -759.772827 126.541161 324.34729
v 1910.62073 157.712524 -493.604095
v -698.218445 130.469666 24.70924
v 1722.18164 143.221039 485.110901
v 601.23999 127.599632 1325.69324
v 1479.88025 150.255859 -138.639221
v -311.035889 152.700287 -1280.91406
v 2499.94531 168.235535 -710.69281
v -699.98114 152.096024 -1454.6499
v -742.21991 127.563553 250.443695
v 1473.95007 150.896286 -147.966873
v -905.090393 119.212387 960.326172
v -283.321014 144.409134 -700.131836
v -656.910767 130.40889 59.1530266
v -804.522827 127.891823 242.69754
v -495.298431 141.175873 -589.423706
v 1660.42651 143.878799 453.279297
v 526.870911 127.642998 1225.29529
v -656.498291 137.018311 -468.625031
v -709.208801 141.9935 -804.853943
v -652.480896 130.529495 23.006382
v -734.440125 127.579643 241.192459
v 503.017822 130.922287 840.960449
v 87.7524796 132.717331 152.944122
v -430.028168 143.428574 -795.989258
v 352.974213 129.93602 883.048889
v 664.441101 144.339493 -517.158936
v 2151.27637 143.791458 849.48291
v 597.984863 144.445374 -520.550232
v 1361.51306 157.079163 -812.78772
v -843.472168 144.599945 -1156.12427
v -240.082947 155.197601 -1424.8512
v -223.919678 153.59726 -1346.26782
v -403.161591 148.4935 -1092.87622
v -522.207214 128.770096 207.463959
v -152.31073 154.801483 -1367.38184
v 477.709656 128.810715 883.49646
v 1846.41724 148.297745 88.3409576
v 1220.25269 132.213074 1320.8855
v 1525.47119 150.245438 -264.01593
v -147.586258 155.784637 -1418.57397
v -621.526367 144.39006 -916.980103
v -745.680176 129.906708 85.4153519
v -154.051743 156.324051 -1456.53687
v 973.972107 164.277267 -1398.90088
v 1157.57324 149.356415 -312.917419
v -194.7939 156.060699 -1468.99377
v -750.004944 128.779785 179.89798
v 308.569885 128.915482 778.628296
v -156.429382 155.750931 -1422.93567
v -928.529907 142.441788 -745.489075
v -157.51265 152.317978 -1262.47278
v -1342.14453 119.522224 777.018188
v -257.225037 144.24501 -569.672729
v 1530.85205 156.810608 -697.223633
v 220.287476 129.164551 584.278442
v 2502.76562 168.284485 -710.642944
v -151.103088 145.446228 -641.535522
v 2168.45557 143.624054 865.342224
v 1445.13477 158.168137 -831.571167
v -688.437378 129.465958 139.563049
v 1305.78101 158.017883 -882.709534
v -909.183777 119.724442 947.821838
v 1015.22809 157.97818 -987.071777
v -532.053589 120.16507 1077.77441
v 1062.47632 141.775894 30.5661049
v -88.6285706 155.991135 -1411.49915
v 1173.55847 131.729462 1305.34802
v -652.341187 130.216064 113.591446
v -877.857056 138.495087 -553.04248
v 1237.44067 131.814499 1389.71411
v -185.647034 154.151062 -1350.69128
v 518.911133 133.929993 606.457031
v -415.876068 150.303864 -1205.96643
v 1225.89624 153.785507 -339.851379
v -147.836823 155.693436 -1412.37537
v 1189.39233 131.318085 1368.76697
v 508.558716 127.532906 1219.4519
v 608.4729 127.332268 1400.74805
v 1202.55835 154.807465 -352.460419
v -339.560364 151.910324 -1243.56812
v -710.879395 127.70723 222.910889
v 1417.20508 158.445694 -856.329102
v 189.521454 129.290482 561.725342
v -219.9814 146.301041 -579.502014
v 1566.12061 138.801941 1067.12695
v -710.374207 138.122772 -572.954346
v 1181.51123 131.904343 1289.08826
v 1644.9071 144.010101 457.324402
v -459.159912 148.572418 -1218.56494
v 336.013641 129.625092 890.425049
v 1667.3175 144.12468 399.696655
v -132.386139 158.03064 -1516.11523
v 477.125214 129.061829 917.525391
v -181.651062 154.644836 -1392.05701
v 1631.04712 144.007538 459.205017
v -211.739166 153.803436 -1356.51062
v -42.5863571 156.528366 -1445.03455
v 370.524597 145.033569 -593.960205
v -702.157532 142.221481 -820.718872
v -344.572388 151.599091 -1225.69031
v 2456.823 141.230042 1437.49927
v 347.600952 130.409485 851.082397
v -161.609283 154.449387 -1354.53271
v 660.053101 154.603821 -1061.70911
v -284.121246 153.150101 -1300.16284
v 1289.87317 166.02121 -1278.21289
v 1388.92773 157.268341 -816.432678
v -165.290146 144.0439 -601.807861
v -206.481262 155.41716 -1439.94348
v -551.834351 127.667534 332.494781
v -288.702332 152.684952 -1276.6864
v -944.723022 144.196228 -707.834717
v -845.787231 127.301537 289.028381
v -186.056122 154.350616 -1373.29517
v 377.959351 144.988525 -616.478516
v 1219.45227 131.833099 1361.51978
v -437.216278 149.380249 -1167.96619
v -208.313721 153.674637 -1344.03943
v -269.086487 150.971207 -1187.40161
v -185.336746 156.231369 -1474.32703
v 1668.16028 144.518173 419.571716
v -191.812469 144.56604 -595.96106
v -1209.3335 146.054413 -1508.71497
v 662.774902 127.204079 1355.1438
v 620.448669 127.174019 1400.11633
v -750.77417 127.040886 300.390259
v -738.241882 127.233345 278.61145
v -707.72583 129.423187 109.016426
v -407.061523 147.963455 -1065.51807
v 345.943512 145.049866 -659.835876
v 1226.96338 163.441788 -1198.74976
v -773.018311 127.008507 301.575317
v -1027.28442 142.897598 -818.542969
v -143.259186 157.239212 -1487.93774
v -332.674072 151.85173 -1235.66162
v 1739.72021 162.680969 -898.026123
v 2474.6377 141.173553 1426.16699
v 1265.79248 146.359314 -74.2905731
v 299.29483 145.113113 -663.947693
v -222.937714 154.331909 -1382.60815
v -553.880615 145.188156 -973.317139
v 1475.18909 150.674652 -398.48584
v -727.774231 128.366592 193.826035
v -596.344177 128.117798 249.205872
v -566.802795 121.374695 1128.33728
v -907.465576 139.240463 -587.224182
v 1761.74817 163.150696 -882.043396
v 131.356644 127.439949 651.619263
v -241.022217 150.172974 -1169.43799
v 1680.5354 144.20401 416.790314
v -1224.6228 146.209427 -1475.78418
v 1595.5979 143.884216 489.25415
v 1735.13269 165.140045 -993.266174
v 630.265137 135.473068 196.703232
v -820.258179 126.940681 321.176758
v 439.062073 137.33783 22.3141613
v 981.092712 145.657822 -253.118652
v 1384.29053 138.613861 645.807312
v 1516.78516 150.642059 -359.188721
v 608.238525 128.366547 1348.29468
v 600.142517 153.344452 -1000.8255
v -1030.16724 142.882751 -815.073669
v 349.195557 145.1241 -624.093628
v 312.034393 145.081268 -674.347412
v -999.616638 142.415222 -820.59137
v -729.45813 127.553764 239.00061
v 1195.04907 131.225174 1422.3573
v -713.023743 130.072586 47.8992882
v -776.41626 127.137535 294.325043
v 55.5509186 156.030121 -1334.38464
v -715.819702 129.160934 157.518982
v 163.01236 152.820679 -1067.83667
v 662.188477 126.807426 1393.87976
v 582.865601 151.89267 -921.351196
v -714.775208 136.719864 -586.013855
v 1182.01831 131.809143 1305.4176
v 155.22522 127.685097 706.893738
v 611.1297 128.180405 1312.05115
v 666.204529 126.893562 1391.12219
v 169.856537 153.249954 -1082.12451
v 1525.11279 150.157272 -326.36264
v 475.128204 133.029846 728.281189
v 164.776398 128.152527 639.733093
v 2349.2981 150.563248 -22.9994926
v 1473.94934 161.786407 -977.436401
v 965.637024 165.757996 -1480.31714
v -22.4858284 155.457016 -1319.48865
v 595.242981 127.686462 1345.07275
v 1158.41943 131.026016 1399.96863
v 727.767944 154.102722 -1040.48682
v 780.917725 130.084244 1318.87488
v 192.0112 128.835587 570.446228
v -497.58786 146.691437 -1031.31689
v 2510.7915 141.004745 1402.77686
v 1970.76562 144.397568 494.539246
v -799.426392 126.753975 330.462708
v -654.108276 129.9086 129.521027
v 1717.29077 164.289917 -970.263794
v 606.530029 128.282089 1297.8634
v 217.752197 129.119415 600.309326
v -852.595459 127.176483 299.937164
v 1054.56653 161.81601 -1160.8429
v -404.94696 148.551224 -1097.06702
v 379.222565 145.014969 -604.950745
v 65.5547562 125.655632 897.313293
v -772.979248 119.112694 1244.31848
v -695.171936 129.31488 153.20549
v 219.065567 132.165436 -150.923218
v 232.151749 129.327957 611.822632
v -839.412476 127.638947 270.723846
v 715.515869 154.297379 -1067.04224
v 592.810608 151.797607 -909.382874
v 2482.45361 156.82193 -245.510834
v -721.106384 138.980835 -558.685059
v -689.052063 129.605789 48.374382
v -655.529297 144.034164 -897.576843
v 1067.00403 161.741226 -1152.13696
v -727.203125 127.671547 227.879028
v 36.369091 156.961533 -1358.979
v 1600.94556 146.540115 134.356918
v 53.4885559 156.036392 -1337.20325
v -312.235352 150.426117 -1163.5625
v 469.10144 127.548515 1236.24854
v -717.73938 119.53437 1253.73975
v 218.759949 136.731476 -174.464233
v -688.279907 142.766678 -847.226257
v 1584.87231 167.679291 -1198.36023
v 151.452789 127.698967 646.988892
v -456.686218 147.947647 -1064.44482
v 57.5381317 156.886215 -1364.01599
v 653.881409 154.334518 -1037.30261
v 1724.84546 165.93042 -1014.03979
v -287.173889 150.395966 -1159.63843
v -344.852539 150.075165 -1152.84656
v -608.791992 128.050262 254.73349
v -718.942139 129.753204 63.3638573
v -715.986572 129.430771 129.010162
v 1154.25562 161.012451 -1099.85132
v -726.996094 127.930794 212.414062
v -623.892639 143.822174 -887.901917
v -500.98233 146.475922 -1020.8349
v -1027.30811 122.162346 647.882019
v -717.538696 141.846329 -811.363892
v -354.815979 118.883492 1470.12646
v -915.920227 142.505463 -622.542969
v 1722.7019 184.40834 -1506.16589
v -243.557022 134.073212 -40.428627
v -727.03125 119.535706 1246.88269
v -367.474854 138.911148 -417.400208
v -37.9807091 155.400604 -1317.1499
v 1222.78491 160.478897 -1073.27588
v -695.886597 129.449966 68.2924347
v 784.525818 144.846039 -260.868988
v -785.033813 118.680122 1258.70227
v -761.76355 140.527115 -635.94281
v -710.125122 129.350769 99.3429413
v -281.558441 151.061005 -1186.39221
v -821.104492 143.236694 -746.314087
v -394.27652 148.145599 -1071.06653
v -1331.24744 132.892731 -349.390137
v 1162.55103 139.718277 374.142151
v 658.500549 154.477463 -1046.96057
v 697.702026 154.360764 -1070.78467
v -910.905457 143.025421 -645.521423
v 976.774414 165.910126 -1464.50159
v -819.103394 140.855972 -691.399536
v -904.516724 140.46907 -595.456909
v 1973.62134 144.25499 504.229156
v -518.564453 146.59111 -1016.30322
v -497.5289 146.157043 -1003.60065
v 151.048203 134.575195 -145.646698
v 1360.2301 146.400238 -62.0574188
v -192.844437 124.766182 1029.6604
v -331.204041 149.801666 -1143.95947
v -532.21759 127.335472 301.785461
v 2493.75 159.841949 -443.547424
v -1334.81006 132.945145 -358.558868
v -277.239227 150.936172 -1182.47192
v -156.951263 127.829903 1009.83478
v 1627.64087 144.820145 201.061371
v -619.401306 127.98333 246.406403
v -269.99292 149.997925 -1149.04712
v -901.226624 142.860443 -616.113708
v -272.778412 150.461853 -1166.79639
v -783.718384 141.374985 -730.952393
v -156.014542 128.78511 1042.62488
v -340.764282 123.907036 657.756348
v -870.80481 141.089661 -663.292725
v -1306.94214 122.219025 473.098389
v 1160.5321 140.423126 304.268463
v 61.0154953 156.731842 -1356.20471
v 973.470093 159.632111 -1219.23523
v -26.5542259 153.753296 -1296.73572
v -599.985352 127.982819 273.663544
v -433.709076 147.544113 -1053.81018
v 1149.50415 139.719864 370.799133
v -27.1740494 155.577728 -1330.47046
v 1598.45532 146.16925 83.3590546
v 458.432159 127.033638 1256.14502
v 571.156311 151.550751 -910.651794
v -894.002747 140.195984 -585.63324
v -289.172424 150.125443 -1148.37256
v 649.475586 151.856628 -872.078186
v -436.08136 147.597534 -1057.45386
v 2461.00366 157.432724 -360.592072
v -328.014587 149.666275 -1131.83203
v 2476.30884 157.993622 -341.729156
v 1163.9668 140.008423 354.401855
v 2502.17236 163.254517 -518.209473
v -590.089966 128.167679 241.346329
v -34.0071487 155.009918 -1340.0022
v 1610.672 145.680832 184.886475
v -592.038513 122.240227 729.500244
v -394.563873 122.948654 687.095459
v 711.05603 126.723145 1180.27808
v 1170.22754 140.292175 331.335052
v 1150.00317 139.848816 349.842499
v 2461.89331 158.029388 -254.372833
v 662.577759 127.815865 1191.01355
v 1163.76758 140.620651 285.948517
v 2485.9126 160.493134 -452.642303
v 1195.36926 140.449066 323.596283
v 55.8347282 157.220932 -1373.59729
v 2462.35474 157.153381 -242.933578
v 1217.98108 140.727798 320.396576
v 2478.30249 159.134857 -378.356873
v 479.256592 127.233513 1254.62842
v 838.239746 126.589897 1125.8855
v 689.093201 126.988747 1182.70398
v 853.866272 126.709206 1121.83105
v -332.308533 120.534775 678.488403
v 791.923828 126.654747 1142.88843
v 2502.49268 159.423111 -301.947021
v 860.215271 128.598007 1138.95068
v -402.334015 122.325783 697.735962
v -373.144897 123.898552 669.813721
v -407.162231 121.927338 705.075867
v 814.729919 129.197922 1180.01245
v 836.06311 129.794342 1161.17285
v -345.562622 122.453392 672.50708
v -358.076569 122.292381 683.64563
vt 0 0 0
vt 0.446235836 0.627388775 0
vt 0.56169194 0.332169056 0
vt 0.992203236 0.100296274 0
vt 0.0623949431 0.922707975 0
vt 0.131373331 0.663968503 0
vt 0.64252907 0.980707347 0
vt 0.636081755 0.062961936 0
vt 0.189989224 0.973361075 0
vt 0.819028258 0.558145165 0
vt 0.922530115 0.0133080371 0
vt 0.899928451 0.636415958 0
vt 0.592037082 0.847369015 0
vt 0.637133956 0.206768543 0
vt 0.524397612 0.214832246 0
vt 0.550275624 0.185015678 0
vt 0.985306919 0.792048991 0
vt 0.762869239 0.511058867 0
vt 0.915280163 0.259083182 0
vt 0.200643107 0.411235571 0
vt 0.829347134 0.112792134 0
vt 0.555932522 0.433538079 0
vt 0.88027513 0.298672378 0
vt 0.932198644 0.91565454 0
vt 0.0551909804 0.990296841 0
vt 0.825774431 0.292633265 0
vt 0.384149313 0.480079591 0
vt 0.647722661 0.278819621 0
vt 0.39695394 0.260862827 0
vt 0.889310718 0.523033977 0
vt 0.629981637 0.401916921 0
vt 0.930373073 0.319556832 0
vt 0.546685696 0.0471969098 0
vt 0.640837312 0.422508627 0
vt 0.1092522 0.930331588 0
vt 0.517532229 0.111618452 0
vt 0.818904281 0.102646559 0
vt 0.670362473 0.00598893594 0
vt 0.30684036 0.677048504 0
vt 0.453034103 0.237514034 0
vt 0.763698697 0.106064774 0
vt 0.987242818 0.519256651 0
vt 0.157308787 0.873265266 0
vt 0.962230027 0.140804484 0
vt 0.912893772 0.867438734 0
vt 0.0741286948 0.0667440072 0
vt 0.24688828 0.733698249 0
vt 0.943669796 0.440340519 0
vt 0.421903014 0.526418984 0
vt 0.908304334 0.464686543 0
vt 0.829274774 0.488411874 0
vt 0.162117437 0.84828198 0
vt 0.529301882 0.208705842 0
vt 0.689748347 0.535276413 0
vt 0.881699324 0.0586266592 0
vt 0.453871906 0.986501336 0
vt 0.894845188 0.803399503 0
vt 0.359830618 0.407983691 0
vt 0.719795167 0.530579388 0
vt 0.62519896 0.628194571 0
vt 0.924390972 0.144772559 0
vt 0.216866851 0.080525741 0
vt 0.865286827 0.145838991 0
vt 0.955322862 0.362770081 0
vt 0.953875959 0.451009512 0
vt 0.695475042 0.14380078 0
vt 0.156465366 0.365577668 0
vt 0.452988565 0.206570566 0
vt 0.877164304 0.913387775 0
vt 0.640961885 0.0284273624 0
vt 0.942176104 0.980798721 0
vt 0.0803376064 0.963465691 0
vt 0.610271335 0.427930444 0
vt 0.162730739 0.410627365 0
vt 0.76525712 0.29210192 0
vt 0.0305059291 0.898907065 0
vt 0.79489994 0.16125381 0
vt 0.85728389 0.575882733 0
vt 0.0298273601 0.654417515 0
vt 0.827494323 0.593661547 0
vt 0.405329823 0.881795585 0
vt 0.922085762 0.0531754605 0
vt 0.224230707 0.849039912 0
vt 0.389874935 0.0978844017 0
vt 0.860347211 0.292543083 0
vt 0.946881771 0.383461654 0
vt 0.575564146 0.0355731137 0
vt 0.630341351 0.026391685 0
vt 0.54480803 0.230471984 0
vt 0.726866484 0.227787942 0
vt 0.960375786 0.456468284 0
vt 0.633169293 0.479957968 0
vt 0.984272242 0.587766707 0
vt 0.379698098 0.981005847 0
vt 0.23446539 0.693530142 0
vt 0.704665065 0.126577541 0
vt 0.733913779 0.757297456 0
vt 0.100691378 0.982723832 0
vt 0.624963105 0.507487416 0
vt 0.515393198 0.986254156 0
vt 0.00628808746 0.626091778 0
vt 0.617061853 0.275595605 0
vt 0.642073512 0.0508418269 0
vt 0.735263348 0.481445134 0
vt 0.811583221 0.678200543 0
vt 0.174620911 0.980329454 0
vt 0.314275146 0.979229033 0
vt 0.690832615 0.227940351 0
vt 0.955021322 0.611779094 0
vt 0.113223001 0.826035857 0
vt 0.118289344 0.932686806 0
vt 0.15878503 0.409674793 0
vt 0.281780571 0.901506305 0
vt 0.659550369 0.235037118 0
vt 0.806707859 0.382070333 0
vt 0.33610639 0.201368362 0
vt 0.990335763 0.973280489 0
vt 0.756742835 0.323170871 0
vt 0.843064666 0.338796258 0
vt 0.484318674 0.106511101 0
vt 0.349834204 0.29372099 0
vt 0.0727737471 0.126616582 0
vt 0.140633449 0.0473743044 0
vt 0.893871844 0.511542559 0
vt 0.604156315 0.355545014 0
vt 0.733724594 0.95878619 0
vt 0.647447824 0.0390303135 0
vt 0.0460193753 0.548642159 0
vt 0.893397808 0.354922265 0
vt 0.344435841 0.973269343 0
vt 0.828175783 0.667669535 0
vt 0.673934817 0.248402447 0
vt 0.913896322 0.859309196 0
vt 0.205582708 0.992329717 0
vt 0.919297576 0.768560946 0
vt 0.0463646129 0.926061988 0
vt 0.163974538 0.398266226 0
vt 0.813550711 0.158821389 0
vt 0.70846647 0.776545167 0
vt 0.945141017 0.536398351 0
vt 0.488176763 0.0458993614 0
vt 0.113408044 0.76537174 0
vt 0.769293666 0.294427574 0
vt 0.405361503 0.188007146 0
vt 0.842993975 0.519862294 0
vt 0.860123992 0.276062518 0
vt 0.150918573 0.884323955 0
vt 0.9547171 0.45811826 0
vt 0.605198741 0.00697693741 0
vt 0.763404727 0.297479838 0
vt 0.90355587 0.145750716 0
vt 0.0303692501 0.0301492009 0
vt 0.640916944 0.0984452441 0
vt 0.977301598 0.636907637 0
vt 0.495491624 0.0336307324 0
vt 0.594504952 0.351538241 0
vt 0.882301152 0.163685262 0
vt 0.614635289 0.0442986228 0
vt 0.845842421 0.416767567 0
vt 0.451597422 0.00532659655 0
vt 0.220540464 0.916783214 0
vt 0.9683671 0.139949381 0
vt 0.192836583 0.0937921554 0
vt 0.919075966 0.0438386612 0
vt 0.938605905 0.472863436 0
vt 0.757192373 0.193673238 0
vt 0.685578346 0.368312359 0
vt 0.610168755 0.609349847 0
vt 0.860779047 0.237132058 0
vt 0.109344207 0.660803676 0
vt 0.735967755 0.948692143 0
vt 0.984831989 0.802075982 0
vt 0.617361546 0.0127753029 0
vt 0.539172471 0.459629238 0
vt 0.579099655 0.448583424 0
vt 0.531395495 0.0747746229 0
vt 0.345128 0.0151383821 0
vt 0.114917137 0.88506943 0
vt 0.460920304 0.525796294 0
vt 0.904653549 0.340472221 0
vt 0.57677722 0.363504589 0
vt 0.62817049 0.146024913 0
vt 0.202797592 0.861953378 0
vt 0.957686901 0.463297278 0
vt 0.244097278 0.679840446 0
vt 0.642925739 0.990698576 0
vt 0.733593941 0.0492139012 0
vt 0.966265082 0.592275441 0
vt 0.445908546 0.137099385 0
vt 0.464350969 0.0202725213 0
vt 0.945799947 0.723755717 0
vt 0.882067561 0.690600872 0
vt 0.020341659 0.803581953 0
vt 0.504883647 0.700476527 0
vt 0.00822909176 0.552513719 0
vt 0.0133617101 0.629659593 0
vt 0.717301488 0.272109747 0
vt 0.0284344144 0.0169323683 0
vt 0.842655301 0.216464818 0
vt 0.686959743 0.177720696 0
vt 0.0304642469 0.901770175 0
vt 0.13421914 0.880936563 0
vt 0.89682281 0.512065113 0
vt 0.611071825 0.255882323 0
vt 0.881696284 0.203038439 0
vt 0.889616549 0.474638045 0
vt 0.725737929 0.944755018 0
vt 0.783775449 0.670267582 0
vt 0.259014994 0.910854459 0
vt 0.803691149 0.288976729 0
vt 0.838907361 0.635352194 0
vt 0.716829896 0.777375042 0
vt 0.157244042 0.92328161 0
vt 0.862380266 0.581667602 0
vt 0.117225334 0.801138818 0
vt 0.716496229 0.47813797 0
vt 0.74251771 0.212459803 0
vt 0.142427206 0.980522037 0
vt 0.624908388 0.495864987 0
vt 0.799042106 0.250629842 0
vt 0.118254788 0.684101343 0
vt 0.943862975 0.353144556 0
vt 0.618005455 0.36909914 0
vt 0.167726204 0.349164724 0
vt 0.615228653 0.41649425 0
vt 0.437257677 0.546369374 0
vt 0.632712781 0.13518554 0
vt 0.797876537 0.135208473 0
vt 0.640402257 0.0711939186 0
vt 0.968157649 0.916522861 0
vt 0.772582293 0.269517034 0
vt 0.133844942 0.135783017 0
vt 0.107764602 0.644444942 0
vt 0.581331015 0.169494554 0
vt 0.453962624 0.133281633 0
vt 0.637763977 0.456720144 0
vt 0.607289016 0.361526787 0
vt 0.119945988 0.735144377 0
vt 0.921024323 0.424628437 0
vt 0.755827546 0.262496084 0
vt 0.578415275 0.417628765 0
vt 0.937047422 0.937105179 0
vt 0.762689114 0.987078369 0
vt 0.493692845 0.0241257139 0
vt 0.750335693 0.420430481 0
vt 0.469399363 0.901408315 0
vt 0.483449966 0.107138284 0
vt 0.721149623 0.303851575 0
vt 0.897973239 0.654122353 0
vt 0.952320337 0.98014015 0
vt 0.0538808852 0.712945163 0
vt 0.219723225 0.0362252817 0
vt 0.938441098 0.814526558 0
vt 0.617386341 0.0458386838 0
vt 0.617486298 0.0636362433 0
vt 0.839630723 0.220698953 0
vt 0.611697435 0.582396328 0
vt 0.0305211022 0.692376971 0
vt 0.560164034 0.0307501834 0
vt 0.841391802 0.583877444 0
vt 0.716568351 0.219103068 0
vt 0.644251466 0.238474652 0
vt 0.862482667 0.448704869 0
vt 0.335534573 0.970511556 0
vt 0.804659843 0.290689945 0
vt 0.663806975 0.411339253 0
vt 0.686932802 0.548200846 0
vt 0.817000747 0.991958857 0
vt 0.936930537 0.689238608 0
vt 0.833998859 0.228825644 0
vt 0.721361756 0.527098715 0
vt 0.123835117 0.680425048 0
vt 0.593674481 0.861254275 0
vt 0.640490472 0.386129856 0
vt 0.61727494 0.0552597046 0
vt 0.603309929 0.322954416 0
vt 0.442216456 0.0460373312 0
vt 0.60874027 0.440565228 0
vt 0.968774259 0.901013374 0
vt 0.26796177 0.917589426 0
vt 0.756569684 0.788362622 0
vt 0.967416286 0.209868863 0
vt 0.951097965 0.383668125 0
vt 0.620781779 0.509757936 0
vt 0.889266431 0.380122542 0
vt 0.728991747 0.761914134 0
vt 0.890785933 0.481414974 0
vt 0.606374443 0.199255198 0
vt 0.224582672 0.973925412 0
vt 0.00870359316 0.926549554 0
vt 0.505273402 0.221190944 0
vt 0.0617887229 0.942135334 0
vt 0.825593114 0.668132067 0
vt 0.381879419 0.992954254 0
vt 0.797617614 0.23591581 0
vt 0.884326756 0.461168528 0
vt 0.577824295 0.310434878 0
vt 0.591826916 0.189747125 0
vt 0.821354032 0.613961697 0
vt 0.224250615 0.0788191184 0
vt 0.0637415573 0.696486652 0
vt 0.641258955 0.486079693 0
vt 0.706677139 0.0468811281 0
vt 0.828865051 0.507316709 0
vt 0.837443054 0.950084448 0
vt 0.782443285 0.119065687 0
vt 0.547288001 0.392636418 0
vt 0.0868773237 0.589342296 0
vt 0.451000214 0.53020978 0
vt 0.969758153 0.797528446 0
vt 0.507916808 0.181530938 0
vt 0.642476678 0.262914538 0
vt 0.88308835 0.376897275 0
vt 0.0721745864 0.573842645 0
vt 0.881469369 0.469316125 0
vt 0.179882988 0.91935271 0
vt 0.203214899 0.861336231 0
vt 0.0927509516 0.709244132 0
vt 0.920920491 0.174594253 0
vt 0.930202425 0.987239897 0
vt 0.789231479 0.943120658 0
vt 0.998797297 0.734307408 0
vt 0.13877438 0.135526672 0
vt 0.967347264 0.191609144 0
vt 0.915285945 0.959655762 0
vt 0.964147925 0.758238554 0
vt 0.951976776 0.14542374 0
vt 0.648106456 0.301370144 0
vt 0.697167873 0.346189201 0
vt 0.84138757 0.409317553 0
vt 0.693911433 0.242016226 0
vt 0.931162357 0.567371249 0
vt 0.959843397 0.652140737 0
vt 0.399530232 0.118240893 0
vt 0.0641677156 0.729350686 0
vt 0.944522262 0.667927206 0
vt 0.556569278 0.288649648 0
vt 0.725216031 0.453730583 0
vt 0.662307918 0.0531978495 0
vt 0.531041741 0.222852618 0
vt 0.214615166 0.885412216 0
vt 0.550375521 0.0814612061 0
vt 0.452334315 0.192602903 0
vt 0.904374838 0.0908830091 0
vt 0.89969784 0.463912696 0
vt 0.639271021 0.248905629 0
vt 0.733799517 0.113106117 0
vt 0.585625052 0.872940123 0
vt 0.889375269 0.936373115 0
vt 0.98186934 0.0378744341 0
vt 0.825271785 0.98754108 0
vt 0.878443658 0.296642751 0
vt 0.969690144 0.223855123 0
vt 0.775944114 0.583136737 0
vt 0.455463827 0.995098352 0
vt 0.433092713 0.536782444 0
vt 0.859756708 0.548425674 0
vt 0.961351335 0.198284954 0
vt 0.703426003 0.525749683 0
vt 0.486197233 0.0256397948 0
vt 0.441097736 0.720881224 0
vt 0.395883411 0.988827646 0
vt 0.579486251 0.248275906 0
vt 0.483600289 0.198386908 0
vt 0.968592942 0.650147438 0
vt 0.578802228 0.326564014 0
vt 0.234550238 0.0194985718 0
vt 0.711528897 0.225117192 0
vt 0.853924096 0.574537635 0
vt 0.942702174 0.976647675 0
vt 0.172805578 0.362517864 0
vt 0.756060839 0.292395443 0
vt 0.856948793 0.386776745 0
vt 0.719904721 0.458856106 0
vt 0.966377735 0.160838246 0
vt 0.0609719567 0.915837824 0
vt 0.969381928 0.780372083 0
vt 0.611066997 0.05807532 0
vt 0.733194828 0.523076117 0
vt 0.781730235 0.157142028 0
vt 0.742766798 0.147549734 0
vt 0.891494811 0.243571773 0
vt 0.831424832 0.364834845 0
vt 0.952788889 0.580366969 0
vt 0.0379596204 0.79137969 0
vt 0.588313401 0.864552617 0
vt 0.622950137 0.629290104 0
vt 0.811596632 0.158033744 0
vt 0.592631757 0.413557202 0
vt 0.953508019 0.176132232 0
vt 0.135165572 0.0204726961 0
vt 0.593399763 0.0944347084 0
vt 0.608881652 0.133445188 0
vt 0.571295261 0.0415267982 0
vt 0.766507149 0.916989982 0
vt 0.992907047 0.104292534 0
vt 0.559363663 0.89718461 0
vt 0.914448917 0.886217773 0
vt 0.921271205 0.568529367 0
vt 0.0779348537 0.983637929 0
vt 0.04700315 0.042385146 0
vt 0.341102332 0.973213375 0
vt 0.875115573 0.249252528 0
vt 0.470089614 0.579228282 0
vt 0.328578949 0.0137944845 0
vt 0.64192313 0.301232964 0
vt 0.969658136 0.526365995 0
vt 0.108254597 0.504826665 0
vt 0.70454967 0.950512171 0
vt 0.857179224 0.255406439 0
vt 0.461871982 0.69221288 0
vt 0.397188306 0.027288463 0
vt 0.74061501 0.347116172 0
vt 0.516453385 0.0561813377 0
vt 0.0790449902 0.616865575 0
vt 0.609730959 0.0243016351 0
vt 0.237200856 0.99052155 0
vt 0.911934853 0.410835415 0
vt 0.0475234389 0.761034906 0
vt 0.288560092 0.275329292 0
vt 0.709813833 0.526031375 0
vt 0.818354726 0.69127661 0
vt 0.540572047 0.660564363 0
vt 0.780663729 0.157667458 0
vt 0.79613328 0.175589904 0
vt 0.795110106 0.229679257 0
vt 0.983190894 0.563015878 0
vt 0.919891 0.25592947 0
vt 0.764566064 0.569028556 0
vt 0.933265686 0.688229322 0
vt 0.432385087 0.515797138 0
vt 0.481293023 0.202591538 0
vt 0.964126527 0.135651007 0
vt 0.638567567 0.542835057 0
vt 0.57749939 0.163057894 0
vt 0.228303432 0.574710369 0
vt 0.780658364 0.732679725 0
vt 0.976724744 0.880518675 0
vt 0.93465513 0.34498769 0
vt 0.670271516 0.174186632 0
vt 0.64424324 0.43219918 0
vt 0.0324498639 0.693209946 0
vt 0.921567976 0.196438342 0
vt 0.766938746 0.21107468 0
vt 0.726051807 0.34725073 0
vt 0.899779618 0.909432828 0
vt 0.171580315 0.932204008 0
vt 0.139004722 0.992921054 0
vt 0.932098985 0.512563646 0
vt 0.835041165 0.505144179 0
vt 0.985588193 0.688328505 0
vt 0.844127655 0.318803579 0
vt 0.560996592 0.309718251 0
vt 0.758780301 0.250339448 0
vt 0.827555895 0.168093756 0
vt 0.968145907 0.526138484 0
vt 0.564014733 0.246532962 0
vt 0.505304694 0.205965295 0
vt 0.732120931 0.481882393 0
vt 0.172490403 0.417034 0
vt 0.190190598 0.8367908 0
vt 0.803165853 0.947283506 0
vt 0.944891334 0.266221941 0
vt 0.908973336 0.616350412 0
vt 0.129950374 0.135524064 0
vt 0.123552948 0.681863427 0
vt 0.812495172 0.314766109 0
vt 0.156867534 0.0400348827 0
vt 0.893217921 0.363188297 0
vt 0.935779214 0.846415997 0
vt 0.804998755 0.182339251 0
vt 0.920966864 0.132534936 0
vt 0.951655686 0.411526918 0
vt 0.495675892 0.0212239027 0
vt 0.320642233 0.00496900873 0
vt 0.513919473 0.205837339 0
vt 0.860727668 0.361668557 0
vt 0.534533203 0.152657658 0
vt 0.110126436 0.800845027 0
vt 0.5790295 0.213197038 0
vt 0.788724959 0.152398244 0
vt 0.61463815 0.48856619 0
vt 0.140946925 0.0572791435 0
vt 0.0930078998 0.970420063 0
vt 0.560210466 0.0381546356 0
vt 0.678343356 0.114066474 0
vt 0.976048231 0.927604139 0
vt 0.828017712 0.486927807 0
vt 0.844787061 0.691554248 0
vt 0.788461328 0.382017136 0
vt 0.808904946 0.313068569 0
vt 0.755104303 0.152487457 0
vt 0.822615743 0.563461781 0
vt 0.626930654 0.0944413841 0
vt 0.120487079 0.344282359 0
vt 0.725557268 0.317966759 0
vt 0.359824866 0.291021496 0
vt 0.0700678751 0.717599034 0
vt 0.593609929 0.0853098482 0
vt 0.733665824 0.947580934 0
vt 0.950788379 0.23656565 0
vt 0.98206836 0.661312938 0
vt 0.724859357 0.426549375 0
vt 0.643132627 0.444238931 0
vt 0.890104234 0.958239973 0
vt 0.0561725125 0.903829336 0
vt 0.038988702 0.930322647 0
vt 0.922393918 0.417074829 0
vt 0.734787583 0.39111048 0
vt 0.143087044 0.0152738895 0
vt 0.986526251 0.558136463 0
vt 0.616855323 0.144467831 0
vt 0.639850497 0.141577393 0
vt 0.0651404411 0.94813621 0
vt 0.919975638 0.258924276 0
vt 0.794613719 0.484651506 0
vt 0.640229881 0.979218781 0
vt 0.846207857 0.3460733 0
vt 0.0628999621 0.950077057 0
vt 0.75725764 0.283272505 0
vt 0.0557408631 0.559604764 0
vt 0.234443262 0.124732696 0
vt 0.0527002737 0.573018074 0
vt 0.879018486 0.993739605 0
vt 0.818735957 0.451319844 0
vt 0.885754108 0.960848451 0
vt 0.0158490278 0.682115257 0
vt 0.767152071 0.41779685 0
vt 0.701772511 0.97303009 0
vt 0.196529433 0.315907061 0
vt 0.446488976 0.168570668 0
vt 0.764972448 0.26160726 0
vt 0.0704226196 0.834637403 0
vt 0.889107227 0.436294377 0
vt 0.746008635 0.146435022 0
vt 0.123669848 0.00635622442 0
vt 0.720203102 0.908837914 0
vt 0.409059912 0.0274571031 0
vt 0.0786425173 0.898243546 0
vt 0.798351467 0.301061094 0
vt 0.765917599 0.388836563 0
vt 0.400334299 0.197002023 0
vt 0.0851205066 0.863063216 0
vt 0.798355103 0.167309597 0
vt 0.929456949 0.698300958 0
vt 0.923226178 0.479820073 0
vt 0.540387511 0.426011086 0
vt 0.27305764 0.967261851 0
vt 0.798552036 0.48638472 0
vt 0.0285361242 0.00959745422 0
vt 0.89549619 0.926408708 0
vt 0.563066781 0.444265664 0
vt 0.807059228 0.280010611 0
vt 0.804727554 0.435157776 0
vt 0.782086015 0.223988622 0
vt 0.220186055 0.0830712393 0
vt 0.558502138 0.384764582 0
vt 0.0622771867 0.660363972 0
vt 0.870096207 0.981378376 0
vt 0.951334894 0.80125612 0
vt 0.983675778 0.695720792 0
vt 0.286556274 0.944253922 0
vt 0.197132707 0.328740358 0
vt 0.943300903 0.900867105 0
vt 0.976916611 0.88625586 0
vt 0.828887939 0.469184399 0
vt 0.860019922 0.957686901 0
vt 0.129017726 0.993110776 0
vt 0.82926333 0.949963808 0
vt 0.737264276 0.987815857 0
vt 0.960615993 0.620343983 0
vt 0.510443568 0.207595333 0
vt 0.983543098 0.657176077 0
vt 0.929140687 0.197808266 0
vt 0.917417347 0.349750668 0
vt 0.469584167 0.165578991 0
vt 0.221318185 0.979761481 0
vt 0.954983354 0.667401314 0
vt 0.540317774 0.657307267 0
vt 0.702067375 0.137948126 0
vt 0.142805517 0.799648046 0
vt 0.82789588 0.447870463 0
vt 0.923241913 0.707850635 0
vt 0.0663012043 0.955444574 0
vt 0.121451631 0.00329203461 0
vt 0.764285803 0.168824717 0
vt 0.884102583 0.45524466 0
vt 0.881795764 0.538681507 0
vt 0.516922235 0.36088419 0
vt 0.804123163 0.456155539 0
vt 0.202506274 0.261221141 0
vt 0.0177799053 0.856271565 0
vt 0.725838125 0.409774363 0
vt 0.0699356198 0.702644944 0
vt 0.961236954 0.149763241 0
vt 0.764813483 0.733594656 0
vt 0.906337678 0.411151052 0
vt 0.122489408 0.804546654 0
vt 0.366353631 0.730056703 0
vt 0.841332614 0.152609825 0
vt 0.586248457 0.340218961 0
vt 0.702162504 0.787942529 0
vt 0.056511499 0.533957005 0
vt 0.186587721 0.87156564 0
vt 0.871638715 0.238662422 0
vt 0.796445429 0.954794407 0
vt 0.804721951 0.695179045 0
vt 0.408521831 0.198339164 0
vt 0.0157354344 0.669416189 0
vt 0.654709339 0.232541025 0
vt 0.639146864 0.410837442 0
vt 0.23309356 0.699506879 0
vt 0.734522641 0.504052103 0
vt 0.240988046 0.948280215 0
vt 0.946143031 0.259435028 0
vt 0.0573384501 0.968839109 0
vt 0.123565719 0.00773976231 0
vt 0.430548966 0.554608107 0
vt 0.904498339 0.57789582 0
vt 0.11647056 0.918062091 0
vt 0.086826399 0.821977019 0
vt 0.797178984 0.14510864 0
vt 0.829327345 0.609023035 0
vt 0.81224221 0.547737479 0
vt 0.609566569 0.199380785 0
vt 0.4293966 0.676091671 0
vt 0.718509972 0.217990369 0
vt 0.392755687 0.112782255 0
vt 0.326078922 0.988855124 0
vt 0.98480922 0.916178465 0
vt 0.781742334 0.450272977 0
vt 0.658279657 0.528121054 0
vt 0.382228732 0.850801229 0
vt 0.797717929 0.231298789 0
vt 0.83941102 0.345979512 0
vt 0.969348788 0.96701014 0
vt 0.514310479 0.173718184 0
vt 0.989649832 0.85414505 0
vt 0.797461152 0.246382654 0
vt 0.740469098 0.341358781 0
vt 0.531691551 0.662016869 0
vt 0.766146064 0.367036253 0
vt 0.809297144 0.683440924 0
vt 0.75496304 0.420179725 0
vt 0.82659477 0.105136141 0
vt 0.131416351 0.0343539268 0
vt 0.0651904717 0.701814413 0
vt 0.610719442 0.0487248525 0
vt 0.806782484 0.720902026 0
vt 0.593858242 0.477438539 0
vt 0.780010223 0.239980966 0
vt 0.954564691 0.205042928 0
vt 0.836233497 0.555887818 0
vt 0.203448385 0.326171398 0
vt 0.951525033 0.59973526 0
vt 0.432119012 0.508795977 0
vt 0.951121926 0.693753302 0
vt 0.00521374587 0.592120528 0
vt 0.858862042 0.947739124 0
vt 0.961048722 0.681722283 0
vt 0.192202464 0.852025867 0
vt 0.939608693 0.586571515 0
vt 0.970396757 0.791455984 0
vt 0.00652778428 0.821235001 0
vt 0.624738812 0.491768211 0
vt 0.964603364 0.130757198 0
vt 0.641469002 0.0607694685 0
vt 0.94291693 0.975027919 0
vt 0.951664805 0.961382568 0
vt 0.0964163765 0.636143744 0
vt 0.772406518 0.962910116 0
vt 0.57856369 0.187820643 0
vt 0.0429562666 0.41109544 0
vt 0.763722897 0.699070215 0
vt 0.840414047 0.210060775 0
vt 0.482336462 0.923699498 0
vt 0.96974802 0.23292473 0
vt 0.899122 0.520727456 0
vt 0.224947348 0.963491917 0
vt 0.615169048 0.0820279419 0
vt 0.983649969 0.504794359 0
vt 0.819811583 0.940527797 0
vt 0.98232317 0.925493717 0
vt 0.922253788 0.386299253 0
vt 0.985599637 0.449549437 0
vt 0.869962335 0.271037012 0
vt 0.718301654 0.528153479 0
vt 0.625191391 0.599090993 0
vt 0.311879694 0.928569198 0
vt 0.974960387 0.283700407 0
vt 0.0538123772 0.661020875 0
vt 0.637290299 0.393055081 0
vt 0.888832569 0.457377851 0
vt 0.427769601 0.0356025361 0
vt 0.429012179 0.168337733 0
vt 0.579482853 0.174957469 0
vt 0.75684166 0.964644194 0
vt 0.258202881 0.949088573 0
vt 0.960285187 0.878015161 0
vt 0.703429818 0.364063084 0
vt 0.461310655 0.893825889 0
vt 0.642843604 0.545158446 0
vt 0.81399554 0.933780074 0
vt 0.961451411 0.877791703 0
vt 0.240440384 0.988602996 0
vt 0.836723864 0.956213236 0
vt 0.0828657448 0.614902794 0
vt 0.647600532 0.399024129 0
vt 0.735683739 0.451539814 0
vt 0.0153861083 0.919805825 0
vt 0.592015862 0.0722179636 0
vt 0.968307734 0.234632209 0
vt 0.645256877 0.0886333212 0
vt 0.378249317 0.486505806 0
vt 0.735507071 0.230851263 0
vt 0.717675507 0.522474825 0
vt 0.520900965 0.213475406 0
vt 0.50767231 0.209225684 0
vt 0.486920238 0.206733033 0
vt 0.26510635 0.93577379 0
vt 0.41439423 0.959745884 0
vt 0.829580665 0.557628572 0
vt 0.194599256 0.893286049 0
vt 0.414269507 0.00927134883 0
vt 0.653394461 0.965871096 0
vt 0.809109926 0.166962773 0
vt 0.846166313 0.16029276 0
vt 0.0544803441 0.538647413 0
vt 0.975290239 0.543004155 0
vt 0.762947083 0.207065433 0
vt 0.956763804 0.375203699 0
vt 0.735555351 0.0671612918 0
vt 0.942676485 0.278363436 0
vt 0.655493617 0.417791486 0
vt 0.672465205 0.081090942 0
vt 0.0160627905 0.542802095 0
vt 0.579291105 0.794192255 0
vt 0.5455181 0.668200135 0
vt 0.284355104 0.683409214 0
vt 0.900872886 0.328259945 0
vt 0.610260129 0.225553751 0
vt 0.689268887 0.314775288 0
vt 0.803670287 0.300848603 0
vt 0.703179002 0.538808465 0
vt 0.96457541 0.195695683 0
vt 0.944543064 0.725122333 0
vt 0.944565177 0.786295533 0
vt 0.968630612 0.593168676 0
vt 0.738630474 0.170861423 0
vt 0.0964848846 0.868310213 0
vt 0.238928422 0.99678427 0
vt 0.922343731 0.545284212 0
vt 0.651335239 0.144803718 0
vt 0.0613843128 0.673199475 0
vt 0.694292605 0.343607545 0
vt 0.090083167 0.595818162 0
vt 0.680984318 0.148928165 0
vt 0.796961904 0.257131338 0
vt 0.0136003774 0.606364071 0
vt 0.204533949 0.331356645 0
vt 0.866861582 0.338949203 0
vt 0.562538385 0.323288471 0
vt 0.880905151 0.970229864 0
vt 0.222496256 0.982824922 0
vt 0.0777649954 0.578881979 0
vt 0.149433732 0.0599268079 0
vt 0.0140073141 0.263061672 0
vt 0.483210623 0.112243183 0
vt 0.677689373 0.956755996 0
vt 0.538165748 0.673415065 0
vt 0.946366668 0.941391945 0
vt 0.423488438 0.876067281 0
vt 0.70357877 0.192915007 0
vt 0.109819628 0.666340649 0
vt 0.538955688 0.433352739 0
vt 0.923645437 0.574679971 0
vt 0.986537278 0.432764679 0
vt 0.811707854 0.269996703 0
vt 0.790112734 0.972061515 0
vt 0.96874392 0.353286862 0
vt 0.940749943 0.798484385 0
vt 0.67222935 0.252321899 0
vt 0.616981864 0.355475664 0
vt 0.906433344 0.520704925 0
vt 0.559134543 0.0588454157 0
vt 0.905839324 0.458131045 0
vt 0.84542048 0.193649977 0
vt 0.0634416342 0.704746783 0
vt 0.977544785 0.760178924 0
vt 0.951611638 0.211098373 0
vt 0.867626071 0.524502635 0
vt 0.432121038 0.0313908644 0
vt 0.0951735675 0.0907854587 0
vt 0.827908158 0.552324414 0
vt 0.767472029 0.381657839 0
vt 0.769803286 0.551505804 0
vt 0.357174635 0.0038208547 0
vt 0.609675288 0.381352007 0
vt 0.906612515 0.964998722 0
vt 0.452951312 0.037590757 0
vt 0.613973498 0.102091864 0
vt 0.627963126 0.124856032 0
vt 0.0546653494 0.308334649 0
vt 0.0419290885 0.796216249 0
vt 0.548354983 0.0573482662 0
vt 0.858503699 0.19028008 0
vt 0.37932992 0.722238719 0
vt 0.382804692 0.106261015 0
vt 0.982614517 0.51070714 0
vt 0.0763862208 0.737480521 0
vt 0.0479873195 0.640367091 0
vt 0.545540631 0.435871482 0
vt 0.643309712 0.985411644 0
vt 0.700541437 0.363823295 0
vt 0.736743689 0.957771242 0
vt 0.529416442 0.391200423 0
vt 0.601420045 0.381674379 0
vt 0.545081735 0.172419995 0
vt 0.93148762 0.362701267 0
vt 0.918584228 0.850716114 0
vt 0.905312419 0.410925031 0
vt 0.768419027 0.962815344 0
vt 0.970844626 0.785090685 0
vt 0.0139517197 0.676652849 0
vt 0.659116089 0.422581136 0
vt 0.0627365261 0.573613286 0
vt 0.735205412 0.388049006 0
vt 0.924753785 0.401037574 0
vt 0.680188417 0.549498081 0
vt 0.901305854 0.339342862 0
vt 0.195848033 0.92892158 0
vt 0.25420025 0.962841868 0
vt 0.881710052 0.39957127 0
vt 0.815645337 0.311576724 0
vt 0.953344941 0.678017974 0
vt 0.0703549534 0.538829923 0
vt 0.786679506 0.973121524 0
vt 0.492654026 0.027401166 0
vt 0.827720284 0.230623603 0
vt 0.793382704 0.141456127 0
vt 0.985804498 0.924035072 0
vt 0.851950705 0.679760396 0
vt 0.85748589 0.581042647 0
vt 0.231953308 0.325633943 0
vt 0.922206759 0.829893887 0
vt 0.475389689 0.597093284 0
vt 0.906248033 0.865083277 0
vt 0.638705969 0.242263824 0
vt 0.79510349 0.917477131 0
vt 0.0713686422 0.839154065 0
vt 0.139876515 0.422842592 0
vt 0.755063415 0.960046411 0
vt 0.0779977217 0.830102086 0
vt 0.524594545 0.0785802528 0
vt 0.565860391 0.237200037 0
vt 0.856373847 0.253920436 0
vt 0.431100577 0.152767181 0
vt 0.993968189 0.844933271 0
vt 0.912664235 0.608749211 0
vt 0.0605714023 0.664958715 0
vt 0.347890079 0.300027013 0
vt 0.179916233 0.0538221747 0
vt 0.877017021 0.917461991 0
vt 0.385558486 0.00600492023 0
vt 0.71972537 0.407205373 0
vt 0.476815045 0.972537577 0
vt 0.266938418 0.981968403 0
vt 0.867329001 0.306002408 0
vt 0.986360073 0.510688007 0
vt 0.19659327 0.318174452 0
vt 0.897841573 0.714310169 0
vt 0.969811499 0.187610418 0
vt 0.766442955 0.217118725 0
vt 0.641948819 0.113075159 0
vt 0.803807497 0.488264382 0
vt 0.234376609 0.975510955 0
vt 0.783941269 0.416140795 0
vt 0.945014179 0.680081606 0
vt 0.773452401 0.28470242 0
vt 0.892134905 0.729265869 0
vt 0.897595882 0.928422689 0
vt 0.0735961124 0.942184806 0
vt 0.331971139 0.986987352 0
vt 0.963135421 0.930814981 0
vt 0.784414589 0.285254866 0
vt 0.79038775 0.200198114 0
vt 0.549184263 0.0895188674 0
vt 0.00291971047 0.0394849665 0
vt 0.482713699 0.100789882 0
vt 0.142445579 0.792243898 0
vt 0.725631237 0.525859594 0
vt 0.42099756 0.367423832 0
vt 0.888487935 0.532061338 0
vt 0.543490529 0.238259166 0
vt 0.846662521 0.101617917 0
vt 0.203977987 0.354279518 0
vt 0.796059787 0.141817898 0
vt 0.172522843 0.426945388 0
vt 0.46736598 0.0692894459 0
vt 0.711456358 0.024396006 0
vt 0.439872026 0.96073854 0
vt 0.940293193 0.271211326 0
vt 0.734807312 0.983835697 0
vt 0.202309996 0.079516083 0
vt 0.819313824 0.133070529 0
vt 0.0848582461 0.970137656 0
vt 0.23469831 0.971187055 0
vt 0.0439529866 0.6449669 0
vt 0.835174739 0.506993651 0
vt 0.960906267 0.363011211 0
vt 0.389317453 0.0169450101 0
vt 0.76547122 0.133021206 0
vt 0.682980359 0.299398392 0
vt 0.563040614 0.807260871 0
vt 0.0793279931 0.986804605 0
vt 0.0390137583 0.618054569 0
vt 0.884990871 0.630240679 0
vt 0.786314428 0.59830761 0
vt 0.891177416 0.642035544 0
vt 0.71919769 0.482774705 0
vt 0.097429499 0.656677723 0
vt 0.759089291 0.325726122 0
vt 0.869080544 0.547344863 0
vt 0.193975449 0.8574754 0
vt 0.995242596 0.752105176 0
vt 0.569051981 0.440373421 0
vt 0.959971189 0.979749978 0
vt 0.899794638 0.714004695 0
vt 0.85949707 0.0487631746 0
vt 0.940897226 0.649932742 0
vt 0.858880341 0.508009493 0
vt 0.889109254 0.486973912 0
vt 0.572707891 0.0820838362 0
vt 0.988392115 0.99530369 0
vt 0.702840745 0.0124360137 0
vt 0.334795266 0.99097681 0
vt 0.063746281 0.928346753 0
vt 0.063983798 0.826457262 0
vt 0.0608432218 0.702095389 0
vt 0.767052174 0.400710016 0
vt 0.878866792 0.466638297 0
vt 0.210678369 0.976583838 0
vt 0.59240818 0.334137648 0
vt 0.92209506 0.424382508 0
vt 0.88329792 0.210035935 0
vt 0.826829374 0.604260564 0
vt 0.509152532 0.190398857 0
vt 0.157457948 0.35493356 0
vt 0.424827099 0.043320898 0
vt 0.573199332 0.0200669095 0
vt 0.253161639 0.954818606 0
vt 0.256028146 0.960309982 0
vt 0.861690283 0.932735503 0
vt 0.931343675 0.517480373 0
vt 0.172534436 0.0428238958 0
vt 0.795243263 0.423929155 0
vt 0.746107578 0.161403388 0
vt 0.942357779 0.984900892 0
vt 0.890693128 0.978628099 0
vt 0.882292628 0.888109803 0
vt 0.765939593 0.361237675 0
vt 0.18516624 0.810120523 0
vt 0.654025912 0.153745279 0
vt 0.125060305 0.932934701 0
vt 0.421241432 0.957174599 0
vt 0.826142251 0.135685444 0
vt 0.420725375 0.975965202 0
vt 0.768830061 0.269109547 0
vt 0.0499737859 0.307836741 0
vt 0.753353357 0.383631796 0
vt 0.914558828 0.387869984 0
vt 0.808892965 0.518548608 0
vt 0.561053813 0.296941519 0
vt 0.735303044 0.424224466 0
vt 0.389328361 0.993910789 0
vt 0.228420839 0.569917381 0
vt 0.77910912 0.216187328 0
vt 0.87095499 0.972107291 0
vt 0.913239539 0.176650792 0
vt 0.655992389 0.980590582 0
vt 0.143314257 0.150476038 0
vt 0.531410396 0.385796547 0
vt 0.0311802197 0.322755069 0
vt 0.142584458 0.138082206 0
vt 0.883023202 0.942636013 0
vt 0.0782857835 0.975880921 0
vt 0.918418169 0.893643498 0
vt 0.872230768 0.272139937 0
vt 0.922415257 0.988156617 0
vt 0.878459156 0.400034189 0
vt 0.901095212 0.258180201 0
vt 0.771357894 0.302791506 0
vt 0.765948653 0.332996547 0
vt 0.600219727 0.257811278 0
vt 0.916875899 0.635894716 0
vt 0.62659514 0.122430667 0
vt 0.718729854 0.981633425 0
vt 0.93189621 0.267813474 0
vt 0.772405267 0.176045522 0
vt 0.27624768 0.00682457071 0
vt 0.547051787 0.386776745 0
vt 0.341392606 0.296950579 0
vt 0.952475548 0.360325694 0
vt 0.966641366 0.960048199 0
vt 0.796627939 0.259028047 0
vt 0.820608437 0.348532975 0
vt 0.884267688 0.895749688 0
vt 0.00820709113 0.0412516408 0
vt 0.921119452 0.516844571 0
vt 0.00771093229 0.558081985 0
vt 0.995434642 0.968238294 0
vt 0.018809272 0.685320318 0
vt 0.828692675 0.187399566 0
vt 0.852942169 0.159731209 0
vt 0.128732815 0.668223739 0
vt 0.967205465 0.262667805 0
vt 0.766576886 0.276232421 0
vt 0.0229442827 0.802650511 0
vt 0.765875816 0.698091865 0
vt 0.892219484 0.329679042 0
vt 0.966892242 0.801544607 0
vt 0.57764703 0.885996521 0
vt 0.727490425 0.234569877 0
vt 0.860019028 0.204612076 0
vt 0.959180355 0.800170183 0
vt 0.0402955599 0.800897777 0
vt 0.431603819 0.177202225 0
vt 0.37088567 0.017663043 0
vt 0.656732559 0.150570035 0
vt 0.349030882 0.0271184705 0
vt 0.74446106 0.93126303 0
vt 0.797132373 0.955723643 0
vt 0.589227974 0.00800488703 0
vt 0.906075537 0.612195671 0
vt 0.826612651 0.420123309 0
vt 0.189131364 0.947398007 0
vt 0.148507848 0.0281326044 0
vt 0.953520238 0.962874889 0
vt 0.826162815 0.212118357 0
vt 0.0310933869 0.0253535565 0
vt 0.73402977 0.195587724 0
vt 0.18950212 0.815881252 0
vt 0.816091597 0.984785438 0
vt 0.758094132 0.778782845 0
vt 0.762372911 0.136806458 0
vt 0.922150254 0.963443995 0
vt 0.945343912 0.664256155 0
vt 0.891197503 0.430042118 0
vt 0.609184146 0.437673062 0
vt 0.110689908 0.637735605 0
vt 0.100287721 0.651496708 0
vt 0.597088218 0.124387972 0
vt 0.969041109 0.601044655 0
vt 0.771644592 0.183965236 0
vt 0.746664286 0.14581266 0
vt 0.852940917 0.510724068 0
vt 0.408578604 0.0448672473 0
vt 0.992666841 0.965812325 0
vt 0.92522949 0.390657425 0
vt 0.695985973 0.975372434 0
vt 0.893187404 0.586685836 0
vt 0.876845598 0.903909862 0
vt 0.547192752 0.693458915 0
vt 0.959736466 0.842724085 0
vt 0.578663468 0.432882726 0
vt 0.778948426 0.223202616 0
vt 0.844625592 0.709909081 0
vt 0.873942792 0.275919497 0
vt 0.62719065 0.384184748 0
vt 0.79719305 0.714555562 0
vt 0.828457713 0.956873059 0
vt 0.0878335983 0.69573766 0
vt 0.408064067 0.512092769 0
vt 0.656808734 0.973519027 0
vt 0.945701063 0.924558938 0
vt 0.859454036 0.29919672 0
vt 0.982308984 0.507668793 0
vt 0.249930292 0.749013722 0
vt 0.43609786 0.976612449 0
vt 0.844186664 0.40718773 0
vt 0.818267941 0.307840943 0
vt 0.935938179 0.810208738 0
vt 0.399603635 0.945423245 0
vt 0.00801137183 0.861753702 0
vt 0.0147086009 0.551533878 0
vt 0.200217381 0.879301548 0
vt 0.527991176 0.382373929 0
vt 0.67884922 0.980362058 0
vt 0.819053829 0.315859646 0
vt 0.75632596 0.409306705 0
vt 0.897663772 0.32586351 0
vt 0.0689349622 0.872055173 0
vt 0.606289506 0.0117212096 0
vt 0.729435682 0.324272901 0
vt 0.96749264 0.0153396018 0
vt 0.892160416 0.52390933 0
vt 0.0617037341 0.829291344 0
vt 0.824518859 0.705867887 0
vt 0.272938788 0.963338137 0
vt 0.66381377 0.973972023 0
vt 0.704667091 0.95655179 0
vt 0.90698719 0.79053688 0
vt 0.29801634 0.961771071 0
vt 0.814600646 0.519302726 0
vt 0.191447452 0.981604218 0
vt 0.792333364 0.210536599 0
vt 0.0332726687 0.777192116 0
vt 0.17785579 0.932861149 0
vt 0.889054418 0.926505089 0
vt 0.0546426699 0.65390414 0
vt 0.775740385 0.694781423 0
vt 0.75374198 0.422883809 0
vt 0.658213079 0.228305191 0
vt 0.811923742 0.548859477 0
vt 0.960767806 0.199425295 0
vt 0.924033701 0.174256697 0
vt 0.780415893 0.254207432 0
vt 0.855298042 0.322915405 0
vt 0.654205203 0.0654442683 0
vt 0.221882969 0.589899004 0
vt 0.529482603 0.357397735 0
vt 0.116152927 0.97982645 0
vt 0.421828955 0.179922372 0
vt 0.89104718 0.580247343 0
vt 0.909757853 0.30402112 0
vt 0.966246426 0.426577866 0
vt 0.90796566 0.909821928 0
vt 0.216914713 0.890814066 0
vt 0.745694876 0.151375279 0
vt 0.704652607 0.479811877 0
vt 0.705201626 0.0260258429 0
vt 0.6264956 0.413569838 0
vt 0.562696993 0.0795528218 0
vt 0.845062256 0.216283321 0
vt 0.628207684 0.39441064 0
vt 0.968879342 0.909513891 0
vt 0.370692074 0.982240021 0
vt 0.92458421 0.136194274 0
vt 0.590665936 0.0280724615 0
vt 0.287388474 0.973638713 0
vt 0.860519648 0.104418971 0
vt 0.541773498 0.438446403 0
vt 0.364946634 0.0109171979 0
vt 0.827941179 0.236043215 0
vt 0.878885984 0.889828444 0
vt 0.218171701 0.0788811371 0
vt 0.946124673 0.552721143 0
vt 0.985841393 0.563542962 0
vt 0.835174799 0.561070979 0
vt 0.839780152 0.200364381 0
vt 0.849341154 0.490135193 0
vt 0.706382871 0.324100763 0
vt 0.992403507 0.80454576 0
vt 0.654517353 0.533329606 0
vt 0.845437229 0.564410686 0
vt 0.0293014273 0.687755704 0
vt 0.189049944 0.558790445 0
vt 0.858999968 0.552094281 0
vt 0.904177427 0.283028305 0
vt 0.446611613 0.0515910983 0
vt 0.944183409 0.851566613 0
vt 0.781553924 0.471368223 0
vt 0.525754571 0.0684818625 0
vt 0.533698499 0.391550928 0
vt 0.831389189 0.362244576 0
vt 0.967766762 0.582407773 0
vt 0.639369547 0.483197987 0
vt 0.644388139 0.325012863 0
vt 0.92421782 0.370413154 0
vt 0.764876544 0.985479832 0
vt 0.876868069 0.284027815 0
vt 0.0615136847 0.0606590137 0
vt 0.572856009 0.770500183 0
vt 0.579007089 0.0700289011 0
vt 0.799785078 0.163256437 0
vt 0.906025171 0.958771169 0
vt 0.219405264 0.985527217 0
vt 0.753599584 0.959160566 0
vt 0.93974638 0.918814301 0
vt 0.511008978 0.735191226 0
vt 0.609264135 0.494909525 0
vt 0.694986105 0.461062521 0
vt 0.101693079 0.505410135 0
vt 0.9450261 0.170593008 0
vt 0.810543537 0.689625502 0
vt 0.893265247 0.91760397 0
vt 0.589586735 0.395938277 0
vt 0.812280715 0.432670921 0
vt 0.810429752 0.191081226 0
vt 0.604052961 0.397194326 0
vt 0.212537542 0.911247432 0
vt 0.922039568 0.612683415 0
vt 0.609220445 0.0472796895 0
vt 0.985820413 0.861153781 0
vt 0.235469863 0.455424875 0
vt 0.674337924 0.681503236 0
vt 0.796654284 0.29865253 0
vt 0.125300393 0.133586511 0
vt 0.0662256256 0.835848093 0
vt 0.75033462 0.192348644 0
vt 0.67311132 0.16353853 0
vt 0.93512696 0.509062827 0
vt 0.735591173 0.457134962 0
vt 0.545596302 0.65857482 0
vt 0.705369174 0.542033017 0
vt 0.107375562 0.64092803 0
vt 0.897731602 0.466715038 0
vt 0.756131887 0.972053289 0
vt 0.879275084 0.294126213 0
vt 0.796173155 0.238279849 0
vt 0.505227923 0.174841374 0
vt 0.416757762 0.176895425 0
vt 0.965438783 0.760929942 0
vt 0.590648055 0.0791496187 0
vt 0.127943337 0.803375483 0
vt 0.0167599823 0.862352967 0
vt 0.275361001 0.973985553 0
vt 0.617961645 0.397489607 0
vt 0.790025115 0.418107986 0
vt 0.765547633 0.270900309 0
vt 0.964414477 0.882840753 0
vt 0.799757361 0.207528099 0
vt 0.0369092859 0.549271286 0
vt 0.267174423 0.562118053 0
vt 0.932312787 0.507677436 0
vt 0.236394897 0.995162129 0
vt 0.849289834 0.149240479 0
vt 0.886143386 0.515318692 0
vt 0.163324893 0.222284436 0
vt 0.958565295 0.425069869 0
vt 0.47538501 0.0569489636 0
vt 0.229124308 0.332824707 0
vt 0.88269031 0.474086165 0
vt 0.643041492 0.30767715 0
vt 0.11242269 0.824354351 0
vt 0.643427014 0.0560567863 0
vt 0.756267905 0.784388661 0
vt 0.795065701 0.39175576 0
vt 0.463841498 0.882385612 0
vt 0.587990165 0.0698830634 0
vt 0.904995322 0.4643929 0
vt 0.810077906 0.545012593 0
vt 0.466188639 0.859069705 0
vt 0.898646116 0.226953149 0
vt 0.655359268 0.277829915 0
vt 0.96833092 0.75810653 0
vt 0.4755494 0.917968214 0
vt 0.153989449 0.358531386 0
vt 0.642846704 0.541649759 0
vt 0.792577326 0.226425931 0
vt 0.950878859 0.922706008 0
vt 0.882634163 0.224662393 0
vt 0.640796185 0.381070882 0
vt 0.721999884 0.0346622951 0
vt 0.0769096166 0.548762083 0
vt 0.984538078 0.70616889 0
vt 0.765492499 0.176493913 0
vt 0.841311455 0.52064085 0
vt 0.125003412 0.339987367 0
vt 0.773400545 0.789959788 0
vt 0.664790213 0.128479466 0
vt 0.827783108 0.129686221 0
vt 0.757364571 0.364785135 0
vt 0.875223637 0.901345074 0
vt 0.0658301488 0.708807528 0
vt 0.561913908 0.789643764 0
vt 0.874836445 0.249522552 0
vt 0.0669459775 0.56131357 0
vt 0.820250332 0.098286435 0
vt 0.677057922 0.296641171 0
vt 0.798871636 0.38811776 0
vt 0.685558975 0.546098351 0
vt 0.130563527 0.95956409 0
vt 0.703343332 0.275802493 0
vt 0.390871763 0.864471436 0
vt 0.924145222 0.232074857 0
vt 0.690568984 0.111394621 0
vt 0.84764421 0.373298675 0
vt 0.781180799 0.455921769 0
vt 0.595419228 0.415233463 0
vt 0.797154486 0.291138291 0
vt 0.563441753 0.284691811 0
vt 0.875417054 0.369915307 0
vt 0.631052196 0.194654867 0
vt 0.038281668 0.759397686 0
vt 0.218705803 0.97715354 0
vt 0.731972754 0.987901449 0
vt 0.782690763 0.22864005 0
vt 0.762653291 0.424296618 0
vt 0.517242849 0.737923503 0
vt 0.507423401 0.184997439 0
vt 0.404475212 0.529510796 0
vt 0.810533404 0.557828963 0
vt 0.781443954 0.58912766 0
vt 0.814587235 0.56537962 0
vt 0.765355051 0.960432947 0
vt 0.885616839 0.222503185 0
vt 0.0322806351 0.667070508 0
vt 0.860815942 0.298303545 0
vt 0.709654391 0.211936086 0
vt 0.346018314 0.723251283 0
vt 0.888866901 0.354232073 0
vt 0.80552125 0.286941439 0
vt 0.565449238 0.298062176 0
vt 0.980316639 0.263245106 0
vt 0.515576303 0.112208463 0
vt 0.0376425125 0.553823829 0
vt 0.557821572 0.0277721398 0
vt 0.917530119 0.474391818 0
vt 0.37969178 0.717965364 0
vt 0.450963229 0.0112295961 0
vt 0.743727624 0.988534093 0
vt 0.254244179 0.94712168 0
vt 0.545339584 0.281091362 0
vt 0.45251286 0.986426294 0
vt 0.910730183 0.530941784 0
vt 0.156311214 0.979864061 0
vt 0.683668017 0.973892987 0
vt 0.72058779 0.277360648 0
vt 0.69470346 0.34319216 0
vt 0.915542006 0.895126581 0
vt 0.741062045 0.979989529 0
vt 0.979925573 0.635088086 0
vt 0.796541452 0.288949549 0
vt 0.236018851 0.0806931555 0
vt 0.905851364 0.579234958 0
vt 0.43447262 0.0917650163 0
vt 0.802763343 0.558607936 0
vt 0.86597079 0.895333111 0
vt 0.806551874 0.557278335 0
vt 0.944973946 0.408545256 0
vt 0.836475492 0.179358408 0
vt 0.57797277 0.309341639 0
vt 0.147949561 0.0585393906 0
vt 0.417360187 0.00336231431 0
vt 0.512314618 0.168112144 0
vt 0.88824904 0.57864368 0
vt 0.952299833 0.669993281 0
vt 0.919592261 0.537103653 0
vt 0.90452826 0.881182194 0
vt 0.74586314 0.219565958 0
vt 0.0773129165 0.91904974 0
vt 0.640061378 0.262134969 0
vt 0.0169256609 0.69882828 0
vt 0.609393597 0.0694577098 0
vt 0.921234787 0.542228937 0
vt 0.967119575 0.146392584 0
vt 0.821005821 0.549709976 0
vt 0.618510723 0.994165719 0
vt 0.848874807 0.461913109 0
vt 0.0571761318 0.662685573 0
vt 0.639549017 0.267024755 0
vt 0.446932733 0.0437886193 0
vt 0.814646363 0.353670627 0
vt 0.537108958 0.212275222 0
vt 0.808216691 0.978390515 0
vt 0.789315462 0.459688008 0
vt 0.128550723 0.635608554 0
vt 0.970120966 0.852116644 0
vt 0.790283144 0.270911723 0
vt 0.983759761 0.254165322 0
vt 0.834784031 0.48123765 0
vt 0.888945639 0.0369673148 0
vt 0.219929636 0.972918868 0
vt 0.892012179 0.57581538 0
vt 0.810727477 0.926453352 0
vt 0.0323820859 0.283718705 0
vt 0.342200339 0.0162007064 0
vt 0.085882172 0.816824794 0
vt 0.931761503 0.515569627 0
vt 0.709251046 0.196685642 0
vt 0.0458022542 0.0446250215 0
vt 0.922418594 0.860764384 0
vt 0.781916142 0.532542825 0
vt 0.451692164 0.0187180955 0
vt 0.893046796 0.326556593 0
vt 0.404233009 0.96435523 0
vt 0.945636392 0.207320705 0
vt 0.082234174 0.526520491 0
vt 0.788528502 0.722425461 0
vt 0.0319629014 0.232816681 0
vt 0.430376649 0.177984431 0
vt 0.965094805 0.883706033 0
vt 0.781395495 0.0951119289 0
vt 0.973636329 0.785722136 0
vt 0.727552652 0.38417691 0
vt 0.779381394 0.445936263 0
vt 0.168771893 0.14400281 0
vt 0.932478666 0.961397707 0
vt 0.388697594 0.985911131 0
vt 0.769019604 0.36445871 0
vt 0.536014497 0.979278862 0
vt 0.102586888 0.644277513 0
vt 0.639754653 0.0599625558 0
vt 0.829186976 0.926567554 0
vt 0.829315186 0.482478112 0
vt 0.658719242 0.506813288 0
vt 0.900120199 0.509252608 0
vt 0.0253520682 0.215972692 0
vt 0.702296793 0.611076951 0
vt 0.563658476 0.793558598 0
vt 0.571249008 0.223280638 0
vt 0.913405538 0.168749332 0
vt 0.640018702 0.950665355 0
vt 0.169155777 0.0513484888 0
vt 0.109958023 0.52586776 0
vt 0.904300034 0.529200912 0
vt 0.109034292 0.638588667 0
vt 0.251683891 0.290756941 0
vt 0.812379718 0.211748272 0
vt 0.858222246 0.161530674 0
vt 0.82084465 0.162763715 0
vt 0.84414506 0.22042124 0
vt 0.716732383 0.277681142 0
vt 0.798061967 0.150479093 0
vt 0.851898074 0.199088722 0
vt 0.210059613 0.92715162 0
vt 0.952523828 0.699410915 0
vt 0.913890779 0.822351038 0
vt 0.871849477 0.279115409 0
vt 0.55987376 0.0333281346 0
vt 0.423945189 0.674540758 0
vt 0.222437516 0.986129642 0
vt 0.984704971 0.992327571 0
vt 0.88236475 0.387143016 0
vt 0.45249778 0.128865927 0
vt 0.120480821 0.0193299241 0
vt 0.966871083 0.035936214 0
vt 0.860793471 0.262084693 0
vt 0.017312644 0.762702703 0
vt 0.718687356 0.341854692 0
vt 0.811712384 0.171929225 0
vt 0.89504987 0.238256574 0
vt 0.91940248 0.0131669519 0
vt 0.828098655 0.287550479 0
vt 0.531039357 0.379892468 0
vt 0.825578332 0.35585767 0
vt 0.669678926 0.131396383 0
vt 0.964537144 0.202654064 0
vt 0.427618206 0.557804763 0
vt 0.587399721 0.41130811 0
vt 0.922282457 0.617927074 0
vt 0.953149557 0.910714865 0
vt 0.375031203 0.0274379272 0
vt 0.81267029 0.199846596 0
vt 0.889701664 0.979930103 0
vt 0.381225705 0.491601229 0
vt 0.976950943 0.0430426449 0
vt 0.837095261 0.458643079 0
vt 0.798098624 0.551074624 0
vt 0.016801184 0.923930407 0
vt 0.42433843 0.957421899 0
vt 0.0613568425 0.691110611 0
vt 0.797098637 0.544239283 0
vt 0.0774285346 0.670743048 0
vt 0.842515945 0.403226912 0
vt 0.0700426325 0.0758989602 0
vt 0.950405478 0.793485641 0
vt 0.746895552 0.394860297 0
vt 0.0956902876 0.853291929 0
vt 0.920909107 0.791718304 0
vt 0.124667779 0.879764676 0
vt 0.509122252 0.212648764 0
vt 0.602783799 0.0342402644 0
vt 0.616863549 0.98946768 0
vt 0.763102472 0.266014755 0
vt 0.71546036 0.757985055 0
vt 0.861535966 0.045464769 0
vt 0.944321513 0.81586194 0
vt 0.556024909 0.683310151 0
vt 0.993459702 0.185780942 0
vt 0.91674155 0.84521395 0
vt 0.984328151 0.475165129 0
vt 0.554239333 0.0603385828 0
vt 0.0528237782 0.682737052 0
vt 0.764142215 0.30072099 0
vt 0.899870932 0.879036367 0
vt 0.468629807 0.0615058765 0
vt 0.577592015 0.0443958975 0
vt 0.951513529 0.956562996 0
vt 0.935138643 0.939355314 0
vt 0.889879346 0.893079877 0
vt 0.969204426 0.34601447 0
vt 0.430697143 0.52811718 0
vt 0.110307731 0.673358321 0
vt 0.23496516 0.988565445 0
vt 0.00288865855 0.673001945 0
vt 0.858122766 0.262963653 0
vt 0.971630096 0.84346962 0
vt 0.017246861 0.63643837 0
vt 0.829852104 0.206375867 0
vt 0.906945944 0.583375096 0
vt 0.0291896202 0.709112763 0
vt 0.888684869 0.175430268 0
vt 0.883789062 0.261148632 0
vt 0.671516955 0.899298072 0
vt 0.517852664 0.201417387 0
vt 0.968500495 0.21558705 0
vt 0.130034149 0.741545022 0
vt 0.406938016 0.182073846 0
vt 0.0941534489 0.623235822 0
vt 0.95443362 0.958176196 0
vt 0.881678581 0.960628688 0
vt 0.63062644 0.4069269 0
vt 0.782314181 0.167627364 0
vt 0.966057181 0.176985607 0
vt 0.905856609 0.480273634 0
vt 0.765562296 0.950443625 0
vt 0.953287721 0.575170875 0
vt 0.795169353 0.975104094 0
vt 0.787779927 0.3085365 0
vt 0.829508662 0.362892449 0
vt 0.57825011 0.296608359 0
vt 0.455599636 0.0250439905 0
vt 0.783200443 0.164301038 0
vt 0.718776226 0.409332454 0
vt 0.180728078 0.846411943 0
vt 0.85320735 0.286719829 0
vt 0.888596356 0.300238669 0
vt 0.451330006 0.135664508 0
vt 0.908327341 0.892216682 0
vt 0.626792192 0.109419286 0
vt 0.0808820873 0.837567985 0
vt 0.890159249 0.800858676 0
vt 0.701031148 0.36168164 0
vt 0.0154097658 0.696324468 0
vt 0.546519995 0.425219804 0
vt 0.906228185 0.603087902 0
vt 0.0472358465 0.557782769 0
vt 0.871958971 0.0391008854 0
vt 0.460297883 0.839449525 0
vt 0.649467647 0.0847636461 0
vt 0.742308557 0.356428653 0
vt 0.640630126 0.0507077202 0
vt 0.858772874 0.187659785 0
vt 0.205830693 0.400575131 0
vt 0.892671227 0.200564772 0
vt 0.844621003 0.477598399 0
vt 0.838304758 0.571719944 0
vt 0.227465779 0.448560894 0
vt 0.950322628 0.0195384491 0
vt 0.567824185 0.0358467773 0
vt 0.733239591 0.364417821 0
vt 0.658458114 0.529136419 0
vt 0.860301852 0.938085794 0
vt 0.783286572 0.257727027 0
vt 0.19376412 0.335970253 0
vt 0.902366996 0.503167689 0
vt 0.557654381 0.0519229658 0
vt 0.70792836 0.324068606 0
vt 0.344177783 0.293643773 0
vt 0.899507165 0.517711043 0
vt 0.861094832 0.145122945 0
vt 0.78878051 0.951052427 0
vt 0.891097069 0.928084433 0
vt 0.579503536 0.0149447024 0
vt 0.0645305738 0.821547806 0
vt 0.797852993 0.154683545 0
vt 0.0836732984 0.674828291 0
vt 0.465498954 0.0635757372 0
vt 0.584445536 0.448920816 0
vt 0.916444063 0.574629068 0
vt 0.42130214 0.948880196 0
vt 0.0399378799 0.644421041 0
vt 0.0221563913 0.928992331 0
vt 0.00724779163 0.75250411 0
vt 0.919604301 0.612799287 0
vt 0.830713928 0.455708116 0
vt 0.0676864088 0.589599609 0
vt 0.173343942 0.662950277 0
vt 0.822548211 0.260653675 0
vt 0.962182701 0.400643766 0
vt 0.69582212 0.270471394 0
vt 0.840730011 0.47224018 0
vt 0.991485536 0.988071918 0
vt 0.966924191 0.762812555 0
vt 0.897420108 0.917899251 0
vt 0.887420833 0.324077666 0
vt 0.888106823 0.484722674 0
vt 0.97399509 0.839604318 0
vt 0.463848442 0.0694332644 0
vt 0.609294415 0.0190712623 0
vt 0.904050708 0.885831714 0
vt 0.357352853 0.0313640125 0
vt 0.703211606 0.0428168476 0
vt 0.563801885 0.200798154 0
vt 0.716863036 0.452670455 0
vt 0.765098274 0.943365276 0
vt 0.702608943 0.486108154 0
vt 0.609107852 0.197017074 0
vt 0.81293726 0.314528257 0
vt 0.699416101 0.203372687 0
vt 0.713000596 0.270288885 0
vt 0.829933763 0.483449936 0
vt 0.0139807714 0.641487718 0
vt 0.859621048 0.57279861 0
vt 0.0629622564 0.56024462 0
vt 0.757391751 0.255039752 0
vt 0.684985578 0.301048309 0
vt 0.563681662 0.0632016733 0
vt 0.25967589 0.960882425 0
vt 0.910380661 0.990083277 0
vt 0.821528673 0.114302158 0
vt 0.827815235 0.188503817 0
vt 0.468743086 0.0299841333 0
vt 0.825667977 0.480949223 0
vt 0.95290935 0.380902052 0
vt 0.954329848 0.931817174 0
vt 0.859579027 0.246774152 0
vt 0.648468673 0.427879184 0
vt 0.943246603 0.734040141 0
vt 0.453930616 0.524105072 0
vt 0.326811224 0.473283589 0
vt 0.962321639 0.972182035 0
vt 0.696632385 0.983650565 0
vt 0.434861898 0.152355254 0
vt 0.723040998 0.47230047 0
vt 0.576327801 0.0517297462 0
vt 0.702044725 0.542256713 0
vt 0.871775866 0.520476103 0
vt 0.338174164 0.277850479 0
vt 0.264158845 0.00529058184 0
vt 0.0473751165 0.0210243426 0
vt 0.0668369904 0.865986109 0
vt 0.576267719 0.0130401533 0
vt 0.81287384 0.167708337 0
vt 0.22651273 0.318204582 0
vt 0.288775563 0.292203367 0
vt 0.766246438 0.260359198 0
vt 0.813093781 0.195403248 0
vt 0.91164875 0.324546844 0
vt 0.950306833 0.631697536 0
vt 0.922447503 0.823616266 0
vt 0.628235579 0.406496406 0
vt 0.944119334 0.601784229 0
vt 0.888096511 0.51987803 0
vt 0.766803801 0.119018942 0
vt 0.486255884 0.981977344 0
vt 0.578160822 0.297977149 0
vt 0.685024738 0.951521218 0
vt 0.0437607542 0.767692268 0
vt 0.452005178 0.520070672 0
vt 0.962615371 0.78861022 0
vt 0.110241532 0.793544054 0
vt 0.0787578076 0.0416632816 0
vt 0.615033209 0.0417723283 0
vt 0.0460826978 0.735823274 0
vt 0.591125667 0.0202689394 0
vt 0.64036417 0.487213522 0
vt 0.100305937 0.242083162 0
vt 0.491751969 0.449403077 0
vt 0.90819025 0.860270619 0
vt 0.789849639 0.122143462 0
vt 0.922670782 0.0378275402 0
vt 0.0793096647 0.611342371 0
vt 0.889543355 0.72460252 0
vt 0.920703709 0.824030817 0
vt 0.945234537 0.895097613 0
vt 0.159771919 0.919942439 0
vt 0.800137937 0.613811076 0
vt 0.665378451 0.286904216 0
vt 0.814726293 0.691589713 0
vt 0.466054112 0.138438627 0
vt 0.963952839 0.885241449 0
vt 0.111297369 0.657287836 0
vt 0.322951555 0.678442895 0
vt 0.831080437 0.175620928 0
vt 0.620622456 0.0286985822 0
vt 0.620116889 0.0261813775 0
vt 0.460738957 0.901121795 0
vt 0.0943532437 0.642263651 0
vt 0.764701962 0.975313902 0
vt 0.838455498 0.150931492 0
vt 0.0794980675 0.118707463 0
vt 0.756272972 0.258535564 0
vt 0.878550708 0.160393149 0
vt 0.132118717 0.848032117 0
vt 0.99149704 0.189959079 0
vt 0.670701385 0.101074599 0
vt 0.892611802 0.579413772 0
vt 0.221173912 0.891254902 0
vt 0.548643351 0.183424369 0
vt 0.89628768 0.589742005 0
vt 0.482041538 0.700342596 0
vt 0.779725909 0.232413322 0
vt 0.0978545025 0.995797217 0
vt 0.45547533 0.112346172 0
vt 0.0934768394 0.640191615 0
vt 0.048110269 0.675471604 0
vt 0.76456213 0.362610608 0
vt 0.266118377 0.160481751 0
vt 0.9316504 0.982167602 0
vt 0.67258054 0.489372164 0
vt 0.920430243 0.924760342 0
vt 0.575797617 0.156413987 0
vt 0.921901107 0.88862884 0
vt 0.0874043554 0.538199067 0
vt 0.703704953 0.300213635 0
vt 0.608899295 0.323339522 0
vt 0.970470905 0.766835809 0
vt 0.98277086 0.799299836 0
vt 0.922366023 0.215075105 0
vt 0.666744053 0.0978849307 0
vt 0.796295881 0.538692594 0
vt 0.90022403 0.49216491 0
vt 0.234150499 0.320619732 0
vt 0.643266201 0.82503283 0
vt 0.343797147 0.713923693 0
vt 0.0759814009 0.604797423 0
vt 0.165121153 0.0409660302 0
vt 0.037535049 0.799582958 0
vt 0.450952709 0.112717688 0
vt 0.411426306 0.994841039 0
vt 0.81936264 0.116203532 0
vt 0.263142109 0.200588018 0
vt 0.345609516 0.790767372 0
vt 0.833731174 0.366273403 0
vt 0.627163649 0.620486915 0
vt 0.0672232658 0.596274078 0
vt 0.985133529 0.833944559 0
vt 0.891531885 0.26249969 0
vt 0.103011735 0.658955634 0
vt 0.703528345 0.261688441 0
vt 0.594503045 0.0975070447 0
vt 0.0707091764 0.709830701 0
vt 0.82858175 0.919092059 0
vt 0.897601187 0.292212576 0
vt 0.0933802724 0.646510243 0
vt 0.82307601 0.42547369 0
vt 0.694913685 0.136672944 0
vt 0.357971609 0.726501167 0
vt 0.141450956 0.951393545 0
vt 0.146526635 0.989905953 0
vt 0.452750981 0.892895341 0
vt 0.781377375 0.279115289 0
vt 0.0958586335 0.973651111 0
vt 0.754578054 0.959423542 0
vt 0.861526608 0.457745135 0
vt 0.965518832 0.968878984 0
vt 0.905670881 0.345426738 0
vt 0.906325817 0.346411705 0
vt 0.954832733 0.799083233 0
vt 0.0621610396 0.0682657585 0
vt 0.814159274 0.940130472 0
vt 0.899556518 0.885931253 0
vt 0.920143366 0.676284671 0
vt 0.98191601 0.735769987 0
vt 0.559096932 0.769464612 0
vt 0.985702276 0.676387548 0
vt 0.589614272 0.145186961 0
vt 0.656028509 0.0803732127 0
vt 0.471184701 0.10339433 0
vt 0.670542359 0.422985554 0
vt 0.781804085 0.721627831 0
vt 0.798118711 0.462702602 0
vt 0.631527662 0.383075714 0
vt 0.484343886 0.922884881 0
vt 0.0328799114 0.721383035 0
vt 0.684558451 0.302074432 0
vt 0.889659524 0.285509259 0
vt 0.352241397 0.0218287595 0
vt 0.892891526 0.66884774 0
vt 0.528581142 0.0805811808 0
vt 0.927274108 0.206370682 0
vt 0.665245295 0.284185767 0
vt 0.921479821 0.849947453 0
vt 0.0906951204 0.827165186 0
vt 0.890056968 0.974743128 0
vt 0.959442198 0.961602688 0
vt 0.468535721 0.890271842 0
vt 0.378455639 0.993933082 0
vt 0.953830659 0.111143872 0
vt 0.0803853795 0.969455302 0
vt 0.796056211 0.136654675 0
vt 0.866765976 0.290075004 0
vt 0.875403047 0.890095711 0
vt 0.746130466 0.16790767 0
vt 0.829952955 0.674966931 0
vt 0.607514381 0.187496722 0
vt 0.772691488 0.278632492 0
vt 0.424694538 0.17560792 0
vt 0.543791354 0.0739655942 0
vt 0.765121818 0.229155421 0
vt 0.79615736 0.263649672 0
vt 0.924838185 0.768865764 0
vt 0.634073973 0.380314708 0
vt 0.969622791 0.84890908 0
vt 0.701052308 0.335775018 0
vt 0.791044056 0.260429382 0
vt 0.794814467 0.393199801 0
vt 0.0782025233 0.547366977 0
vt 0.798863292 0.105264589 0
vt 0.892332971 0.893514991 0
vt 0.961441994 0.190876245 0
vt 0.66402477 0.556753695 0
vt 0.890653253 0.412994415 0
vt 0.889454782 0.427054495 0
vt 0.203130841 0.887413681 0
vt 0.60088098 0.0357431993 0
vt 0.31238097 0.937318265 0
vt 0.824448645 0.297100425 0
vt 0.763126016 0.212161034 0
vt 0.755876184 0.131760627 0
vt 0.908326745 0.732580125 0
vt 0.730660379 0.390428722 0
vt 0.823521078 0.52751416 0
vt 0.788131773 0.473613203 0
vt 0.884668827 0.0635802448 0
vt 0.557528913 0.0348647088 0
vt 0.709642947 0.957383275 0
vt 0.597055495 0.420730233 0
vt 0.554358244 0.0718063638 0
vt 0.610684872 0.499775112 0
vt 0.672446966 0.2555632 0
vt 0.584935069 0.0246251859 0
vt 0.966291189 0.277957976 0
vt 0.673469126 0.268637449 0
vt 0.78191942 0.526330113 0
vt 0.703032315 0.963568866 0
vt 0.796620011 0.962276459 0
vt 0.57752198 0.389113516 0
vt 0.655127048 0.0926034898 0
vt 0.913337708 0.804551721 0
vt 0.84318471 0.209176123 0
vt 0.0809764042 0.675482929 0
vt 0.856180668 0.251113087 0
vt 0.98413384 0.32569623 0
vt 0.442471951 0.527608216 0
vt 0.673608661 0.481342137 0
vt 0.94195652 0.356350034 0
vt 0.888954997 0.192152381 0
vt 0.9856112 0.951375544 0
vt 0.96307379 0.572149992 0
vt 0.557132661 0.866999149 0
vt 0.769287109 0.403167814 0
vt 0.818006158 0.492772043 0
vt 0.923605323 0.527210474 0
vt 0.421418428 0.176162675 0
vt 0.253372103 0.96148628 0
vt 0.990851998 0.417190909 0
vt 0.0192674659 0.553764701 0
vt 0.868519843 0.892529428 0
vt 0.804804802 0.955423117 0
vt 0.561230004 0.0473084897 0
vt 0.915985942 0.994454145 0
vt 0.459277272 0.991410494 0
vt 0.631419063 0.378527313 0
vt 0.0152825043 0.831372857 0
vt 0.758304417 0.308588386 0
vt 0.904862165 0.0321416631 0
vt 0.595752835 0.0792869553 0
vt 0.861687958 0.499465644 0
vt 0.890304327 0.237752795 0
vt 0.195826128 0.857526779 0
vt 0.0465975627 0.568734765 0
vt 0.717658401 0.489450604 0
vt 0.866716385 0.260239035 0
vt 0.856810808 0.237891138 0
vt 0.982858598 0.766667962 0
vt 0.61869365 0.495343477 0
vt 0.887468219 0.269713074 0
vt 0.404128134 0.0287508294 0
vt 0.830211997 0.339395255 0
vt 0.931532562 0.538779557 0
vt 0.45458734 0.980827808 0
vt 0.546142757 0.174859285 0
vt 0.527437568 0.219953537 0
vt 0.766034245 0.239100248 0
vt 0.12748979 0.991451323 0
vt 0.0943859741 0.652583957 0
vt 0.396021813 0.0434256122 0
vt 0.94493407 0.545024514 0
vt 0.233279929 0.982861698 0
vt 0.845760643 0.595252872 0
vt 0.845448613 0.944872797 0
vt 0.540370882 0.666967094 0
vt 0.90053916 0.318598211 0
vt 0.941726327 0.362681746 0
vt 0.974499106 0.775103331 0
vt 0.641888559 0.0524182022 0
vt 0.307145715 0.932902873 0
vt 0.875295162 0.272382826 0
vt 0.968571842 0.437949657 0
vt 0.795147538 0.379964411 0
vt 0.765009284 0.379446566 0
vt 0.921959698 0.0335155539 0
vt 0.00854487997 0.557545662 0
vt 0.672291815 0.306728661 0
vt 0.765124619 0.793393195 0
vt 0.982105911 0.786670029 0
vt 0.056561958 0.662154913 0
vt 0.926761448 0.574344575 0
vt 0.73119992 0.533821106 0
vt 0.98451829 0.265997469 0
vt 0.929969549 0.897772133 0
vt 0.896308422 0.301446378 0
vt 0.807428896 0.254891008 0
vt 0.827951252 0.431631446 0
vt 0.900365412 0.276111305 0
vt 0.825047493 0.562769651 0
vt 0.819256306 0.283876926 0
vt 0.912545323 0.823356867 0
vt 0.84915489 0.375644028 0
vt 0.993313432 0.448920429 0
vt 0.0468170643 0.78968668 0
vt 0.804502368 0.132557467 0
vt 0.902887702 0.908407271 0
vt 0.444152653 0.983391941 0
vt 0.699374437 0.0100308685 0
vt 0.882310569 0.185577556 0
vt 0.594520092 0.0346661657 0
vt 0.860219359 0.464635015 0
vt 0.648556352 0.27702117 0
vt 0.779850662 0.527087986 0
vt 0.226577342 0.992278337 0
vt 0.908109307 0.865151882 0
vt 0.250438988 0.758827329 0
vt 0.591969371 0.0920511261 0
vt 0.210715428 0.958128572 0
vt 0.702638745 0.954971731 0
vt 0.170051724 0.0425720736 0
vt 0.683540761 0.289693266 0
vt 0.874234617 0.0448213927 0
vt 0.825105786 0.485661447 0
vt 0.830607891 0.136370644 0
vt 0.580387354 0.35627991 0
vt 0.445170224 0.97397393 0
vt 0.76760745 0.943717539 0
vt 0.42978853 0.959109902 0
vt 0.077454105 0.54570961 0
vt 0.88056916 0.954801142 0
vt 0.202172756 0.322809994 0
vt 0.953103781 0.613972783 0
vt 0.453449488 0.849873662 0
vt 0.466128469 0.136404052 0
vt 0.753050208 0.975735188 0
vt 0.0670591667 0.836853981 0
vt 0.390131861 0.32603839 0
vt 0.61838007 0.058209762 0
vt 0.952870071 0.708829701 0
vt 0.0811711699 0.623533368 0
vt 0.869572878 0.462474644 0
vt 0.959855318 0.130657494 0
vt 0.914159536 0.926985204 0
vt 0.797533095 0.266530961 0
vt 0.616886616 0.0516173914 0
vt 0.0155914165 0.689292133 0
vt 0.592321277 0.0360558368 0
vt 0.66578418 0.411437154 0
vt 0.0299914759 0.778247535 0
vt 0.783433437 0.215088367 0
vt 0.184167817 0.92662698 0
vt 0.865360916 0.415566564 0
vt 0.965979338 0.227112114 0
vt 0.790499449 0.428457707 0
vt 0.664721608 0.446716487 0
vt 0.781814158 0.288230956 0
vt 0.196252257 0.337064117 0
vt 0.901671052 0.884586096 0
vt 0.931990981 0.501565814 0
vt 0.201629132 0.957492232 0
vt 0.518665791 0.370764613 0
vt 0.594994545 0.312546402 0
vt 0.575107396 0.143983483 0
vt 0.517872512 0.199759692 0
vt 0.96304065 0.957573652 0
vt 0.813178957 0.519051492 0
vt 0.732558131 0.292747974 0
vt 0.178961709 0.937290132 0
vt 0.934536159 0.962995291 0
vt 0.373134494 0.0238607973 0
vt 0.616322339 0.12673226 0
vt 0.903235793 0.881300628 0
vt 0.887634575 0.51116246 0
vt 0.713907897 0.214940548 0
vt 0.796619356 0.318651915 0
vt 0.0545402057 0.747452378 0
vt 0.271305025 0.928704143 0
vt 0.910745561 0.104447864 0
vt 0.780545712 0.211575896 0
vt 0.0644269958 0.867208004 0
vt 0.765572965 0.232399374 0
vt 0.362469912 0.0160976015 0
vt 0.767825186 0.19858855 0
vt 0.928597093 0.987470567 0
vt 0.985539258 0.11195074 0
vt 0.343239665 0.782386243 0
vt 0.850403011 0.348617017 0
vt 0.673107028 0.293714136 0
vt 0.00874655321 0.738192976 0
vt 0.747614861 0.188973889 0
vt 0.0149884205 0.599268377 0
vt 0.984210372 0.270477057 0
vt 0.359452426 0.0175814107 0
vt 0.0161751695 0.257673651 0
vt 0.884851396 0.207281396 0
vt 0.711924255 0.955505252 0
vt 0.649920106 0.520655572 0
vt 0.887418449 0.237938166 0
vt 0.842442513 0.183889866 0
vt 0.637160182 0.080450438 0
vt 0.679333866 0.989245713 0
vt 0.0394432209 0.55317986 0
vt 0.959270895 0.958449423 0
vt 0.576385617 0.0822773874 0
vt 0.912428319 0.853600979 0
vt 0.920988083 0.943830609 0
vt 0.634047091 0.0225579999 0
vt 0.861082077 0.355763555 0
vt 0.879911482 0.952027678 0
vt 0.70975852 0.945375085 0
vt 0.840107918 0.326542914 0
vt 0.859520435 0.394519031 0
vt 0.835269928 0.957262754 0
vt 0.772929311 0.290677071 0
vt 0.759025395 0.738870203 0
vt 0.684856653 0.430404723 0
vt 0.870782495 0.353444725 0
vt 0.967394352 0.848200381 0
vt 0.734017849 0.456002951 0
vt 0.724913001 0.461363524 0
vt 0.885988533 0.508017242 0
vt 0.854064345 0.257221371 0
vt 0.757838249 0.425498575 0
vt 0.640871286 0.106018133 0
vt 0.203438833 0.05273569 0
vt 0.842492223 0.569025755 0
vt 0.655226469 0.334360331 0
vt 0.936400056 0.307670265 0
vt 0.880934536 0.96846348 0
vt 0.650398254 0.61911881 0
vt 0.921643734 0.201800197 0
vt 0.0159738325 0.326252878 0
vt 0.756219864 0.977636695 0
vt 0.848993242 0.429100454 0
vt 0.234964609 0.859624028 0
vt 0.562938094 0.0892677158 0
vt 0.494148672 0.0398463421 0
vt 0.806938648 0.551348329 0
vt 0.966068745 0.596974254 0
vt 0.0786890388 0.736616611 0
vt 0.507555723 0.705545664 0
vt 0.412139535 0.511394441 0
vt 0.91448921 0.138458937 0
vt 0.828446031 0.181539506 0
vt 0.921655416 0.547439575 0
vt 0.986945748 0.45689255 0
vt 0.281556964 0.97944659 0
vt 0.577740967 0.0192424469 0
vt 0.640606225 0.0696204826 0
vt 0.695088625 0.447469652 0
vt 0.87375927 0.378130257 0
vt 0.350263536 0.303940356 0
vt 0.170938119 0.993069172 0
vt 0.399570048 0.0370025486 0
vt 0.827927828 0.426656574 0
vt 0.320878506 0.0102340179 0
vt 0.850890815 0.285880655 0
vt 0.0401854664 0.792215824 0
vt 0.466699421 0.847716093 0
vt 0.977293909 0.0370559543 0
vt 0.906745374 0.607477367 0
vt 0.921758473 0.902553558 0
vt 0.879178882 0.393428326 0
vt 0.841401935 0.59691143 0
vt 0.0772602037 0.0437617004 0
vt 0.967810631 0.796757162 0
vt 0.920125008 0.451135993 0
vt 0.811232567 0.185735062 0
vt 0.568520069 0.324252605 0
vt 0.741837382 0.990327835 0
vt 0.059863802 0.670399666 0
vt 0.882230401 0.20962885 0
vt 0.882974386 0.380354106 0
vt 0.577825129 0.306431979 0
vt 0.836803257 0.47401613 0
vt 0.968139112 0.83455503 0
vt 0.753843069 0.43050766 0
vt 0.857551813 0.456209391 0
vt 0.240262538 0.933977783 0
vt 0.436835468 0.958017766 0
vt 0.0137692103 0.176307186 0
vt 0.593050957 0.275751084 0
vt 0.770902097 0.11601653 0
vt 0.987945735 0.894028783 0
vt 0.727208674 0.973744631 0
vt 0.494572282 0.0466647707 0
vt 0.577876091 0.0757852644 0
vt 0.862809658 0.0592842698 0
vt 0.951900601 0.925063968 0
vt 0.785716653 0.184913635 0
vt 0.264040589 0.988477111 0
vt 0.544832587 0.429596901 0
vt 0.443768859 0.978845775 0
vt 0.907297969 0.471899629 0
vt 0.325687796 0.0120991301 0
vt 0.0711646155 0.710662603 0
vt 0.00622076588 0.017544888 0
vt 0.781299949 0.271854699 0
vt 0.0553667098 0.0320642181 0
vt 0.71973455 0.345684946 0
vt 0.89318192 0.925547004 0
vt 0.941104591 0.600095689 0
vt 0.00379313435 0.70142889 0
vt 0.0303552076 0.561803341 0
vt 0.641873598 0.368826777 0
vt 0.825476527 0.362595201 0
vt 0.639815688 0.993532598 0
vt 0.463508427 0.944008291 0
vt 0.91313082 0.940739691 0
vt 0.835262775 0.457599431 0
vt 0.0777596831 0.682437181 0
vt 0.353938609 0.722777486 0
vt 0.858230472 0.14430359 0
vt 0.828525186 0.366853476 0
vt 0.627460241 0.3790811 0
vt 0.178529501 0.124856465 0
vt 0.888727009 0.224422649 0
vt 0.776904225 0.222677812 0
vt 0.953762412 0.772187889 0
vt 0.134539619 0.129181623 0
vt 0.478699446 0.0212767459 0
vt 0.0473291427 0.700670838 0
vt 0.636922002 0.267258734 0
vt 0.664515555 0.250547111 0
vt 0.78061223 0.710450232 0
vt 0.951682746 0.942511797 0
vt 0.900562525 0.581049621 0
vt 0.625591695 0.0433091745 0
vt 0.798518419 0.982367396 0
vt 0.883150041 0.542440891 0
vt 0.352124155 0.0111758895 0
vt 0.953449965 0.201915815 0
vt 0.69378078 0.307417303 0
vt 0.702178061 0.292249113 0
vt 0.782297969 0.944880962 0
vt 0.110574037 0.646385908 0
vt 0.410636038 0.171174839 0
vt 0.638130009 0.0194267426 0
vt 0.591694534 0.424674004 0
vt 0.381806523 0.987805843 0
vt 0.508025467 0.156778604 0
vt 0.82806766 0.645401239 0
vt 0.753077507 0.367943048 0
vt 0.182778209 0.916079521 0
vt 0.881822109 0.384322464 0
vt 0.659035206 0.53304565 0
vt 0.805060446 0.224486321 0
vt 0.600922465 0.12786378 0
vt 0.793733478 0.25251019 0
vt 0.810834289 0.934795976 0
vt 0.0812424347 0.526464343 0
vt 0.775791407 0.50390774 0
vt 0.45489648 0.398835033 0
vt 0.881217718 0.49509415 0
vt 0.82358551 0.484330684 0
vt 0.841469646 0.457801044 0
vt 0.19324109 0.841761112 0
vt 0.05721955 0.643091083 0
vt 0.9064309 0.34134984 0
vt 0.466540784 0.575894654 0
vt 0.532009006 0.98165679 0
vt 0.765442252 0.219604999 0
vt 0.665466547 0.723302782 0
vt 0.0935907811 0.596265435 0
vt 0.954170406 0.973479748 0
vt 0.953562975 0.978209138 0
vt 0.924521804 0.581928313 0
vt 0.795823932 0.154714823 0
vt 0.210253298 0.904326081 0
vt 0.806894064 0.540377736 0
vt 0.819624484 0.170335814 0
vt 0.977513969 0.536610365 0
vt 0.965967596 0.584985912 0
vt 0.0846939087 0.601930022 0
vt 0.892946601 0.418854982 0
vt 0.423873186 0.479813337 0
vt 0.21858716 0.888868153 0
vt 0.983697593 0.125970691 0
vt 0.890109658 0.420082629 0
vt 0.858487308 0.511302471 0
vt 0.0785240084 0.742314816 0
vt 0.795840383 0.387917757 0
vt 0.829281986 0.192103684 0
vt 0.837816834 0.451663375 0
vt 0.705786347 0.48854515 0
vt 0.280432045 0.340843379 0
vt 0.630523562 0.415176004 0
vt 0.0456189364 0.768744826 0
vt 0.953062177 0.79452157 0
vt 0.903892219 0.902396441 0
vt 0.662653804 0.415914536 0
vt 0.202397689 0.884082198 0
vt 0.100617483 0.535777092 0
vt 0.851013064 0.41090548 0
vt 0.847251117 0.453529954 0
vt 0.812971354 0.92177248 0
vt 0.926115096 0.451409966 0
vt 0.767058134 0.293285012 0
vt 0.857501388 0.104652032 0
vt 0.80768764 0.551099002 0
vt 0.232674181 0.94334507 0
vt 0.0396828651 0.541481853 0
vt 0.015425222 0.612976789 0
vt 0.117342152 0.67894578 0
vt 0.53282392 0.981355906 0
vt 0.965947032 0.645335734 0
vt 0.764637113 0.198118031 0
vt 0.945402384 0.221890882 0
vt 0.727100074 0.459371328 0
vt 0.110752866 0.649690986 0
vt 0.647075474 0.050561998 0
vt 0.879704952 0.962442875 0
vt 0.861331582 0.418350875 0
vt 0.0769457221 0.612863541 0
vt 0.51822418 0.176303431 0
vt 0.984737813 0.166445404 0
vt 0.702114701 0.201059163 0
vt 0.783733547 0.610357523 0
vt 0.837556839 0.504435778 0
vt 0.044883091 0.879494071 0
vt 0.966425002 0.766013503 0
vt 0.774052501 0.272084296 0
vt 0.56662178 0.0277442597 0
vt 0.858733892 0.285937369 0
vt 0.985368788 0.695940435 0
vt 0.892245173 0.797619581 0
vt 0.922896326 0.0150141269 0
vt 0.0150524639 0.926296771 0
vt 0.204378963 0.956450582 0
vt 0.703056276 0.267896175 0
vt 0.99376905 0.868566155 0
vt 0.913605869 0.974376798 0
vt 0.637974262 0.379764557 0
vt 0.831437409 0.238256603 0
vt 0.802331567 0.682510138 0
vt 0.0409943052 0.698187232 0
vt 0.828344762 0.291951686 0
vt 0.779341817 0.285304844 0
vt 0.827412546 0.539688408 0
vt 0.872112513 0.264919847 0
vt 0.942439914 0.908154726 0
vt 0.36713171 0.0164255034 0
vt 0.0732733831 0.703359365 0
vt 0.98462832 0.76452291 0
vt 0.726779401 0.970353603 0
vt 0.0518844314 0.307087153 0
vt 0.982869685 0.668347299 0
vt 0.968962789 0.242355406 0
vt 0.878693998 0.960592806 0
vt 0.638217747 0.325792372 0
vt 0.608474553 0.492864907 0
vt 0.954927504 0.705637395 0
vt 0.597259283 0.423219979 0
vt 0.83423239 0.149033383 0
vt 0.0593579523 0.641836643 0
vt 0.820108771 0.728256226 0
vt 0.826906681 0.511164308 0
vt 0.880367041 0.711065412 0
vt 0.879663706 0.394769371 0
vt 0.229781389 0.0817628503 0
vt 0.418246984 0.95641911 0
vt 0.803764343 0.246947989 0
vt 0.942767859 0.264891177 0
vt 0.302087665 0.987746775 0
vt 0.109875515 0.660830677 0
vt 0.757734776 0.316803962 0
vt 0.88004154 0.180413872 0
vt 0.947711945 0.692129672 0
vt 0.00630036555 0.814161837 0
vt 0.796188414 0.242371634 0
vt 0.703692436 0.367376387 0
vt 0.686535716 0.183600754 0
vt 0.0341818221 0.687173247 0
vt 0.0988694578 0.622766256 0
vt 0.174114108 0.0493610725 0
vt 0.795663238 0.169555768 0
vt 0.920800984 0.951709092 0
vt 0.851688087 0.211241931 0
vt 0.198582411 0.32821694 0
vt 0.061304681 0.566218495 0
vt 0.953131974 0.239925951 0
vt 0.669466078 0.487257719 0
vt 0.0182753988 0.674891233 0
vt 0.467643082 0.965242743 0
vt 0.391932368 0.118014157 0
vt 0.508081794 0.179420665 0
vt 0.866229415 0.236779645 0
vt 0.618353844 0.0955293924 0
vt 0.891777873 0.961725056 0
vt 0.600665331 0.409761906 0
vt 0.924561322 0.854991078 0
vt 0.764257014 0.284992695 0
vt 0.0570829585 0.536884964 0
vt 0.952933133 0.974117637 0
vt 0.580135643 0.0580282547 0
vt 0.743761301 0.349205077 0
vt 0.325865448 0.48138532 0
vt 0.0458075888 0.639233589 0
vt 0.939009547 0.969271421 0
vt 0.469647914 0.972841322 0
vt 0.794967532 0.249303401 0
vt 0.884819269 0.301473349 0
vt 0.901976645 0.327447474 0
vt 0.968160212 0.779607952 0
vt 0.920989692 0.389978349 0
vt 0.0181759018 0.793385386 0
vt 0.0310252663 0.705161095 0
vt 0.892112851 0.463126123 0
vt 0.0482591242 0.734211504 0
vt 0.0679435432 0.871822 0
vt 0.611049294 0.100333788 0
vt 0.61750865 0.053146854 0
vt 0.966005564 0.756343424 0
vt 0.75767529 0.968164563 0
vt 0.983480096 0.833027244 0
vt 0.983593881 0.427178979 0
vt 0.905831754 0.591752172 0
vt 0.757766008 0.201149106 0
vt 0.531305432 0.396173835 0
vt 0.812189519 0.163533002 0
vt 0.86140275 0.249860644 0
vt 0.101523839 0.658333004 0
vt 0.45578441 0.0128081478 0
vt 0.0153658539 0.756741405 0
vt 0.807239473 0.163953215 0
vt 0.565407515 0.156444341 0
vt 0.796662569 0.531690001 0
vt 0.0333104543 0.574380159 0
vt 0.78173995 0.246064857 0
vt 0.126072913 0.015271347 0
vt 0.066487968 0.705785871 0
vt 0.984966815 0.769393206 0
vt 0.367651761 0.0120683089 0
vt 0.797732711 0.263952613 0
vt 0.546031952 0.442299396 0
vt 0.764530241 0.113979168 0
vt 0.709860265 0.299332201 0
vt 0.0150252022 0.542299151 0
vt 0.492395103 0.0487806723 0
vt 0.33791703 0.134048104 0
vt 0.0694806054 0.574559927 0
vt 0.555719197 0.059356913 0
vt 0.868824601 0.217020154 0
vt 0.866436124 0.276615828 0
vt 0.61908561 0.0868710354 0
vt 0.549844265 0.0434023887 0
vt 0.985134184 0.698881507 0
vt 0.813527703 0.190855086 0
vt 0.188231289 0.436786115 0
vt 0.192862973 0.84529376 0
vt 0.614585638 0.0494614094 0
vt 0.875997305 0.383903742 0
vt 0.70516175 0.983411312 0
vt 0.618176937 0.0285379253 0
vt 0.168615595 0.824200273 0
vt 0.017980637 0.694330454 0
vt 0.223392874 0.995295942 0
vt 0.886558414 0.203584284 0
vt 0.89183116 0.391915828 0
vt 0.256524324 0.955695271 0
vt 0.77268666 0.227783561 0
vt 0.904664159 0.330339909 0
vt 0.819877863 0.287945926 0
vt 0.698196709 0.9723894 0
vt 0.804317594 0.114020787 0
vt 0.388177007 0.48549366 0
vt 0.964564264 0.632256389 0
vt 0.764181674 0.957302809 0
vt 0.759692311 0.950523078 0
vt 0.389745235 0.108471811 0
vt 0.685358047 0.307746351 0
vt 0.706278443 0.214191139 0
vt 0.903395653 0.859786928 0
vt 0.977352262 0.834818423 0
vt 0.672377765 0.556246698 0
vt 0.634016335 0.366933823 0
vt 0.472065926 0.0351869576 0
vt 0.862675965 0.917777836 0
vt 0.862294316 0.730901182 0
vt 0.109059006 0.697881639 0
vt 0.539067507 0.22046198 0
vt 0.476658106 0.0334619023 0
vt 0.829843283 0.605542302 0
vt 0.921028018 0.0765039995 0
vt 0.0993838236 0.604757071 0
vt 0.92476809 0.894107223 0
vt 0.53150177 0.350808412 0
vt 0.883840859 0.551748335 0
vt 0.717906713 0.49444288 0
vt 0.226476386 0.974711776 0
vt 0.889531612 0.229404166 0
vt 0.811646998 0.179043397 0
vt 0.0557766967 0.0558512136 0
vt 0.429774046 0.532615364 0
vt 0.795386195 0.544214129 0
vt 0.660366178 0.239936486 0
vt 0.780926645 0.783458054 0
vt 0.156296432 0.0271525532 0
vt 0.186873525 0.846946597 0
vt 0.0234124493 0.848080277 0
vt 0.852068722 0.6018911 0
vt 0.453766197 0.127896681 0
vt 0.744927883 0.196935892 0
vt 0.828247547 0.170392051 0
vt 0.0839598179 0.989299476 0
vt 0.859733999 0.255220115 0
vt 0.525157332 0.397766471 0
vt 0.0626638085 0.708339989 0
vt 0.657582521 0.240030423 0
vt 0.862919509 0.187375143 0
vt 0.771227717 0.276026249 0
vt 0.217878476 0.897509813 0
vt 0.866847754 0.580963135 0
vt 0.96171397 0.188163221 0
vt 0.918284893 0.173712522 0
vt 0.859090209 0.26759392 0
vt 0.655730247 0.0472748727 0
vt 0.0132095572 0.769729495 0
vt 0.886545479 0.256885141 0
vt 0.206493229 0.045009613 0
vt 0.765864313 0.300062954 0
vt 0.898773551 0.325466722 0
vt 0.768238664 0.175472111 0
vt 0.40628469 0.0330889672 0
vt 0.829031587 0.963311791 0
vt 0.857699156 0.194800422 0
vt 0.978670299 0.911707401 0
vt 0.236022577 0.97956562 0
vt 0.691804707 0.983412802 0
vt 0.890412271 0.322139651 0
vt 0.241125911 0.884682477 0
vt 0.840732694 0.563731611 0
vt 0.936357856 0.796433151 0
vt 0.348737955 0.785125375 0
vt 0.913462698 0.602081716 0
vt 0.0388020836 0.0350018926 0
vt 0.868730247 0.493918657 0
vt 0.981624603 0.261085868 0
vt 0.992997527 0.0923640728 0
vt 0.131825596 0.0063599092 0
vt 0.93637991 0.802343726 0
vt 0.921079993 0.575546861 0
vt 0.67877841 0.478421658 0
vt 0.707827687 0.964015722 0
vt 0.220874846 0.910173774 0
vt 0.766597509 0.179521754 0
vt 0.830463648 0.54972589 0
vt 0.485619485 0.0202514026 0
vt 0.783182502 0.251049489 0
vt 0.983362794 0.677358985 0
vt 0.992883027 0.841172576 0
vt 0.552714407 0.279659688 0
vt 0.910463452 0.298450112 0
vt 0.99198693 0.0241299048 0
vt 0.968833685 0.256197631 0
vt 0.967886925 0.911571801 0
vt 0.0780908838 0.626334906 0
vt 0.88244617 0.886674285 0
vt 0.696860075 0.387045741 0
vt 0.354038686 0.286412954 0
vt 0.0682503581 0.0744982362 0
vt 0.897448778 0.906998456 0
vt 0.587271333 0.0658813715 0
vt 0.234976381 0.891751766 0
vt 0.562496006 0.0819620416 0
vt 0.564004898 0.0338851623 0
vt 0.804187477 0.352677524 0
vt 0.812269568 0.301505417 0
vt 0.967176437 0.715259612 0
vt 0.825502872 0.332169086 0
vt 0.096447885 0.534065545 0
vt 0.234735459 0.973038673 0
vt 0.640048504 0.309970587 0
vt 0.951807916 0.542359829 0
vt 0.892971694 0.238306552 0
vt 0.547007203 0.0692351684 0
vt 0.840631127 0.336795181 0
vt 0.00633955002 0.552491367 0
vt 0.609634161 0.442341506 0
vt 0.435220331 0.538281679 0
vt 0.969986022 0.838931978 0
vt 0.905232191 0.330877602 0
vt 0.203097865 0.836315155 0
vt 0.0482137538 0.912474036 0
vt 0.0153235476 0.851906478 0
vt 0.952180266 0.604397535 0
vt 0.82790041 0.411427766 0
vt 0.0387473255 0.0234392621 0
vt 0.919765711 0.581020474 0
vt 0.485355675 0.98388046 0
vt 0.919913352 0.625386477 0
vt 0.639114141 0.441328108 0
vt 0.846608281 0.578634501 0
vt 0.795254827 0.448988408 0
vt 0.898446739 0.32674855 0
vt 0.742858112 0.41394341 0
vt 0.0181658715 0.797180533 0
vt 0.0638014376 0.0583944954 0
vt 0.881928563 0.229527384 0
vt 0.0819612592 0.609583735 0
vt 0.843162715 0.463195086 0
vt 0.255043179 0.95095253 0
vt 0.0334861763 0.705021143 0
vt 0.140862659 0.128463984 0
vt 0.630694211 0.994110823 0
vt 0.019905718 0.678419888 0
vt 0.0296272784 0.277851015 0
vt 0.944243908 0.402046144 0
vt 0.610696375 0.635624945 0
vt 0.861970663 0.231096476 0
vt 0.782863379 0.938684821 0
vt 0.124053895 0.01258465 0
vt 0.925854564 0.515651643 0
vt 0.447196066 0.526953816 0
vt 0.983867884 0.682393312 0
vt 0.922818661 0.517059386 0
vt 0.166241333 0.925824642 0
vt 0.0380589254 0.00852752477 0
vt 0.823729336 0.282972664 0
vt 0.0787127465 0.606525898 0
vt 0.822057128 0.105072811 0
vt 0.888199687 0.331876814 0
vt 0.191146061 0.0466168933 0
vt 0.948494196 0.14441815 0
vt 0.200034887 0.860751331 0
vt 0.470274985 0.917821407 0
vt 0.790777624 0.332084596 0
vt 0.779319644 0.249066457 0
vt 0.703528047 0.119397193 0
vt 0.699736118 0.480900139 0
vt 0.982680678 0.864407539 0
vt 0.686699629 0.317194819 0
vt 0.632105589 0.101051748 0
vt 0.694804072 0.494118959 0
vt 0.558165431 0.780641079 0
vt 0.809790015 0.169023439 0
vt 0.962338805 0.257880777 0
vt 0.45232451 0.0444106013 0
vt 0.932192266 0.983614147 0
vt 0.155900314 0.0388999581 0
vt 0.0667577088 0.941412151 0
vt 0.781184435 0.71982801 0
vt 0.0169926137 0.707568049 0
vt 0.98563683 0.68072176 0
vt 0.822081268 0.44119522 0
vt 0.832091928 0.152171195 0
vt 0.554488897 0.783775091 0
vt 0.107176483 0.948720455 0
vt 0.747958422 0.140939206 0
vt 0.81487596 0.460917234 0
vt 0.525913477 0.402822971 0
vt 0.28004086 0.96424973 0
vt 0.642570734 0.393083453 0
vt 0.891843796 0.426003337 0
vt 0.92181921 0.124651626 0
vt 0.201598763 0.885644794 0
vt 0.702430665 0.299021125 0
vt 0.641585469 0.0872089267 0
vt 0.97197777 0.972344637 0
vt 0.812388062 0.182486936 0
vt 0.779060841 0.204543382 0
vt 0.89186275 0.929486275 0
vt 0.427809358 0.532752812 0
vt 0.175163865 0.144532651 0
vt 0.577875674 0.640078664 0
vt 0.921924233 0.802764058 0
vt 0.705839455 0.26861164 0
vt 0.845423758 0.46000886 0
vt 0.0674080178 0.119940326 0
vt 0.0596519485 0.637328148 0
vt 0.718281627 0.482210934 0
vt 0.965652764 0.973258317 0
vt 0.903370261 0.910021365 0
vt 0.748399615 0.202416345 0
vt 0.668872476 0.454297006 0
vt 0.647754908 0.393110275 0
vt 0.195045471 0.492238194 0
vt 0.888121367 0.1719881 0
vt 0.256921053 0.765751183 0
vt 0.844052553 0.472991943 0
vt 0.834663868 0.469125152 0
vt 0.872316301 0.302902669 0
vt 0.405359119 0.0413314439 0
vt 0.822058558 0.168916553 0
vt 0.790892124 0.157719865 0
vt 0.984345675 0.838584721 0
vt 0.483608156 0.188250914 0
vt 0.110599801 0.62006557 0
vt 0.611249208 0.488583446 0
vt 0.719827294 0.477004111 0
vt 0.711348414 0.306969702 0
vt 0.803802848 0.448333353 0
vt 0.0914217979 0.526784062 0
vt 0.104528643 0.697216034 0
vt 0.83524704 0.340692729 0
vt 0.165926009 0.660664737 0
vt 0.746092439 0.154064476 0
vt 0.0955644995 0.846992612 0
vt 0.892692745 0.934806168 0
vt 0.0485193767 0.645567179 0
vt 0.414930016 0.1990868 0
vt 0.0439703427 0.676426053 0
vt 0.974515736 0.449385941 0
vt 0.907758951 0.857503176 0
vt 0.892065704 0.388731778 0
vt 0.824649155 0.549220622 0
vt 0.767263412 0.224048659 0
vt 0.930620611 0.525014877 0
vt 0.0448576137 0.761224449 0
vt 0.406649143 0.186715156 0
vt 0.2668055 0.166430593 0
vt 0.592114925 0.283469796 0
vt 0.961407304 0.951529384 0
vt 0.640189409 0.299486399 0
vt 0.640626371 0.823092282 0
vt 0.768221974 0.216478378 0
vt 0.122805923 0.952261686 0
vt 0.679883778 0.410746694 0
vt 0.93267113 0.263617814 0
vt 0.546456158 0.631495535 0
vt 0.923282564 0.512265921 0
vt 0.783127189 0.942770422 0
vt 0.0470147729 0.681307554 0
vt 0.587688208 0.0888601914 0
vt 0.982364893 0.687499166 0
vt 0.0144441715 0.828267872 0
vt 0.765531182 0.221950024 0
vt 0.679792285 0.194613487 0
vt 0.985038638 0.260442883 0
vt 0.671496332 0.297357321 0
vt 0.454357892 0.0443640053 0
vt 0.965533018 0.710003674 0
vt 0.806040466 0.243223533 0
vt 0.969790936 0.248253345 0
vt 0.138319671 0.792504549 0
vt 0.654229283 0.327022225 0
vt 0.791234136 0.222113431 0
vt 0.901094794 0.860720396 0
vt 0.377926052 0.985689878 0
vt 0.39989081 0.0279026181 0
vt 0.828680873 0.697717726 0
vt 0.639345288 0.0833530501 0
vt 0.732443452 0.412115812 0
vt 0.795211792 0.200626418 0
vt 0.786950111 0.979581058 0
vt 0.452746809 0.974613547 0
vt 0.754295766 0.960324287 0
vt 0.0212648548 0.550511956 0
vt 0.100957148 0.711885214 0
vt 0.497405857 0.0219092686 0
vt 0.160322547 0.169766128 0
vt 0.734177589 0.535743952 0
vt 0.192609906 0.83640945 0
vt 0.0149039607 0.678514659 0
vt 0.652704835 0.515343964 0
vt 0.657095373 0.549797356 0
vt 0.797970414 0.429302037 0
vt 0.475167066 0.944742918 0
vt 0.960305452 0.778271437 0
vt 0.0763032287 0.0370463915 0
vt 0.268439263 0.963317275 0
vt 0.705080211 0.981917858 0
vt 0.407210648 0.0398452953 0
vt 0.546246171 0.331591904 0
vt 0.486200601 0.0574688837 0
vt 0.741158903 0.218555182 0
vt 0.889980793 0.386802197 0
vt 0.622275829 0.513116002 0
vt 0.418413103 0.00706224516 0
vt 0.759674191 0.125958428 0
vt 0.0783178061 0.0673839152 0
vt 0.581053853 0.42556417 0
vt 0.54462409 0.324795246 0
vt 0.97055912 0.580541313 0
vt 0.871678591 0.969967663 0
vt 0.829530239 0.19967553 0
vt 0.174635917 0.70610702 0
vt 0.838003039 0.194652572 0
vt 0.756490231 0.772557497 0
vt 0.606853366 0.105099648 0
vt 0.493612647 0.045390971 0
vt 0.478660941 0.897625446 0
vt 0.0779878348 0.542585611 0
vt 0.85691607 0.570542574 0
vt 0.0938916132 0.62947911 0
vt 0.818518162 0.647202849 0
vt 0.527388096 0.0781220198 0
vt 0.68535006 0.922391832 0
vt 0.0253770575 0.776885986 0
vt 0.783724427 0.241988927 0
vt 0.641271949 0.0775655285 0
vt 0.601938248 0.897464395 0
vt 0.359091103 0.0187031887 0
vt 0.952740192 0.226003662 0
vt 0.891666055 0.699268937 0
vt 0.233334348 0.988648117 0
vt 0.0353501104 0.778420806 0
vt 0.859845996 0.480235219 0
vt 0.953973293 0.967198908 0
vt 0.240840808 0.9907583 0
vt 0.852253497 0.0859021768 0
vt 0.998410225 0.548110247 0
vt 0.11224968 0.706792712 0
vt 0.548464358 0.330185324 0
vt 0.010471411 0.933517396 0
vt 0.895384252 0.800764859 0
vt 0.643315852 0.988396883 0
vt 0.637228131 0.454084933 0
vt 0.722467721 0.994830012 0
vt 0.0266469363 0.00252284459 0
vt 0.994176388 0.908046424 0
vt 0.199863359 0.319151938 0
vt 0.946726322 0.292452365 0
vt 0.81289041 0.319214702 0
vt 0.483737826 0.707713604 0
vt 0.40743956 0.0306314901 0
vt 0.781961799 0.733526051 0
vt 0.926432371 0.667775452 0
vt 0.83603102 0.305143088 0
vt 0.922203243 0.671330988 0
vt 0.861564696 0.495211452 0
vt 0.834030032 0.113481201 0
vt 0.840147972 0.217271164 0
vt 0.970614433 0.214911401 0
vt 0.969925284 0.291716427 0
vt 0.892526209 0.487827122 0
vt 0.782030225 0.915285945 0
vt 0.414356947 0.971101463 0
vt 0.282488108 0.603114545 0
vt 0.759500146 0.370753229 0
vt 0.640125394 0.0454092212 0
vt 0.619090319 0.363750011 0
vt 0.973628819 0.319208443 0
vt 0.968663275 0.228294 0
vt 0.018333748 0.551382303 0
vt 0.608620346 0.263453633 0
vt 0.0657838061 0.642435968 0
vt 0.609288096 0.170409352 0
vt 0.431103915 0.534662485 0
vt 0.237381533 0.985519409 0
vt 0.889728546 0.536957145 0
vt 0.429897755 0.168235168 0
vt 0.191041797 0.354663372 0
vt 0.0376944132 0.713097751 0
vt 0.327709436 0.00604468118 0
vt 0.533016562 0.342835903 0
vt 0.606842816 0.0800755024 0
vt 0.846982598 0.285031199 0
vt 0.340788513 0.0217421297 0
vt 0.186044991 0.0531852469 0
vt 0.0799007416 0.66928637 0
vt 0.624912977 0.10203822 0
vt 0.216480821 0.425147831 0
vt 0.875588119 0.38061142 0
vt 0.740783453 0.395010203 0
vt 0.947123289 0.209828228 0
vt 0.11754553 0.67525959 0
vt 0.784245372 0.516829014 0
vt 0.227798387 0.144880474 0
vt 0.876114488 0.360497653 0
vt 0.921065152 0.0478715561 0
vt 0.578322828 0.797819853 0
vt 0.51437819 0.197983488 0
vt 0.577829003 0.327244699 0
vt 0.877362013 0.17590791 0
vt 0.90342766 0.732798696 0
vt 0.637053728 0.237579852 0
vt 0.436040998 0.536584198 0
vt 0.00233881781 0.769125164 0
vt 0.140552104 0.0389080942 0
vt 0.228355348 0.322501183 0
vt 0.827186167 0.302247018 0
vt 0.68327415 0.540307999 0
vt 0.843254089 0.223327935 0
vt 0.742478132 0.173486099 0
vt 0.831890821 0.200796992 0
vt 0.117518812 0.843707085 0
vt 0.909395874 0.175638586 0
vt 0.0918376744 0.624980509 0
vt 0.899151802 0.239050776 0
vt 0.89542222 0.577152014 0
vt 0.56246841 0.796401501 0
vt 0.985456347 0.363086998 0
vt 0.827876449 0.375928253 0
vt 0.858866274 0.357056439 0
vt 0.141800463 0.0123038478 0
vt 0.467610657 0.580315828 0
vt 0.547085583 0.300882071 0
vt 0.898331821 0.150771916 0
vt 0.644519925 0.992052257 0
vt 0.610660851 0.333200812 0
vt 0.193635613 0.850682855 0
vt 0.0944145545 0.541893482 0
vt 0.568721414 0.770561934 0
vt 0.39160338 0.262037903 0
vt 0.671996474 0.106049903 0
vt 0.363859922 0.296493471 0
vt 0.986347318 0.119480275 0
vt 0.706438541 0.355436832 0
vt 0.902900398 0.535404027 0
vt 0.987098098 0.331983835 0
vt 0.632952809 0.0530040339 0
vt 0.907532096 0.0985264033 0
vt 0.716748416 0.34799996 0
vt 0.979979217 0.510734975 0
vt 0.800265133 0.543374419 0
vt 0.969762087 0.608965158 0
vt 0.814431131 0.216816843 0
vt 0.964683771 0.636490583 0
vt 0.590906978 0.0757539123 0
vt 0.684102833 0.294224173 0
vt 0.944134831 0.327065796 0
vt 0.842955589 0.348035038 0
vt 0.503938735 0.184039161 0
vt 0.169149444 0.66779536 0
vt 0.444892049 0.544244051 0
vt 0.420983374 0.526189148 0
vt 0.234453067 0.85965395 0
vt 0.713208556 0.40081647 0
vt 0.69160682 0.203943178 0
vt 0.636892915 0.105754942 0
vt 0.797363162 0.478717208 0
vt 0.883101344 0.373639345 0
vt 0.327005029 0.295841008 0
vt 0.0166906491 0.799011767 0
vt 0.797271073 0.453716904 0
vt 0.824980378 0.917587399 0
vt 0.0768959373 0.924474835 0
vt 0.0175854806 0.00709352177 0
vt 0.0568281934 0.96782434 0
vt 0.930125535 0.40885374 0
vt 0.849444389 0.41681838 0
vt 0.985535622 0.124089405 0
vt 0.953057706 0.109695807 0
vt 0.0658111945 0.862172127 0
vt 0.987412691 0.105290741 0
vt 0.860673904 0.988056183 0
vt 0.056754075 0.540225625 0
vt 0.70186919 0.141664952 0
vt 0.930754781 0.516503394 0
vt 0.581592083 0.650019288 0
vt 0.921335161 0.621435165 0
vt 0.921605766 0.893072486 0
vt 0.701093316 0.979447603 0
vt 0.233971179 0.0800549909 0
vt 0.961972654 0.272512138 0
vt 0.632818341 0.412500024 0
vt 0.60944128 0.255832195 0
vt 0.26205492 0.9869017 0
vt 0.684998631 0.979441881 0
vt 0.984680951 0.422392666 0
vt 0.887971401 0.206449777 0
vt 0.700755119 0.143616393 0
vt 0.6708076 0.265624851 0
vt 0.944451928 0.0383259431 0
vt 0.0222176015 0.0893871412 0
vt 0.842153311 0.580332637 0
vt 0.687230527 0.978404462 0
vt 0.901297629 0.527029991 0
vt 0.758673251 0.961411595 0
vt 0.179923728 0.901084363 0
vt 0.408435285 0.965603709 0
vt 0.789483905 0.531716466 0
vt 0.937874317 0.614458442 0
vt 0.695069075 0.130785704 0
vt 0.0259560216 0.758461654 0
vt 0.685628235 0.400880992 0
vt 0.457277894 0.99792248 0
vt 0.590171516 0.421097875 0
vt 0.695069492 0.12860316 0
vt 0.766207099 0.12828581 0
vt 0.49355492 0.0171449017 0
vt 0.771643221 0.362094671 0
vt 0.470376134 0.858458519 0
vt 0.141176373 0.131899476 0
vt 0.720261037 0.289842218 0
vt 0.0682478547 0.724685013 0
vt 0.441150069 0.52491051 0
vt 0.21842432 0.976076961 0
vt 0.955489099 0.576791644 0
vt 0.851022065 0.305503845 0
vt 0.0147043392 0.641788483 0
vt 0.712230444 0.526351094 0
vt 0.530166626 0.169932425 0
vt 0.982717872 0.556755543 0
vt 0.445261002 0.526391685 0
vt 0.219495356 0.964537799 0
vt 0.921887219 0.487626672 0
vt 0.0457837507 0.575089514 0
vt 0.575264454 0.793784976 0
vt 0.778642416 0.124598354 0
vt 0.8382774 0.588727295 0
vt 0.899483383 0.58938235 0
vt 0.108610153 0.67041713 0
vt 0.639435053 0.550619721 0
vt 0.335686803 0.275907159 0
vt 0.535529017 0.163699687 0
vt 0.671788514 0.988907218 0
vt 0.99123311 0.520238221 0
vt 0.265147269 0.544216871 0
vt 0.267211974 0.937053561 0
vt 0.0856493413 0.92559278 0
vt 0.869880915 0.177966207 0
vt 0.0146490633 0.0390738696 0
vt 0.51709342 0.697622478 0
vt 0.421830386 0.168039933 0
vt 0.72544539 0.289892435 0
vt 0.898919404 0.413109839 0
vt 0.0150473174 0.794806302 0
vt 0.165968373 0.0512888655 0
vt 0.858126998 0.514731646 0
vt 0.201770574 0.0489038788 0
vt 0.0671131313 0.716715455 0
vt 0.0770751461 0.598305345 0
vt 0.858326435 0.887884855 0
vt 0.593115568 0.313737005 0
vt 0.773571849 0.965343595 0
vt 0.591446459 0.495170474 0
vt 0.344217181 0.787327647 0
vt 0.0172205493 0.686396956 0
vt 0.733638942 0.393204749 0
vt 0.859861255 0.979623437 0
vt 0.48127535 0.0371575467 0
vt 0.622353911 0.502258658 0
vt 0.594327092 0.483374655 0
vt 0.819284558 0.225040123 0
vt 0.985234082 0.258689255 0
vt 0.858343482 0.379267961 0
vt 0.633658409 0.451259017 0
vt 0.744513869 0.172995344 0
vt 0.819264531 0.719946861 0
vt 0.953961253 0.947774947 0
vt 0.391143054 0.0363385119 0
vt 0.225335494 0.0894977376 0
vt 0.0539470613 0.788057923 0
vt 0.202681363 0.850199938 0
vt 0.968979001 0.588734508 0
vt 0.546606123 0.0457628444 0
vt 0.868304491 0.416075349 0
vt 0.658073187 0.234168679 0
vt 0.924904466 0.456733048 0
vt 0.780419707 0.589718819 0
vt 0.72353071 0.309269398 0
vt 0.497828782 0.040160723 0
vt 0.743954778 0.142137796 0
vt 0.946389496 0.983988106 0
vt 0.059352681 0.60568732 0
vt 0.391764343 0.107536919 0
vt 0.758148849 0.421132565 0
vt 0.0335754156 0.294181049 0
vt 0.828932941 0.427443653 0
vt 0.45957765 0.0281889904 0
vt 0.930436075 0.209986374 0
vt 0.843973756 0.941840827 0
vt 0.111780725 0.948581934 0
vt 0.686406255 0.171054423 0
vt 0.763214409 0.395136207 0
vt 0.826237142 0.192556545 0
vt 0.810890913 0.551416397 0
vt 0.992214084 0.192485571 0
vt 0.833677053 0.944726765 0
vt 0.720944703 0.307644457 0
vt 0.618363082 0.0744499043 0
vt 0.96148181 0.147957295 0
vt 0.92853713 0.964270353 0
vt 0.688477695 0.182834044 0
vt 0.062545903 0.557419538 0
vt 0.668847382 0.169098437 0
vt 0.861858249 0.512155354 0
vt 0.891444862 0.937458098 0
vt 0.533552766 0.358714163 0
vt 0.257843882 0.536922812 0
vt 0.556460381 0.779779017 0
vt 0.0774791837 0.985098183 0
vt 0.479041636 0.943058968 0
vt 0.04713355 0.728840947 0
vt 0.799709558 0.73138231 0
vt 0.715240121 0.202461869 0
vt 0.675251722 0.331644088 0
vt 0.561019659 0.75658083 0
vt 0.205633253 0.854733467 0
vt 0.79583329 0.0942017883 0
vt 0.948783755 0.984847784 0
vt 0.873144209 0.551995993 0
vt 0.127033502 0.840102792 0
vt 0.843103528 0.14870441 0
vt 0.875326276 0.461234629 0
vt 0.645699143 0.390296221 0
vt 0.702171922 0.109468609 0
vt 0.578252435 0.250896633 0
vt 0.455213189 0.01196001 0
vt 0.0324625894 0.790768981 0
vt 0.0104829073 0.769643605 0
vt 0.717453241 0.457609385 0
vt 0.147454008 0.0260019191 0
vt 0.576007068 0.417837828 0
vt 0.241728619 0.320679426 0
vt 0.00812595244 0.877588689 0
vt 0.895049572 0.430377841 0
vt 0.282693058 0.973892093 0
vt 0.280629456 0.937132299 0
vt 0.0714173764 0.870893121 0
vt 0.812765479 0.0698032305 0
vt 0.541700006 0.0535854325 0
vt 0.849517643 0.336444885 0
vt 0.560467541 0.19130528 0
vt 0.693308711 0.287275672 0
vt 0.852980196 0.411772817 0
vt 0.982612669 0.117286913 0
vt 0.576608062 0.768123507 0
vt 0.857370973 0.499441206 0
vt 0.468132973 0.130824849 0
vt 0.967398584 0.771870613 0
vt 0.858030081 0.363180965 0
vt 0.782801986 0.232636601 0
vt 0.263509512 0.110542148 0
vt 0.0340671241 0.835884213 0
vt 0.756570935 0.705757499 0
vt 0.158446774 0.346837819 0
vt 0.90554136 0.857002616 0
vt 0.0478633232 0.768099964 0
vt 0.04766801 0.651082218 0
vt 0.39221254 0.0139939273 0
vt 0.865200341 0.540763855 0
vt 0.835177898 0.961676598 0
vt 0.562365651 0.0574350879 0
vt 0.218335405 0.0857096985 0
vt 0.973477066 0.928568125 0
vt 0.878675222 0.17474623 0
vt 0.609044671 0.0722845942 0
vt 0.186161995 0.915274739 0
vt 0.819504023 0.444252253 0
vt 0.926785946 0.545983255 0
vt 0.393277705 0.997858524 0
vt 0.109317139 0.632397771 0
vt 0.182157129 0.415954113 0
vt 0.553243577 0.187101334 0
vt 0.95425868 0.712540507 0
vt 0.858947277 0.994122982 0
vt 0.0138239246 0.854173839 0
vt 0.900132418 0.458676636 0
vt 0.53443867 0.221703336 0
vt 0.0469968431 0.025398422 0
vt 0.642883956 0.948863924 0
vt 0.367314756 0.486326993 0
vt 0.649417877 0.0987005755 0
vt 0.732962966 0.384944916 0
vt 0.590918779 0.370688468 0
vt 0.797506869 0.391743362 0
vt 0.48461923 0.0455014668 0
vt 0.922764659 0.168906376 0
vt 0.952025115 0.968847275 0
vt 0.795886397 0.485876381 0
vt 0.917461455 0.20732297 0
vt 0.21392104 0.201229855 0
vt 0.985172212 0.963182211 0
vt 0.153356701 0.0348847322 0
vt 0.160809636 0.998221815 0
vt 0.951949835 0.636914015 0
vt 0.0215463247 0.737448633 0
vt 0.0479530394 0.638146281 0
vt 0.203807116 0.358640999 0
vt 0.387998044 0.860382676 0
vt 0.967253327 0.237199172 0
vt 0.806016922 0.67922461 0
vt 0.393906415 0.517035842 0
vt 0.90823102 0.527641654 0
vt 0.531963468 0.160327286 0
vt 0.859136522 0.492157012 0
vt 0.58047694 0.049497392 0
vt 0.844266057 0.593188465 0
vt 0.942207098 0.213255316 0
vt 0.9224087 0.916455209 0
vt 0.953984618 0.637185454 0
vt 0.920143008 0.888002276 0
vt 0.0463712439 0.54488951 0
vt 0.498143435 0.984319389 0
vt 0.8215065 0.228855118 0
vt 0.0801589787 0.615072846 0
vt 0.8199839 0.111203425 0
vt 0.746978998 0.401767939 0
vt 0.85988754 0.266416252 0
vt 0.856417239 0.94489783 0
vt 0.438125253 0.961883307 0
vt 0.463880062 0.0172922499 0
vt 0.947033346 0.897780895 0
vt 0.912198246 0.988389552 0
vt 0.816935658 0.396064967 0
vt 0.991097569 0.820241809 0
vt 0.921522081 0.121276319 0
vt 0.934410393 0.726561368 0
vt 0.922140598 0.980541468 0
vt 0.516669393 0.401769757 0
vt 0.212217212 0.868227959 0
vt 0.713819206 0.196246505 0
vt 0.432018846 0.53076303 0
vt 0.258257866 0.0118738431 0
vt 0.728134871 0.519179761 0
vt 0.189560279 0.918211281 0
vt 0.00767050683 0.940540135 0
vt 0.22632052 0.960171938 0
vt 0.216764167 0.874830544 0
vt 0.85277009 0.947443306 0
vt 0.461930931 0.133596018 0
vt 0.768375099 0.106215425 0
vt 0.970432639 0.598687649 0
vt 0.576574981 0.293673784 0
vt 0.82847178 0.561975718 0
vt 0.671191931 0.254763484 0
vt 0.794157445 0.949053824 0
vt 0.865054727 0.979618549 0
vt 0.489042461 0.179610789 0
vt 0.0921358839 0.848120213 0
vt 0.694435716 0.147260904 0
vt 0.468846589 0.894925177 0
vt 0.952590108 0.448161602 0
vt 0.547253251 0.228896394 0
vt 0.0683161616 0.599708855 0
vt 0.788244843 0.60622865 0
vt 0.592298508 0.401772738 0
vt 0.972443759 0.0350064896 0
vt 0.372759938 0.19189243 0
vt 0.265858591 0.986659229 0
vt 0.712929666 0.474331826 0
vt 0.026872484 0.0072563705 0
vt 0.0194595177 0.741775692 0
vt 0.814661622 0.203849852 0
vt 0.642614186 0.324558467 0
vt 0.944041014 0.217490792 0
vt 0.94065702 0.654065669 0
vt 0.981900752 0.113887593 0
vt 0.555365622 0.240028173 0
vt 0.229237318 0.696753025 0
vt 0.42549336 0.529582143 0
vt 0.0907540321 0.821490169 0
vt 0.0433391966 0.796767712 0
vt 0.973741591 0.035358537 0
vt 0.193907365 0.94121623 0
vt 0.921928644 0.037043348 0
vt 0.757299542 0.506703079 0
vt 0.0490644388 0.705520511 0
vt 0.688400209 0.412779629 0
vt 0.971604526 0.0414360464 0
vt 0.22135824 0.998378277 0
vt 0.0772935525 0.662228703 0
vt 0.984412253 0.953616083 0
vt 0.767436683 0.738414764 0
vt 0.47690323 0.699932158 0
vt 0.889285326 0.293224692 0
vt 0.922052145 0.0425160415 0
vt 0.474648237 0.589352667 0
vt 0.828325689 0.354335397 0
vt 0.756779552 0.120933682 0
vt 0.752318382 0.428903699 0
vt 0.779713094 0.714509487 0
vt 0.13087894 0.657382131 0
vt 0.954467356 0.699281096 0
vt 0.905861855 0.580657363 0
vt 0.448201686 0.98492682 0
vt 0.680782557 0.183442533 0
vt 0.0533438027 0.0356924161 0
vt 0.568003774 0.0862998888 0
vt 0.952838123 0.0303510576 0
vt 0.944852233 0.940766513 0
vt 0.80548501 0.683200121 0
vt 0.0687043071 0.931758046 0
vt 0.609152675 0.437008917 0
vt 0.0390177444 0.797212601 0
vt 0.452193022 0.144258156 0
vt 0.549523234 0.182110101 0
vt 0.905735493 0.514438093 0
vt 0.803314567 0.708293855 0
vt 0.853915215 0.645209193 0
vt 0.0307250544 0.714027643 0
vt 0.830595016 0.170931935 0
vt 0.837874591 0.403056443 0
vt 0.46976006 0.853811145 0
vt 0.836139023 0.115918055 0
vt 0.0484261364 0.77691263 0
vt 0.109187968 0.708618045 0
vt 0.91908443 0.48049137 0
vt 0.484713495 0.698241591 0
vt 0.216278374 0.890272558 0
vt 0.765226066 0.418009579 0
vt 0.0156848989 0.917753816 0
vt 0.954786956 0.702162147 0
vt 0.0395643264 0.666729689 0
vt 0.0945245251 0.700265527 0
vt 0.391363502 0.987786889 0
vt 0.547949553 0.430053473 0
vt 0.789000273 0.427477181 0
vt 0.821622789 0.52075249 0
vt 0.257750213 0.00909442268 0
vt 0.498464823 0.164968431 0
vt 0.908541441 0.776676059 0
vt 0.671035647 0.331321359 0
vt 0.540930986 0.0857807696 0
vt 0.608588457 0.44321245 0
vt 0.732899845 0.450208396 0
vt 0.975228786 0.7914747 0
vt 0.73628664 0.419634283 0
vt 0.650027275 0.0799331367 0
vt 0.0325506032 0.316829741 0
vt 0.0782022253 0.750649631 0
vt 0.690209568 0.188121468 0
vt 0.767923236 0.373756707 0
vt 0.247029856 0.730341733 0
vt 0.0781591237 0.817602813 0
vt 0.627261639 0.370840102 0
vt 0.00617699511 0.798521042 0
vt 0.413059175 0.178983107 0
vt 0.076527074 0.0802278966 0
vt 0.066821821 0.959640384 0
vt 0.582734585 0.296148241 0
vt 0.754953623 0.390545666 0
vt 0.530679047 0.0792269111 0
vt 0.071144633 0.703136146 0
vt 0.481851518 0.207816809 0
vt 0.484044194 0.0520331189 0
vt 0.903082728 0.646699727 0
vt 0.8694278 0.267106652 0
vt 0.0441415794 0.687895 0
vt 0.774578154 0.464376628 0
vt 0.142712355 0.803206384 0
vt 0.56094569 0.316616923 0
vt 0.577465057 0.135282621 0
vt 0.0280116834 0.0155462306 0
vt 0.968620896 0.252659917 0
vt 0.68007946 0.354067981 0
vt 0.0106611922 0.833203077 0
vt 0.762229741 0.387079 0
vt 0.616381764 0.359631002 0
vt 0.481624663 0.19556269 0
vt 0.809737682 0.517115653 0
vt 0.979143858 0.521628678 0
vt 0.132422388 0.856029809 0
vt 0.830332637 0.399977565 0
vt 0.879583001 0.895817578 0
vt 0.669931591 0.948208392 0
vt 0.429886281 0.55745542 0
vt 0.92164588 0.243386 0
vt 0.631665707 0.38671425 0
vt 0.732712626 0.173828691 0
vt 0.0760101527 0.969397485 0
vt 0.990032434 0.103222877 0
vt 0.802576244 0.722500741 0
vt 0.765348792 0.786259353 0
vt 0.672737956 0.335746974 0
vt 0.596892536 0.105029866 0
vt 0.739579141 0.972804248 0
vt 0.187840208 0.105278619 0
vt 0.404028594 0.283638626 0
vt 0.919428945 0.129434466 0
vt 0.445832163 0.541901648 0
vt 0.326474965 0.979166269 0
vt 0.503017366 0.979434848 0
vt 0.641280949 0.275565326 0
vt 0.798722744 0.112629026 0
vt 0.0321469195 0.697318435 0
vt 0.942745149 0.992933214 0
vt 0.00674871309 0.594851851 0
vt 0.971649349 0.283931226 0
vt 0.651413918 0.964307845 0
vt 0.874497354 0.988248408 0
vt 0.980561852 0.886988521 0
vt 0.0845842063 0.962329924 0
vt 0.750364423 0.416215479 0
vt 0.765423059 0.726272345 0
vt 0.195086285 0.543795049 0
vt 0.787396669 0.198742747 0
vt 0.75284642 0.330907524 0
vt 0.920664966 0.444529653 0
vt 0.861752689 0.487463564 0
vt 0.73454529 0.170739606 0
vt 0.648838162 0.300061494 0
vt 0.711746275 0.206955224 0
vt 0.975719213 0.910077214 0
vt 0.0641153529 0.671157956 0
vt 0.714263916 0.198151916 0
vt 0.162388235 0.836416364 0
vt 0.656413794 0.166790396 0
vt 0.93727082 0.564048409 0
vt 0.944497108 0.225451097 0
vt 0.225880727 0.976089597 0
vt 0.0294793323 0.284666985 0
vt 0.732080936 0.055531159 0
vt 0.766665101 0.112185448 0
vt 0.960908175 0.926766932 0
vt 0.173211038 0.0584818572 0
vt 0.682274699 0.421046734 0
vt 0.0709218159 0.714717865 0
vt 0.654659867 0.51864773 0
vt 0.0304764397 0.0231965333 0
vt 0.185924873 0.923028708 0
vt 0.719581962 0.295864552 0
vt 0.951634109 0.662154734 0
vt 0.711145759 0.785317183 0
vt 0.796402097 0.701675713 0
vt 0.669452906 0.411410749 0
vt 0.806051075 0.711866856 0
vt 0.909609616 0.606319249 0
vt 0.878714204 0.181305543 0
vt 0.796819568 0.703815937 0
vt 0.218587637 0.964056969 0
vt 0.671028793 0.401869655 0
vt 0.9821468 0.332764119 0
vt 0.640108526 0.111207053 0
vt 0.755201638 0.970481157 0
vt 0.0324696153 0.29504621 0
vt 0.127998486 0.953813493 0
vt 0.12117435 0.014881555 0
vt 0.896301687 0.527566254 0
vt 0.918765843 0.265480697 0
vt 0.563586235 0.338730276 0
vt 0.883215308 0.418925703 0
vt 0.94559896 0.0321677476 0
vt 0.898186207 0.587603927 0
vt 0.632029057 0.948422194 0
vt 0.497075409 0.0294220839 0
vt 0.389366031 0.0117444051 0
vt 0.109042004 0.105128318 0
vt 0.889414549 0.641811609 0
vt 0.859030306 0.0361587219 0
vt 0.381916612 0.983068883 0
vt 0.593848169 0.419208467 0
vt 0.754223824 0.427398622 0
vt 0.567142785 0.211576045 0
vt 0.741593838 0.179211929 0
vt 0.0149122402 0.256009221 0
vt 0.0831871778 0.905475616 0
vt 0.576807439 0.480556726 0
vt 0.0551470444 0.684707165 0
vt 0.950826526 0.291972935 0
vt 0.045029588 0.692093432 0
vt 0.948578715 0.133556128 0
vt 0.54797864 0.176373184 0
vt 0.702064157 0.260564417 0
vt 0.587360382 0.206561029 0
vt 0.78430146 0.357602179 0
vt 0.718321502 0.774457872 0
vt 0.956518412 0.66948998 0
vt 0.953976989 0.0259649642 0
vt 0.983951867 0.496840328 0
vt 0.794405758 0.0992681682 0
vt 0.904897988 0.325479567 0
vt 0.26617986 0.932845712 0
vt 0.131910995 0.379814804 0
vt 0.555408359 0.940442681 0
vt 0.0450123474 0.705441236 0
vt 0.867169023 0.392169744 0
vt 0.85452646 0.959994018 0
vt 0.921612024 0.417696893 0
vt 0.702600956 0.880525053 0
vt 0.600880027 0.0246375687 0
vt 0.712458014 0.196594402 0
vt 0.0780419856 0.986036062 0
vt 0.654040217 0.318426788 0
vt 0.235411942 0.963418186 0
vt 0.764381647 0.94833082 0
vt 0.391165167 0.0248987973 0
vt 0.734288216 0.237323672 0
vt 0.584444523 0.215755641 0
vt 0.20431006 0.880974591 0
vt 0.649110258 0.0904842094 0
vt 0.643472791 0.240802139 0
vt 0.672904313 0.423627466 0
vt 0.076695919 0.885566473 0
vt 0.0232226197 0.854836822 0
vt 0.944561422 0.358564287 0
vt 0.752560794 0.57755214 0
vt 0.843119144 0.711064816 0
vt 0.0457367525 0.701204836 0
vt 0.0169676617 0.262778878 0
vt 0.531224012 0.401825726 0
vt 0.0836371034 0.853811145 0
vt 0.641755939 0.244199485 0
vt 0.205118105 0.363298953 0
vt 0.0834116191 0.742102265 0
vt 0.86119771 0.150996089 0
vt 0.123189881 0.017104011 0
vt 0.828531325 0.264482379 0
vt 0.974716783 0.948045969 0
vt 0.607553601 0.331189722 0
vt 0.566205144 0.780207515 0
vt 0.418946028 0.00445591426 0
vt 0.156335145 0.412880152 0
vt 0.76047647 0.157217503 0
vt 0.0293651372 0.833231091 0
vt 0.0148030063 0.669786274 0
vt 0.733922362 0.422845662 0
vt 0.592453957 0.146243528 0
vt 0.401459724 0.0204542466 0
vt 0.826450765 0.958151758 0
vt 0.162045628 0.808954179 0
vt 0.595017672 0.214199662 0
vt 0.607264221 0.318744183 0
vt 0.733402014 0.976579547 0
vt 0.546948552 0.638804317 0
vt 0.744553685 0.973202765 0
vt 0.832524598 0.292880625 0
vt 0.544451833 0.670613647 0
vt 0.789225936 0.191926673 0
vt 0.472984076 0.928785205 0
vt 0.0768672675 0.849012434 0
vt 0.91359657 0.931064844 0
vt 0.98202157 0.505013406 0
vt 0.823227167 0.647655725 0
vt 0.765031815 0.93857789 0
vt 0.435235023 0.971487343 0
vt 0.188498735 0.255203009 0
vt 0.0181108639 0.67395997 0
vt 0.797793508 0.942189991 0
vt 0.7167207 0.204638302 0
vt 0.454655886 0.151438653 0
vt 0.815226257 0.683685541 0
vt 0.458981603 0.206660137 0
vt 0.857937217 0.611951888 0
vt 0.232366174 0.223347485 0
vt 0.95839864 0.886951208 0
vt 0.420073032 0.0447448902 0
vt 0.19523482 0.662713528 0
vt 0.910122812 0.556130111 0
vt 0.854869902 0.507271945 0
vt 0.397341013 0.114072993 0
vt 0.63945502 0.42352125 0
vt 0.75575006 0.443108112 0
vt 0.9202829 0.476506203 0
vt 0.392903984 0.0124615347 0
vt 0.171538085 0.986788392 0
vt 0.695266962 0.350303352 0
vt 0.45257026 0.98027885 0
vt 0.857665837 0.556748271 0
vt 0.568964005 0.774671793 0
vt 0.971120477 0.0283127278 0
vt 0.0864839256 0.0533981621 0
vt 0.91401422 0.9934811 0
vt 0.179776058 0.91452527 0
vt 0.850118816 0.992824852 0
vt 0.147658095 0.0421222113 0
vt 0.96322161 0.0359082147 0
vt 0.805937409 0.72377193 0
vt 0.964119971 0.288001329 0
vt 0.842213869 0.0139203845 0
vt 0.561918199 0.28212896 0
vt 0.703965783 0.611997902 0
vt 0.734208047 0.388928831 0
vt 0.404170334 0.0206187963 0
vt 0.383924246 0.00897921715 0
vt 0.88874197 0.261784375 0
vt 0.848561764 0.15992713 0
vt 0.144338861 0.799556851 0
vt 0.0757511631 0.856171489 0
vt 0.232217118 0.887638927 0
vt 0.545695543 0.618800879 0
vt 0.982892156 0.76978457 0
vt 0.192592576 0.466452479 0
vt 0.650471151 0.430736661 0
vt 0.701570392 0.989141345 0
vt 0.483035326 0.986868083 0
vt 0.76789701 0.986894488 0
vt 0.68203783 0.416950613 0
vt 0.795203686 0.693132877 0
vt 0.718918979 0.210936725 0
vt 0.241444856 0.894376934 0
vt 0.446746588 0.895264089 0
vt 0.9573524 0.639462352 0
vt 0.457341552 0.147807419 0
vt 0.921141088 0.238510728 0
vt 0.622805476 0.109642893 0
vt 0.738692284 0.804400027 0
vt 0.0801097602 0.925859332 0
vt 0.118094631 0.868746817 0
vt 0.982520521 0.943181515 0
vt 0.854960084 0.923047662 0
vt 0.91829133 0.133726597 0
vt 0.268324316 0.863304496 0
vt 0.531063318 0.855225325 0
vt 0.726294756 0.337228745 0
vt 0.387340426 0.497897118 0
vt 0.492848992 0.975686967 0
vt 0.544614255 0.638043344 0
vt 0.860039771 0.423756063 0
vt 0.442356348 0.966543913 0
vt 0.15735966 0.357250929 0
vt 0.155836433 0.519801497 0
vt 0.456008554 0.550639212 0
vt 0.424045652 0.9492746 0
vt 0.684873104 0.212018251 0
vt 0.767364979 0.549912751 0
vt 0.717345834 0.0277442001 0
vt 0.517052293 0.856635511 0
vt 0.381906539 0.28903085 0
vt 0.455893904 0.136215314 0
vt 0.633416831 0.946696937 0
vt 0.204994485 0.948993206 0
vt 0.889359951 0.580092728 0
vt 0.72413063 0.00680489372 0
vt 0.172420606 0.635590672 0
vt 0.610400796 0.419264227 0
vt 0.069001317 0.979946792 0
vt 0.187053293 0.927097321 0
vt 0.626827717 0.204687908 0
vt 0.47127068 0.922012806 0
vt 0.953570127 0.557676554 0
vt 0.864496112 0.992635012 0
vt 0.664533019 0.347928226 0
vt 0.419860125 0.877249956 0
vt 0.828335643 0.708294988 0
vt 0.473344803 0.928244233 0
vt 0.87998414 0.100001194 0
vt 0.827273488 0.987551212 0
vt 0.557305217 0.733433008 0
vt 0.692943633 0.340641588 0
vt 0.879823864 0.0604759939 0
vt 0.930870056 0.0238924809 0
vt 0.464995205 0.88866514 0
vt 0.545434535 0.255625397 0
vt 0.560453296 0.434508979 0
vt 0.963312387 0.383715272 0
vt 0.201997086 0.874714434 0
vt 0.201506928 0.949906766 0
vt 0.475719362 0.973466575 0
vt 0.563257098 0.308775425 0
vt 0.960474193 0.969259858 0
vt 0.978620172 0.786568761 0
vt 0.52860117 0.702209055 0
vt 0.187994316 0.852419674 0
vt 0.546272159 0.675222278 0
vt 0.391495943 0.489617109 0
vt 0.716529548 0.941667736 0
vt 0.0627275258 0.920460522 0
vt 0.244242251 0.693431735 0
vt 0.592372 0.348282099 0
vt 0.680676997 0.119430393 0
vt 0.633330286 0.473856986 0
vt 0.921879888 0.640258431 0
vt 0.440377891 0.978736162 0
vt 0.569111228 0.713950515 0
vt 0.0128759732 0.199098602 0
vt 0.611878097 0.324115992 0
vt 0.985031128 0.418923497 0
vt 0.858384848 0.486813098 0
vt 0.734156847 0.257985294 0
vt 0.637659192 0.238107547 0
vt 0.756911933 0.953134775 0
vt 0.578007042 0.137152046 0
vt 0.646890461 0.305460006 0
vt 0.139694631 0.83243835 0
vt 0.528281271 0.215574637 0
vt 0.642760634 0.235559881 0
vt 0.857009411 0.474290133 0
vt 0.748951495 0.695185483 0
vt 0.196528614 0.222000793 0
vt 0.233334392 0.451301813 0
vt 0.484046757 0.97448957 0
vt 0.649026573 0.463015288 0
vt 0.517409623 0.988653898 0
vt 0.711285055 0.549386561 0
vt 0.80215472 0.994593501 0
vt 0.680355787 0.16663456 0
vt 0.564252555 0.291389704 0
vt 0.763554811 0.14474842 0
vt 0.992525339 0.750293612 0
vt 0.694383442 0.0177005846 0
vt 0.732563913 0.0700511634 0
vt 0.9609285 0.367143571 0
vt 0.657245874 0.545148969 0
vt 0.861196697 0.50764358 0
vt 0.658512592 0.155845225 0
vt 0.584085047 0.146302983 0
vt 0.0771612674 0.89266777 0
vt 0.635549247 0.125481576 0
vt 0.328507721 0.97295326 0
vt 0.556644142 0.785714984 0
vt 0.104468845 0.944467068 0
vt 0.846403003 0.105411701 0
vt 0.193766862 0.256583959 0
vt 0.383545786 0.849411309 0
vt 0.681195736 0.466830492 0
vt 0.515309632 0.735958457 0
vt 0.880661309 0.640418768 0
vt 0.876935363 0.406680137 0
vt 0.54838413 0.701191008 0
vt 0.0693495795 0.946908057 0
vt 0.619567275 0.089276351 0
vt 0.195734754 0.980588138 0
vt 0.562184811 0.305253267 0
vt 0.985374749 0.94564116 0
vt 0.54707098 0.280310065 0
vt 0.671576381 0.286189854 0
vt 0.921152353 0.818149686 0
vt 0.887799919 0.21104157 0
vt 0.315962672 0.950652063 0
vt 0.484421581 0.992863953 0
vt 0.248732001 0.694696188 0
vt 0.867103338 0.411156207 0
vt 0.578678787 0.38583827 0
vt 0.631451488 0.460626185 0
vt 0.631767392 0.189501181 0
vt 0.968609631 0.430268109 0
vt 0.078162238 0.0741961896 0
vt 0.171839863 0.925199151 0
vt 0.752718091 0.235163882 0
vt 0.879568398 0.761505723 0
vt 0.897433162 0.41804567 0
vt 0.735207558 0.356000125 0
vt 0.120242 0.00571522862 0
vt 0.0320360884 0.829247236 0
vt 0.0522733405 0.946279526 0
vt 0.571042299 0.777471423 0
vt 0.663551033 0.168419614 0
vt 0.765663803 0.391610205 0
vt 0.53153801 0.342645317 0
vt 0.560917377 0.063821435 0
vt 0.222739756 0.917106807 0
vt 0.877794087 0.884447992 0
vt 0.922764421 0.307299495 0
vt 0.187920451 0.44641012 0
vt 0.782912612 0.703729391 0
vt 0.217168212 0.333151698 0
vt 0.656091869 0.467070162 0
vt 0.856667697 0.606335282 0
vt 0.328430802 0.479234636 0
vt 0.544113517 0.300651938 0
vt 0.890808582 0.29715687 0
vt 0.203805 0.0805723444 0
vt 0.529089332 0.402897447 0
vt 0.551482379 0.320938826 0
vt 0.467003405 0.878458381 0
vt 0.776567101 0.502380192 0
vt 0.0172571708 0.025195621 0
vt 0.222183064 0.347621024 0
vt 0.89836216 0.14540498 0
vt 0.789979517 0.910741985 0
vt 0.522726834 0.402789056 0
vt 0.132643804 0.899806499 0
vt 0.609514475 0.502366126 0
vt 0.593456924 0.838539302 0
vt 0.125153586 0.0294118319 0
vt 0.630411506 0.0698310062 0
vt 0.217113227 0.0908950865 0
vt 0.56844759 0.44813633 0
vt 0.0775825232 0.630113006 0
vt 0.672215283 0.432748199 0
vt 0.158599257 0.0298246797 0
vt 0.968634605 0.377914131 0
vt 0.564008117 0.440481275 0
vt 0.648730695 0.515077591 0
vt 0.938910246 0.35176602 0
vt 0.0764882267 0.825516999 0
vt 0.28552863 0.680591464 0
vt 0.973151624 0.73024404 0
vt 0.57859087 0.360999137 0
vt 0.835126042 0.463849545 0
vt 0.148852333 0.974756479 0
vt 0.648582101 0.47449711 0
vt 0.77404815 0.715584159 0
vt 0.851886511 0.523961902 0
vt 0.829499841 0.373889655 0
vt 0.140147492 0.0210258514 0
vt 0.62897861 0.209394604 0
vt 0.684961677 0.216318801 0
vt 0.626660049 0.500691175 0
vt 0.125538975 0.900613427 0
vt 0.939636946 0.728093863 0
vt 0.894150853 0.924129665 0
vt 0.67290175 0.458468348 0
vt 0.335570514 0.946594119 0
vt 0.862891316 0.894415617 0
vt 0.753258109 0.300241828 0
vt 0.943196118 0.144005314 0
vt 0.781210363 0.728108346 0
vt 0.0985889584 0.824300706 0
vt 0.0795183033 0.0520865694 0
vt 0.683282673 0.399821937 0
vt 0.0781877264 0.973827422 0
vt 0.954919279 0.299697429 0
vt 0.866895914 0.728848577 0
vt 0.742086887 0.805103183 0
vt 0.880881786 0.695420563 0
vt 0.563867748 0.433515906 0
vt 0.142126769 0.98916173 0
vt 0.787713587 0.358126938 0
vt 0.732680798 0.789558232 0
vt 0.559794843 0.355638444 0
vt 0.612700522 0.358286858 0
vt 0.32725054 0.493269205 0
vt 0.703630567 0.349688321 0
vt 0.879934311 0.451871395 0
vt 0.912171721 0.543974638 0
vt 0.00823074393 0.0362211391 0
vt 0.55510515 0.278566182 0
vt 0.0181686878 0.176025048 0
vt 0.0867996737 0.989698112 0
vt 0.92227757 0.242823228 0
vt 0.334959388 0.947742343 0
vt 0.219098508 0.425229013 0
vt 0.9138484 0.227370113 0
vt 0.882982731 0.200697333 0
vt 0.587254286 0.457284421 0
vt 0.105888754 0.801011443 0
vt 0.469176561 0.89607209 0
vt 0.667248666 0.131328881 0
vt 0.139016926 0.0131956292 0
vt 0.592610478 0.392141044 0
vt 0.0787488893 0.046573177 0
vt 0.858169675 0.931950688 0
vt 0.609496176 0.361741811 0
vt 0.765896678 0.136680365 0
vt 0.132283241 0.0379802212 0
vt 0.909766674 0.435659558 0
vt 0.664463758 0.4429124 0
vt 0.788581729 0.916712046 0
vt 0.907224715 0.152171701 0
vt 0.202966899 0.572122633 0
vt 0.454374105 0.898934782 0
vt 0.0764350593 0.0764258653 0
vt 0.96224016 0.223099187 0
vt 0.467895061 0.651821434 0
vt 0.588723004 0.320707858 0
vt 0.884482265 0.292923093 0
vt 0.329865932 0.954988718 0
vt 0.867016196 0.412536442 0
vt 0.904352546 0.406430304 0
vt 0.881397724 0.413464874 0
vt 0.759465277 0.253446966 0
vt 0.468162656 0.90092504 0
vt 0.922786236 0.452039093 0
vt 0.556943655 0.390624851 0
vt 0.877339363 0.413138688 0
vt 0.164191619 0.0409095362 0
vt 0.711134493 0.369995117 0
vt 0.0919670612 0.829657257 0
vt 0.683277428 0.355686367 0
vt 0.413662225 0.492513299 0
vt 0.182210147 0.802632034 0
vt 0.735328615 0.0590685755 0
vt 0.943630457 0.199392051 0
vt 0.654442549 0.471349984 0
vt 0.673426986 0.436429799 0
vt 0.641167581 0.231762975 0
vt 0.153822586 0.0267190263 0
vt 0.416008323 0.0222748034 0
vt 0.639248133 0.816433191 0
vt 0.602966547 0.63589561 0
vt 0.639512897 0.435491979 0
vt 0.883852124 0.181327179 0
vt 0.133139789 0.901758194 0
vt 0.577278137 0.254797846 0
vt 0.925171852 0.139874429 0
vt 0.81079036 0.276315629 0
vt 0.654202461 0.469526857 0
vt 0.158166796 0.921388865 0
vt 0.717974007 0.334312677 0
vt 0.875058055 0.232435226 0
vt 0.736364484 0.242945135 0
vt 0.90483892 0.779742599 0
vt 0.17232354 0.0754375532 0
vt 0.171011955 0.636304319 0
vt 0.673626125 0.120687723 0
vt 0.580069602 0.0125407539 0
vt 0.856963038 0.099385038 0
vt 0.656924188 0.406912655 0
vt 0.3889094 0.49960196 0
vt 0.923354268 0.737719178 0
vt 0.087807402 0.820765018 0
vt 0.822325587 0.668961644 0
vt 0.538759649 0.3371346 0
vt 0.982190073 0.936644793 0
vt 0.843228817 0.961589634 0
vt 0.931843936 0.274196059 0
vt 0.0983258337 0.868887305 0
vt 0.673350215 0.417382151 0
vt 0.529731691 0.342164397 0
vt 0.920286 0.125559658 0
vt 0.108372308 0.393142521 0
vt 0.909078956 0.613262951 0
vt 0.785695016 0.924264371 0
vt 0.92117399 0.363112271 0
vt 0.657615542 0.358742177 0
vt 0.681981027 0.162917733 0
vt 0.930365384 0.690496087 0
vt 0.960951328 0.332659364 0
vt 0.812765956 0.0665095598 0
vt 0.983718574 0.494625837 0
vt 0.861905932 0.0436640829 0
vt 0.947985411 0.179020688 0
vt 0.921343625 0.637300491 0
vt 0.715418994 0.344668925 0
vt 0.559494317 0.0209864993 0
vt 0.587582111 0.402370811 0
vt 0.990813375 0.30856216 0
vt 0.489380658 0.187228322 0
vt 0.716180503 0.195487857 0
vt 0.542629242 0.668841839 0
vt 0.622244895 0.0916701704 0
vt 0.638010383 0.825350761 0
vt 0.155168235 0.390803665 0
vt 0.587141454 0.0275906995 0
vt 0.775652766 0.517103314 0
vt 0.954802811 0.486598909 0
vt 0.930995405 0.0559997298 0
vt 0.615003228 0.133725733 0
vt 0.859857619 0.100768536 0
vt 0.882891774 0.716323853 0
vt 0.230585515 0.451721787 0
vt 0.0559582636 0.915682495 0
vt 0.514654994 0.676127315 0
vt 0.43074733 0.308404088 0
vt 0.178229123 0.41120255 0
vt 0.679165363 0.556130469 0
vt 0.859874964 0.66715157 0
vt 0.109922878 0.804700077 0
vt 0.109150559 0.791867912 0
vt 0.623421907 0.489059687 0
vt 0.587376297 0.223843008 0
vt 0.670763016 0.457148552 0
vt 0.417746991 0.00940290373 0
vt 0.592185974 0.307940185 0
vt 0.595233977 0.333993196 0
vt 0.780370891 0.919112623 0
vt 0.172154531 0.742545605 0
vt 0.867220879 0.898937821 0
vt 0.446743548 0.71097666 0
vt 0.0656991452 0.0598446466 0
vt 0.968349695 0.457717299 0
vt 0.704989135 0.204133138 0
vt 0.923731208 0.263050497 0
vt 0.186358362 0.0931255966 0
vt 0.253801107 0.141606003 0
vt 0.783178449 0.597105622 0
vt 0.881826282 0.710898221 0
vt 0.663589656 0.419011354 0
vt 0.95378238 0.27573657 0
vt 0.906747818 0.161346123 0
vt 0.706935465 0.21161294 0
vt 0.0652672201 0.889689803 0
vt 0.091290839 0.0906183943 0
vt 0.687782466 0.376388431 0
vt 0.971230388 0.541438937 0
vt 0.893513322 0.112931587 0
vt 0.555603445 0.356992185 0
vt 0.936176658 0.94115293 0
vt 0.836794555 0.65184921 0
vt 0.598942876 0.386371493 0
vt 0.335875392 0.972882986 0
vt 0.609822571 0.189733282 0
vt 0.312648177 0.955051899 0
vt 0.651370823 0.445253968 0
vt 0.98439759 0.870185554 0
vt 0.815493464 0.881027877 0
vt 0.696654856 0.336602658 0
vt 0.92255044 0.642153382 0
vt 0.929849744 0.305938035 0
vt 0.928102195 0.680484533 0
vt 0.102930382 0.817324519 0
vt 0.101384431 0.816321611 0
vt 0.736822963 0.298344523 0
vt 0.570813358 0.398026735 0
vt 0.597460806 0.111663565 0
vt 0.313926846 0.683558464 0
vt 0.672688484 0.947671771 0
vt 0.701078057 0.0361597762 0
vt 0.195286199 0.909674048 0
vt 0.952281237 0.16763252 0
vt 0.280919969 0.688346922 0
vt 0.91619879 0.146303147 0
vt 0.614460289 0.230160043 0
vt 0.388845563 0.862698913 0
vt 0.575074017 0.362014353 0
vt 0.670813739 0.270980924 0
vt 0.389069498 0.518001854 0
vt 0.693081141 0.356303751 0
vt 0.193075642 0.089080669 0
vt 0.952869117 0.374165684 0
vt 0.773493707 0.505088627 0
vt 0.953176379 0.426810712 0
vt 0.921056807 0.863999844 0
vt 0.553306818 0.230779067 0
vt 0.568600893 0.451561391 0
vt 0.203693017 0.408499837 0
vt 0.8446998 0.915092587 0
vt 0.0593402199 0.0521693043 0
vt 0.652959824 0.410106987 0
vt 0.666539013 0.168318048 0
vt 0.201772481 0.481169164 0
vt 0.930726171 0.309162915 0
vt 0.736455798 0.188348472 0
vt 0.984482586 0.524234414 0
vt 0.617684007 0.962824047 0
vt 0.966435432 0.027445415 0
vt 0.592003822 0.193710834 0
vt 0.923916578 0.651768446 0
vt 0.701613307 0.370378852 0
vt 0.971733689 0.535075903 0
vt 0.086087659 0.995342612 0
vt 0.0814749599 0.886344433 0
vt 0.92143923 0.138124257 0
vt 0.313459486 0.690533042 0
vt 0.201354921 0.419570833 0
vt 0.554761171 0.405262917 0
vt 0.906202257 0.0329621956 0
vt 0.141288489 0.738944888 0
vt 0.575446486 0.206717789 0
vt 0.669949651 0.0810688362 0
vt 0.758518457 0.427090377 0
vt 0.702007711 0.117941372 0
vt 0.843445897 0.0145771364 0
vt 0.286863953 0.224483237 0
vt 0.697507441 0.384485811 0
vt 0.583024323 0.206432432 0
vt 0.639573574 0.53783083 0
vt 0.828178525 0.495324254 0
vt 0.401764423 0.87949264 0
vt 0.968217731 0.904900074 0
vt 0.0803287402 0.898208976 0
vt 0.869299173 0.298767835 0
vt 0.679736614 0.207513243 0
vt 0.0477497838 0.958333552 0
vt 0.205142558 0.83119905 0
vt 0.671020389 0.425553501 0
vt 0.657010913 0.347321808 0
vt 0.70366627 0.138175189 0
vt 0.173835918 0.356592506 0
vt 0.232054129 0.888591051 0
vt 0.831317663 0.301119357 0
vt 0.997487128 0.741418302 0
vt 0.140207842 0.935078323 0
vt 0.514516711 0.0638244525 0
vt 0.648156524 0.431096494 0
vt 0.129986256 0.899423957 0
vt 0.985910177 0.88816756 0
vt 0.671938896 0.111632794 0
vt 0.828268588 0.250002682 0
vt 0.656430602 0.14827691 0
vt 0.841611326 0.0354230776 0
vt 0.464931667 0.208496764 0
vt 0.67301017 0.112924397 0
vt 0.702951074 0.689272702 0
vt 0.538791418 0.668816864 0
vt 0.594990015 0.223083436 0
vt 0.514712691 0.670581222 0
vt 0.619061112 0.0957954824 0
vt 0.682420492 0.394959807 0
vt 0.717996538 0.22086145 0
vt 0.0854951441 0.906616211 0
vt 0.725117922 0.542417288 0
vt 0.59852767 0.122472197 0
vt 0.919557989 0.262892574 0
vt 0.789473653 0.147946045 0
vt 0.602568865 0.388001889 0
vt 0.0914489329 0.209645301 0
vt 0.843615055 0.652719378 0
vt 0.398862511 0.52070868 0
vt 0.648509502 0.423510075 0
vt 0.971445203 0.296326309 0
vt 0.643324494 0.437429726 0
vt 0.702719688 0.20781602 0
vt 0.788413763 0.433555067 0
vt 0.563052595 0.183021441 0
vt 0.779160798 0.512597144 0
vt 0.318215042 0.9603163 0
vt 0.234513819 0.886164546 0
vt 0.283113986 0.680901349 0
vt 0.116133116 0.926671982 0
vt 0.713185728 0.172205865 0
vt 0.359266639 0.978309929 0
vt 0.306425691 0.682319462 0
vt 0.838120937 0.697534084 0
vt 0.733336687 0.230172619 0
vt 0.119705044 0.769310355 0
vt 0.688656628 0.188271195 0
vt 0.967842937 0.3049649 0
vt 0.477288902 0.200350717 0
vt 0.641127944 0.929075897 0
vt 0.209472924 0.996482193 0
vt 0.281092256 0.686071098 0
vt 0.725639224 0.3691594 0
vt 0.8346802 0.714190006 0
vt 0.171917558 0.451806605 0
vt 0.970592856 0.438593984 0
vt 0.910412669 0.668409526 0
vt 0.919607759 0.738258004 0
vt 0.852462411 0.908353686 0
vt 0.0132394554 0.761001945 0
vt 0.71250546 0.190614477 0
vt 0.325327128 0.148765102 0
vt 0.954807222 0.580797791 0
vt 0.800934792 0.232926264 0
vt 0.547840238 0.843232274 0
vt 0.140867785 0.930911303 0
vt 0.703209877 0.205720022 0
vt 0.366109848 0.968604445 0
vt 0.704702497 0.128600135 0
vt 0.944979072 0.349493504 0
vt 0.968202591 0.152936727 0
vt 0.607514739 0.457077324 0
vt 0.803899705 0.260916233 0
vt 0.389289021 0.48718977 0
vt 0.358224303 0.925741673 0
vt 0.849951088 0.61114943 0
vt 0.126077235 0.952316165 0
vt 0.41495049 0.294470906 0
vt 0.663907886 0.560442209 0
vt 0.688627899 0.171420336 0
vt 0.0593454204 0.957656503 0
vt 0.0628570914 0.973710895 0
vt 0.578341842 0.256002963 0
vt 0.840605021 0.556519389 0
vt 0.579030037 0.180980384 0
vt 0.0967317969 0.862178326 0
vt 0.418449938 0.492220402 0
vt 0.77021271 0.917284548 0
vt 0.560745955 0.442437351 0
vt 0.610910892 0.11980807 0
vt 0.921970844 0.675478578 0
vt 0.134019166 0.947144151 0
vt 0.871163487 0.517333388 0
vt 0.968838513 0.144407168 0
vt 0.127375126 0.898832262 0
vt 0.820349276 0.694146156 0
vt 0.116735667 0.732468009 0
vt 0.735498667 0.964562058 0
vt 0.310699314 0.690309584 0
vt 0.0839860141 0.976327062 0
vt 0.0297796614 0.827827573 0
vt 0.948934019 0.359894395 0
vt 0.0580461994 0.914047718 0
vt 0.108501494 0.957841516 0
vt 0.387725383 0.482173532 0
vt 0.951420546 0.91754359 0
vt 0.161323994 0.930280089 0
vt 0.494909614 0.285963237 0
vt 0.552390754 0.403071523 0
vt 0.0556691661 0.933419406 0
vt 0.548493087 0.436517835 0
vt 0.656729341 0.158398703 0
vt 0.236454323 0.707872748 0
vt 0.733031392 0.189651668 0
vt 0.162402585 0.922182024 0
vt 0.109964587 0.95674777 0
vt 0.913500667 0.725402296 0
vt 0.874936879 0.610294044 0
vt 0.515989244 0.837832212 0
vt 0.633511126 0.129945815 0
vt 0.966846764 0.5948627 0
vt 0.959454179 0.416251063 0
vt 0.170816272 0.354757369 0
vt 0.92490685 0.0193718653 0
vt 0.969257236 0.464563191 0
vt 0.930249751 0.65660429 0
vt 0.514637172 0.0500721559 0
vt 0.0403337888 0.917980134 0
vt 0.159192815 0.916949809 0
vt 0.655620217 0.148650721 0
vt 0.890910089 0.618264794 0
vt 0.956221998 0.237824529 0
vt 0.553634286 0.433564574 0
vt 0.905893445 0.20633623 0
vt 0.983700931 0.486535609 0
vt 0.841729939 0.0212690141 0
vt 0.555708528 0.391371548 0
vt 0.996033788 0.158672169 0
vt 0.206247583 0.988155901 0
vt 0.837048769 0.583085775 0
vt 0.859666467 0.73781383 0
vt 0.966576099 0.0127665773 0
vt 0.616971374 0.382812381 0
vt 0.944484234 0.741601825 0
vt 0.598881125 0.232723877 0
vt 0.623512328 0.230780408 0
vt 0.186946288 0.560474753 0
vt 0.0463111699 0.943415225 0
vt 0.593257785 0.39588511 0
vt 0.566156268 0.454696834 0
vt 0.755467951 0.564355612 0
vt 0.634710014 0.140512437 0
vt 0.253189445 0.753984272 0
vt 0.267668724 0.680606961 0
vt 0.829350114 0.681215107 0
vt 0.315145046 0.696750164 0
vt 0.976130009 0.973718643 0
vt 0.839943945 0.318533838 0
vt 0.967133284 0.741530895 0
vt 0.984672368 0.488334596 0
vt 0.11869882 0.896201551 0
vt 0.0614508204 0.935185075 0
vt 0.742323041 0.247141451 0
vt 0.702218294 0.170780823 0
vt 0.977993846 0.511879563 0
vt 0.624973476 0.595583797 0
vt 0.610469222 0.232219815 0
vt 0.406282455 0.282921851 0
vt 0.579289317 0.397822827 0
vt 0.966331482 0.651984572 0
vt 0.0159988832 0.234021276 0
vt 0.731908321 0.197182611 0
vt 0.610067189 0.00836539268 0
vt 0.531180024 0.0282821693 0
vt 0.192299008 0.476468414 0
vt 0.242776126 0.686778307 0
vt 0.391944498 0.323746204 0
vt 0.191873893 0.0946858898 0
vt 0.856999516 0.912305176 0
vt 0.908738375 0.778868437 0
vt 0.814881742 0.309746087 0
vt 0.140472665 0.954036713 0
vt 0.330626905 0.989625573 0
vt 0.275393158 0.902392268 0
vt 0.776121438 0.506318212 0
vt 0.204089314 0.418877661 0
vt 0.922384024 0.732882202 0
vt 0.61299932 0.0489983968 0
vt 0.57861346 0.169820532 0
vt 0.655133069 0.514055371 0
vt 0.909855664 0.676369846 0
vt 0.848524094 0.910577476 0
vt 0.420931995 0.88287437 0
vt 0.313114673 0.950773537 0
vt 0.798438311 0.70838964 0
vt 0.258264601 0.766696036 0
vt 0.946102142 0.401685357 0
vt 0.781673789 0.348554969 0
vt 0.44552055 0.554659486 0
vt 0.821695685 0.722926319 0
vt 0.242579281 0.698532999 0
vt 0.186407506 0.450468183 0
vt 0.1866602 0.689759731 0
vt 0.650304914 0.518094301 0
vt 0.777683616 0.518609881 0
vt 0.691884279 0.839328229 0
vt 0.585537076 0.456161171 0
vt 0.725097716 0.727162838 0
vt 0.388195962 0.252172321 0
vt 0.96938765 0.163437426 0
vt 0.632112622 0.211324483 0
vt 0.756644547 0.992995203 0
vt 0.952989697 0.151164845 0
vt 0.702802658 0.455739886 0
vt 0.951776505 0.894085169 0
vt 0.547450304 0.916619718 0
vt 0.61097157 0.39547199 0
vt 0.241062999 0.695695877 0
vt 0.563349009 0.394088328 0
vt 0.563615322 0.192738175 0
vt 0.827886522 0.708984852 0
vt 0.89142704 0.899186969 0
vt 0.962608516 0.126909494 0
vt 0.608283281 0.636532962 0
vt 0.126747862 0.499125242 0
vt 0.342884958 0.968847275 0
vt 0.728280663 0.314052314 0
vt 0.359774411 0.97063601 0
vt 0.537519217 0.432635218 0
vt 0.096556142 0.981066585 0
vt 0.982396603 0.500517488 0
vt 0.404720545 0.295977175 0
vt 0.29224056 0.675872326 0
vt 0.306388795 0.92362237 0
vt 0.600773811 0.355260193 0
vt 0.726708174 0.450239539 0
vt 0.577858925 0.165720865 0
vt 0.96876055 0.53234607 0
vt 0.99164629 0.525102019 0
vt 0.827581465 0.714245856 0
vt 0.857735693 0.601415396 0
vt 0.567997336 0.0191124827 0
vt 0.547326863 0.390259027 0
vt 0.967365801 0.113447435 0
vt 0.849608302 0.915838957 0
vt 0.331174672 0.994412839 0
vt 0.110848345 0.925023556 0
vt 0.827661395 0.930964351 0
vt 0.804226041 0.522892177 0
vt 0.507218182 0.216722488 0
vt 0.976652324 0.534630895 0
vt 0.33300665 0.979635537 0
vt 0.743409634 0.601451397 0
vt 0.947189689 0.667312324 0
vt 0.155944496 0.881575406 0
vt 0.805085897 0.902286947 0
vt 0.51497221 0.914514422 0
vt 0.257323027 0.144409969 0
vt 0.969812691 0.0182191823 0
vt 0.161838725 0.51147151 0
vt 0.41310516 0.851144075 0
vt 0.553640127 0.238847077 0
vt 0.609955132 0.962495327 0
vt 0.860065222 0.606082082 0
vt 0.961165547 0.13239035 0
vt 0.851290405 0.918720067 0
vt 0.703909934 0.167051494 0
vt 0.61621201 0.394012809 0
vt 0.125382408 0.9356879 0
vt 0.544433236 0.385902345 0
vt 0.95455116 0.468996972 0
vt 0.325963974 0.956772804 0
vt 0.56147778 0.397937149 0
vt 0.839240432 0.71901226 0
vt 0.0957892463 0.235598817 0
vt 0.43576771 0.200985745 0
vt 0.044510521 0.957375884 0
vt 0.593581378 0.351054728 0
vt 0.561739326 0.801768959 0
vt 0.330603242 0.976013005 0
vt 0.407279432 0.278359413 0
vt 0.717890561 0.173248067 0
vt 0.954870224 0.124791622 0
vt 0.780174255 0.515158057 0
vt 0.601380348 0.229493231 0
vt 0.922142744 0.238714427 0
vt 0.0965834707 0.993439257 0
vt 0.463507414 0.208491504 0
vt 0.734107614 0.543535113 0
vt 0.483014494 0.194039151 0
vt 0.0453989357 0.919830322 0
vt 0.718202233 0.176941186 0
vt 0.557344019 0.392643094 0
vt 0.455033034 0.705642283 0
vt 0.046187643 0.89585799 0
vt 0.459049672 0.533220172 0
vt 0.565487027 0.407185495 0
vt 0.966682971 0.00795170106 0
vt 0.0604978912 0.968475044 0
vt 0.842666626 0.903251469 0
vt 0.608945727 0.386344582 0
vt 0.877500653 0.609986901 0
vt 0.944294035 0.432222426 0
vt 0.154974371 0.92297703 0
vt 0.209431142 0.622406244 0
vt 0.200362697 0.98027426 0
vt 0.0615659319 0.928014994 0
vt 0.103519917 0.947221458 0
vt 0.561966062 0.199996516 0
vt 0.0540537611 0.908445358 0
vt 0.136517689 0.953457952 0
vt 0.774893045 0.510365546 0
vt 0.1393736 0.741411567 0
vt 0.0314065553 0.916282415 0
vt 0.130597636 0.948234022 0
vt 0.547451735 0.668588877 0
vt 0.771469772 0.926856756 0
vt 0.101522401 0.990825772 0
vt 0.118247129 0.944872737 0
vt 0.8269642 0.455492973 0
vt 0.811859429 0.914519966 0
vt 0.800226867 0.918194234 0
vt 0.206282705 0.48111856 0
vt 0.609949708 0.169025704 0
vt 0.0706085563 0.0103440918 0
vt 0.384878904 0.520128489 0
vt 0.937785268 0.935253024 0
vt 0.206519261 0.984425187 0
vt 0.620568395 0.85133934 0
vt 0.454811931 0.239552885 0
vt 0.371263444 0.0971079096 0
vt 0.063380897 0.94187814 0
vt 0.642440081 0.810900927 0
vt 0.781164765 0.347011626 0
vt 0.846614122 0.909031868 0
vt 0.50650835 0.66345787 0
vt 0.773029685 0.353884697 0
vt 0.703694344 0.555767536 0
vt 0.423937023 0.230901748 0
vt 0.76303488 0.575042069 0
vt 0.853430152 0.604408443 0
vt 0.322112709 0.687624931 0
vt 0.107361995 0.924432635 0
vt 0.181367874 0.403417498 0
vt 0.171478584 0.400353134 0
vt 0.592835188 0.21077235 0
vt 0.107503429 0.768814921 0
vt 0.767030835 0.573377728 0
vt 0.89819169 0.62716341 0
vt 0.546600223 0.662861824 0
vt 0.097396858 0.987054884 0
vt 0.052284237 0.991126597 0
vt 0.190210283 0.422496617 0
vt 0.891451001 0.614979625 0
vt 0.958008647 0.00510546053 0
vt 0.243431389 0.702365458 0
vt 0.26404506 0.88856107 0
vt 0.0464140587 0.946958125 0
vt 0.782680273 0.579265237 0
vt 0.60913074 0.630634069 0
vt 0.826222479 0.257273823 0
vt 0.495756924 0.290646434 0
vt 0.60250473 0.198773116 0
vt 0.505766988 0.671664834 0
vt 0.0759316087 0.962089062 0
vt 0.599938631 0.223275438 0
vt 0.671348572 0.612501025 0
vt 0.580672443 0.206199378 0
vt 0.789982975 0.922607839 0
vt 0.609431982 0.179379791 0
vt 0.0598512217 0.919154286 0
vt 0.593186915 0.22987172 0
vt 0.712711275 0.75980401 0
vt 0.584562182 0.213045791 0
vt 0.0939242691 0.979779303 0
vt 0.808562815 0.909072995 0
vt 0.787247181 0.349163294 0
vt 0.890291095 0.643894672 0
vt 0.047281716 0.893467605 0
vt 0.20269154 0.404050708 0
vt 0.643686712 0.808659017 0
vt 0.231607869 0.880757689 0
vt 0.937733531 0.06107039 0
vt 0.340511709 0.951578796 0
vt 0.609208822 0.193812579 0
vt 0.942816734 0.205283776 0
vt 0.85720551 0.750888944 0
vt 0.686930418 0.778838933 0
vt 0.768491924 0.555131912 0
vt 0.0749200433 0.957063258 0
vt 0.631736398 0.619552851 0
vt 0.891990662 0.648795724 0
vt 0.381277651 0.475449681 0
vt 0.314220428 0.934785485 0
vt 0.95938766 0.467268348 0
vt 0.515311539 0.604546964 0
vt 0.0469228514 0.629295766 0
vt 0.258335203 0.768845618 0
vt 0.40787971 0.859313488 0
vt 0.0939999968 0.983523786 0
vt 0.204747379 0.413005054 0
vt 0.627507269 0.623105705 0
vt 0.891282916 0.637742877 0
vt 0.473598868 0.165800184 0
vt 0.204033315 0.982041299 0
vt 0.0478583574 0.899700284 0
vt 0.750748158 0.573298573 0
vt 0.153977692 0.875364125 0
vt 0.586072564 0.464449406 0
vt 0.461778343 0.687401414 0
vt 0.95417732 0.54847604 0
vt 0.516221046 0.0615029633 0
vt 0.234335169 0.891789675 0
vt 0.0546412431 0.900805473 0
vt 0.878492057 0.628893912 0
vt 0.190086782 0.97572279 0
vt 0.250819445 0.736819744 0
vt 0.693776548 0.316752315 0
vt 0.252472728 0.73292309 0
vt 0.67215395 0.612482071 0
vt 0.962428212 0.0112317046 0
vt 0.466867596 0.390083432 0
vt 0.282765329 0.869894087 0
vt 0.900846362 0.634846151 0
vt 0.693623304 0.861474752 0
vt 0.78012085 0.932479918 0
vt 0.75314486 0.554279149 0
vt 0.791035652 0.9173702 0
vt 0.172855198 0.39006564 0
vt 0.22705549 0.133604541 0
vt 0.330295771 0.968233228 0
vt 0.950276136 0.457396179 0
vt 0.320084393 0.945708692 0
vt 0.130574822 0.496416867 0
vt 0.609212756 0.461565673 0
vt 0.40648827 0.543314695 0
vt 0.77894032 0.458134234 0
vt 0.234445095 0.708130419 0
vt 0.985705435 0.012652074 0
vt 0.343620181 0.98215723 0
vt 0.102372289 0.398566991 0
vt 0.36560142 0.971781969 0
vt 0.540719211 0.674051821 0
vt 0.763596773 0.349107623 0
vt 0.202183843 0.988304496 0
vt 0.564399481 0.0749998391 0
vt 0.825219929 0.262200952 0
vt 0.188106701 0.976272881 0
vt 0.311564237 0.6791116 0
vt 0.160676673 0.7611655 0
vt 0.248898864 0.0686734617 0
vt 0.13232027 0.726132512 0
vt 0.165609255 0.520401359 0
vt 0.130586088 0.735649407 0
vt 0.497406602 0.296692491 0
vt 0.145549417 0.886056542 0
vt 0.518580079 0.67592144 0
vt 0.632700622 0.812085629 0
vt 0.693624377 0.782694757 0
vt 0.24950248 0.732945442 0
vt 0.952451706 0.489655256 0
vt 0.484067351 0.172134966 0
vt 0.22657977 0.705541253 0
vt 0.616163075 0.625311077 0
vt 0.660402417 0.0593850166 0
vt 0.494415641 0.20400551 0
vt 0.891066134 0.6535483 0
vt 0.509744048 0.0502465852 0
vt 0.903235435 0.638269067 0
vt 0.252215683 0.14500697 0
vt 0.100685872 0.243753314 0
vt 0.0777478814 0.124124996 0
vt 0.141495079 0.693961799 0
vt 0.199650586 0.442578673 0
vt 0.955007017 0.229981229 0
vt 0.107887231 0.879857898 0
vt 0.956559002 0.46351251 0
vt 0.526662588 0.222768083 0
vt 0.79434675 0.33218661 0
vt 0.0340812281 0.603415608 0
vt 0.176650554 0.384550929 0
vt 0.844248831 0.65720135 0
vt 0.192039147 0.484430254 0
vt 0.797139049 0.330963016 0
vt 0.516903758 0.0507689007 0
vt 0.736563802 0.538879752 0
vt 0.28883481 0.919638038 0
vt 0.991580129 0.72956425 0
vt 0.191598445 0.97755003 0
vt 0.181038782 0.409185439 0
vt 0.735081315 0.541988969 0
vt 0.14032115 0.172557905 0
vt 0.295763493 0.72604394 0
vt 0.202366069 0.472948968 0
vt 0.16546306 0.411767483 0
vt 0.242769152 0.689141333 0
vt 0.781700373 0.341573536 0
vt 0.49831149 0.0842348784 0
vt 0.202469185 0.648874998 0
vt 0.189291567 0.76095134 0
vt 0.203473523 0.484997839 0
vt 0.182983711 0.412269205 0
vt 0.492348194 0.212346494 0
vt 0.388531893 0.441685259 0
vt 0.259086728 0.75799638 0
vt 0.454837292 0.198317051 0
vt 0.532703996 0.665052891 0
vt 0.904412806 0.209505707 0
vt 0.516089916 0.666183412 0
vt 0.706972003 0.763595879 0
vt 0.155725718 0.878041387 0
vt 0.306573033 0.967617154 0
vt 0.310613811 0.941422582 0
vt 0.265803367 0.856958807 0
vt 0.236041933 0.423512042 0
vt 0.328516066 0.948460698 0
vt 0.486021161 0.198167816 0
vt 0.828198075 0.463219702 0
vt 0.671656847 0.0523714647 0
vt 0.747961521 0.580672026 0
vt 0.329697162 0.965524554 0
vt 0.211212173 0.798326671 0
vt 0.18017371 0.464194894 0
vt 0.328080803 0.978178978 0
vt 0.610086799 0.95896709 0
vt 0.655987024 0.596972466 0
vt 0.317895293 0.982331216 0
vt 0.179092497 0.432700694 0
vt 0.443736196 0.233123899 0
vt 0.327486396 0.96697855 0
vt 0.134461254 0.741163015 0
vt 0.327215612 0.913490951 0
vt 0.031057613 0.233660594 0
vt 0.302287489 0.682557464 0
vt 0.749306679 0.72507453 0
vt 0.421665609 0.297907203 0
vt 0.992285192 0.72954762 0
vt 0.328817934 0.706511796 0
vt 0.908707559 0.204219297 0
vt 0.727877438 0.769857109 0
vt 0.194484413 0.446145654 0
vt 0.69303906 0.786903143 0
vt 0.139297843 0.176726073 0
vt 0.620400786 0.821690559 0
vt 0.233580366 0.133408546 0
vt 0.632212877 0.482477963 0
vt 0.344436616 0.963166416 0
vt 0.659983397 0.0575506687 0
vt 0.203508452 0.454802841 0
vt 0.147129476 0.677014232 0
vt 0.675953865 0.0294286273 0
vt 0.320181996 0.942897081 0
vt 0.496321499 0.29051435 0
vt 0.262624711 0.894655466 0
vt 0.673067808 0.605950475 0
vt 0.329634547 0.963458419 0
vt 0.663941801 0.0364109911 0
vt 0.493733376 0.0861826912 0
vt 0.518711984 0.0257506222 0
vt 0.667233288 0.610153437 0
vt 0.281703651 0.907189488 0
vt 0.188873902 0.418363035 0
vt 0.720894992 0.77810967 0
vt 0.413974136 0.305424869 0
vt 0.31159839 0.685833931 0
vt 0.758123994 0.136957705 0
vt 0.189000219 0.683651447 0
vt 0.661971569 0.0629705936 0
vt 0.777820587 0.34022516 0
vt 0.251803756 0.898854971 0
vt 0.450597167 0.195858344 0
vt 0.783423126 0.359434426 0
vt 0.333497196 0.998038411 0
vt 0.48587501 0.186824858 0
vt 0.321180999 0.956685543 0
vt 0.774355531 0.339598298 0
vt 0.313658953 0.944836915 0
vt 0.355947196 0.97434473 0
vt 0.45922485 0.690653443 0
vt 0.191054374 0.766239643 0
vt 0.280450672 0.901230097 0
vt 0.980799556 0.0135002416 0
vt 0.453493983 0.208972543 0
vt 0.326191425 0.944177628 0
vt 0.531607032 0.846569657 0
vt 0.29556343 0.92605418 0
vt 0.689061999 0.91873765 0
vt 0.713825703 0.764810979 0
vt 0.325271249 0.693269372 0
vt 0.314973414 0.972647905 0
vt 0.228635147 0.381835073 0
vt 0.294418156 0.918228745 0
vt 0.130413011 0.728611588 0
vt 0.155146927 0.39632386 0
vt 0.320079744 0.950431705 0
vt 0.461083561 0.698159516 0
vt 0.671456695 0.0388267413 0
vt 0.257289678 0.881988645 0
vt 0.314515322 0.940679789 0
vt 0.299322158 0.888467252 0
vt 0.320259541 0.984109044 0
vt 0.783633828 0.352809429 0
vt 0.31864062 0.6913203 0
vt 0.0642603785 0.995571554 0
vt 0.532287478 0.0409520492 0
vt 0.521705925 0.0259612352 0
vt 0.178900197 0.392536551 0
vt 0.182033271 0.399796218 0
vt 0.189662308 0.456327856 0
vt 0.264828384 0.847839355 0
vt 0.453079611 0.712611973 0
vt 0.673334539 0.892249882 0
vt 0.173339188 0.392141581 0
vt 0.109772667 0.765514374 0
vt 0.330778927 0.988645911 0
vt 0.283425242 0.904553831 0
vt 0.801523805 0.792008638 0
vt 0.985253155 0.0172776878 0
vt 0.683041871 0.517430186 0
vt 0.441417485 0.713982522 0
vt 0.310859323 0.953536093 0
vt 0.22812359 0.817105711 0
vt 0.73539108 0.625495255 0
vt 0.184650183 0.428057998 0
vt 0.21750769 0.409598053 0
vt 0.224893063 0.116554245 0
vt 0.139727384 0.688408077 0
vt 0.807030857 0.786681056 0
vt 0.399432898 0.275460243 0
vt 0.306338191 0.882479429 0
vt 0.786727667 0.35373655 0
vt 0.0604380518 0.984594703 0
vt 0.765493155 0.329581946 0
vt 0.800376952 0.823755443 0
vt 0.524160028 0.42709893 0
vt 0.161529243 0.385607779 0
vt 0.476359248 0.485228598 0
vt 0.611866951 0.57703954 0
vt 0.712666392 0.277397573 0
vt 0.745790005 0.61239624 0
vt 0.518653393 0.0432351045 0
vt 0.516629338 0.82627511 0
vt 0.109051958 0.764357924 0
vt 0.453892648 0.700697899 0
vt 0.44460237 0.717449129 0
vt 0.116689578 0.766197085 0
vt 0.184229225 0.412999809 0
vt 0.66535598 0.0185475219 0
vt 0.188337833 0.476700217 0
vt 0.172489703 0.394558311 0
vt 0.380481482 0.937461615 0
vt 0.187638789 0.440160334 0
vt 0.407346845 0.848612189 0
vt 0.532140911 0.0280400738 0
vt 0.512310147 0.799783707 0
vt 0.187899947 0.688004613 0
vt 0.662098289 0.05752749 0
vt 0.405400038 0.257035434 0
vt 0.519376218 0.0553163141 0
vt 0.533144891 0.0289592259 0
vt 0.409057915 0.85337472 0
vt 0.747871995 0.601454258 0
vt 0.485375762 0.249906301 0
vt 0.407787889 0.279422313 0
vt 0.953918278 0.50033313 0
vt 0.735081077 0.818478823 0
vt 0.60800302 0.9861058 0
vt 0.360972315 0.93249619 0
vt 0.515404463 0.044309102 0
vt 0.656198561 0.0260103829 0
vt 0.548535764 0.839495659 0
vt 0.561823189 0.053041663 0
vt 0.414596587 0.302517891 0
vt 0.242196769 0.836439013 0
vt 0.994291604 0.0250743832 0
vt 0.859285057 0.327820212 0
vt 0.166737154 0.38251242 0
vt 0.203066692 0.449492991 0
vt 0.795916438 0.816087961 0
vt 0.518226266 0.0600455627 0
vt 0.421031773 0.292563587 0
vt 0.153444856 0.392687589 0
vt 0.630235374 0.879614294 0
vt 0.265357018 0.858355701 0
vt 0.461399347 0.694317043 0
vt 0.382982492 0.193562254 0
vt 0.173348933 0.0778938457 0
vt 0.192800775 0.441598177 0
vt 0.421360135 0.542974412 0
vt 0.424631685 0.288725823 0
vt 0.156740621 0.402425349 0
vt 0.545472622 0.848347306 0
vt 0.514796436 0.795794249 0
vt 0.987207174 0.574503541 0
vt 0.186317161 0.678895056 0
vt 0.194330752 0.476541877 0
vt 0.202711433 0.791858912 0
vt 0.633344769 0.876712263 0
vt 0.184792966 0.416706979 0
vt 0.37568602 0.945659757 0
vt 0.766830146 0.447881013 0
vt 0.379965931 0.938401163 0
vt 0.288534939 0.880520761 0
vt 0.483869076 0.0805838108 0
vt 0.187158868 0.0747534707 0
vt 0.421283722 0.550821424 0
vt 0.194523752 0.775075436 0
vt 0.762811899 0.892120123 0
vt 0.404456973 0.277003676 0
vt 0.252422214 0.847481668 0
vt 0.380978316 0.9473387 0
vt 0.530064106 0.838434219 0
vt 0.79780513 0.830679953 0
vt 0.294800282 0.879212856 0
vt 0.280380607 0.876948893 0
vt 0.214395747 0.407755494 0
vt 0.186858252 0.471545339 0
vt 0.187597081 0.449663281 0
vt 0.655157626 0.859283864 0
vt 0.184844717 0.421861947 0
vt 0.210620582 0.788634002 0
vt 0.241348162 0.832945049 0
vt 0.109766722 0.27670598 0
vt 0.1872091 0.763121188 0
vt 0.277889758 0.00262454129 0
vt 0.137613699 0.700181007 0
vt 0.797269225 0.994721949 0
vt 0.305704474 0.506142855 0
vt 0.184835941 0.0770390928 0
vt 0.27472505 0.631800056 0
vt 0.357098579 0.931716561 0
vt 0.672289968 0.850425243 0
vt 0.192622125 0.469902515 0
vt 0.562725246 0.579622924 0
vt 0.170335293 0.0730992556 0
vt 0.176152885 0.704647601 0
vt 0.189062476 0.459552348 0
vt 0.29620415 0.888130844 0
vt 0.161317632 0.741438091 0
vt 0.268024623 0.849688828 0
vt 0.0337818824 0.609130025 0
vt 0.65723151 0.367952585 0
vt 0.531218886 0.841653526 0
vt 0.541019201 0.849594891 0
vt 0.138867378 0.707840502 0
vt 0.610787392 0.980833888 0
vt 0.161817893 0.723133206 0
vt 0.140464559 0.691152334 0
vt 0.859999061 0.324590266 0
vt 0.236952633 0.831434369 0
vt 0.242211506 0.827200174 0
vt 0.404355824 0.541215539 0
vt 0.70665127 0.513352513 0
vt 0.318382651 0.149446517 0
vt 0.283792734 0.873986483 0
vt 0.233539343 0.392071515 0
vt 0.990031242 0.640515804 0
vt 0.0328912288 0.612186253 0
vt 0.297283947 0.886824012 0
vt 0.327355921 0.156055063 0
vt 0.773504019 0.425646216 0
vt 0.211743414 0.410531193 0
vt 0.299095511 0.875682354 0
vt 0.141287088 0.698037922 0
vt 0.29839915 0.881598771 0
vt 0.170664147 0.736317456 0
vt 0.327590168 0.145125031 0
vt 0.281402707 0.273414522 0
vt 0.148892552 0.713764191 0
vt 0.0398582332 0.334967196 0
vt 0.656726778 0.391243815 0
vt 0.38184765 0.94473505 0
vt 0.609961271 0.899078488 0
vt 0.359955192 0.924911916 0
vt 0.216597408 0.401445448 0
vt 0.258166492 0.843936741 0
vt 0.653969765 0.369066954 0
vt 0.35980022 0.936156869 0
vt 0.766207516 0.464880317 0
vt 0.481201768 0.0739516243 0
vt 0.509382844 0.796217203 0
vt 0.143093079 0.687877715 0
vt 0.294300646 0.875457525 0
vt 0.528962612 0.783359349 0
vt 0.257573426 0.845151305 0
vt 0.981844664 0.612864017 0
vt 0.284590065 0.869943976 0
vt 0.985671043 0.606576443 0
vt 0.657585442 0.374532729 0
vt 0.992136836 0.665403187 0
vt 0.219071254 0.412217945 0
vt 0.35809195 0.939334035 0
vt 0.769261718 0.431037843 0
vt 0.218584105 0.249499917 0
vt 0.26795274 0.263634831 0
vt 0.544357777 0.099240616 0
vt 0.659150541 0.382221639 0
vt 0.654094517 0.376052499 0
vt 0.982067108 0.577457607 0
vt 0.532238185 0.0956621543 0
vt 0.657535672 0.39735049 0
vt 0.988071918 0.643547356 0
vt 0.665436029 0.384801269 0
vt 0.380552441 0.950532436 0
vt 0.982182443 0.573644519 0
vt 0.671088994 0.385867804 0
vt 0.986169279 0.61878562 0
vt 0.486407876 0.0744571686 0
vt 0.576153696 0.117371507 0
vt 0.538866997 0.0984319597 0
vt 0.580060363 0.118723005 0
vt 0.283516586 0.26650387 0
vt 0.564574718 0.111703828 0
vt 0.992216885 0.593315721 0
vt 0.581647515 0.113016419 0
vt 0.266010255 0.260087997 0
vt 0.273307532 0.269395441 0
vt 0.264803201 0.257641345 0
vt 0.57027626 0.0993291736 0
vt 0.575609505 0.105608992 0
vt 0.280203074 0.268497646 0
vt 0.277074605 0.264784783 0
vn 0 1 0
vn 0 1 0
vn 0 1 0
vn 0 1 0
vn 0 1 0
vn 0 1 0
vn 0 1 0
vn 0 1 0
vn 0 1 0
vn 0 1 0
vn 0 1 0
vn 0 1 0
vn 0 1 0
vn 0 1 0
vn 0 1 0
vn 0 1 0
vn 0 1 0
vn 0 1 0
vn 0 1 0
vn 0 1 0
vn 0 1 0
vn 0 1 0
vn 0 1 0
vn 0 1 0
vn 0 1 0
vn 0 1 0
vn 0 1 0
vn 0 1 0
vn 0 1 0
vn 0 1 0
vn 0 1 0
vn 0 1 0
vn 0 1 0
vn 0 1 0
vn 0 1 0
vn 0 1 0
vn 0 1 0
vn 0 1 0
vn 0 1 0
vn 0 1 0
vn 0 1 0
vn 0 1 0
vn 0 1 0
vn 0 1 0
vn 0 1 0
vn 0 1 0
vn 0 1 0
vn 0 1 0
vn 0 1 0
vn 0 1 0
vn 0 1 0
vn 0 1 0
vn 0 1 0
vn 0 1 0
vn 0 1 0
vn 0 1 0
vn 0 1 0
vn 0 1 0
vn 0 1 0
vn 0 1 0
vn 0 1 0
vn 0 1 0
vn 0 1 0
vn 0 1 0
vn 0 1 0
vn 0 1 0
vn 0 1 0
vn 0 1 0
vn 0 1 0
vn 0 1 0
vn 0 1 0
vn 0 1 0
vn 0 1 0
vn 0 1 0
vn 0 1 0
vn 0 1 0
vn 0 1 0
vn 0 1 0
vn 0 1 0
vn 0 1 0
vn 0 1 0
vn 0 1 0
vn 0 1 0
vn 0 1 0
vn 0 1 0
vn 0 1 0
vn 0 1 0
vn 0 1 0
vn 0 1 0
vn 0 1 0
vn 0 1 0
vn 0 1 0
vn 0 1 0
vn 0 1 0
vn 0 1 0
vn 0 1 0
vn 0 1 0
vn 0 1 0
vn 0 1 0
vn 0 1 0
vn 0 1 0
vn 0 1 0
vn 0 1 0
vn 0 1 0
vn 0 1 0
vn 0 1 0
vn 0 1 0
vn 0 1 0
vn 0 1 0
vn 0 1 0
vn 0 1 0
vn 0 1 0
vn 0 1 0
vn 0 1 0
vn 0 1 0
vn 0 1 0
vn 0 1 0
vn 0 1 0
vn 0 1 0
vn 0 1 0
vn 0 1 0
vn 0 1 0
vn 0 1 0
vn 0 1 0
vn 0 1 0
vn 0 1 0
vn 0 1 0
vn 0 1 0
vn 0 1 0
vn 0 1 0
vn 0 1 0
vn 0 1 0
vn 0 1 0
vn 0 1 0
vn 0 1 0
vn 0 1 0
vn 0 1 0
vn 0 1 0
vn 0 1 0
vn 0 1 0
vn 0 1 0
vn 0 1 0
vn 0 1 0
vn 0 1 0
vn 0 1 0
vn 0 1 0
vn 0 1 0
vn 0 1 0
vn 0 1 0
vn 0 1 0
vn 0 1 0
vn 0 1 0
vn 0 1 0
vn 0 1 0
vn 0 1 0
vn 0 1 0
vn 0 1 0
vn 0 1 0
vn 0 1 0
vn 0 1 0
vn 0 1 0
vn 0 1 0
vn 0 1 0
vn 0 1 0
vn 0 1 0
vn 0 1 0
vn 0 1 0
vn 0 1 0
vn 0 1 0
vn 0 1 0
vn 0 1 0
vn 0 1 0
vn 0 1 0
vn 0 1 0
vn 0 1 0
vn 0 1 0
vn 0 1 0
vn 0 1 0
vn 0 1 0
vn 0 1 0
vn 0 1 0
vn 0 1 0
vn 0 1 0
vn 0 1 0
vn 0 1 0
vn 0 1 0
vn 0 1 0
vn 0 1 0
vn 0 1 0
vn 0 1 0
vn 0 1 0
vn 0 1 0
vn 0 1 0
vn 0 1 0
vn 0 1 0
vn 0 1 0
vn 0 1 0
vn 0 1 0
vn 0 1 0
vn 0 1 0
vn 0 1 0
vn 0 1 0
vn 0 1 0
vn 0 1 0
vn 0 1 0
vn 0 1 0
vn 0 1 0
vn 0 1 0
vn 0 1 0
vn 0 1 0
vn 0 1 0
vn 0 1 0
vn 0 1 0
vn 0 1 0
vn 0 1 0
vn 0 1 0
vn 0 1 0
vn 0 1 0
vn 0 1 0
vn 0 1 0
vn 0 1 0
vn 0 1 0
vn 0 1 0
vn 0 1 0
vn 0 1 0
vn 0 1 0
vn 0 1 0
vn 0 1 0
vn 0 1 0
vn 0 1 0
vn 0 1 0
vn 0 1 0
vn 0 1 0
vn 0 1 0
vn 0 1 0
vn 0 1 0
vn 0 1 0
vn 0 1 0
vn 0 1 0
vn 0 1 0
vn 0 1 0
vn 0 1 0
vn 0 1 0
vn 0 1 0
vn 0 1 0
vn 0 1 0
vn 0 1 0
vn 0 1 0
vn 0 1 0
vn 0 1 0
vn 0 1 0
vn 0 1 0
vn 0 1 0
vn 0 1 0
vn 0 1 0
vn 0 1 0
vn 0 1 0
vn 0 1 0
vn 0 1 0
vn 0 1 0
vn 0 1 0
vn 0 1 0
vn 0 1 0
vn 0 1 0
vn 0 1 0
vn 0 1 0
vn 0 1 0
vn 0 1 0
vn 0 1 0
vn 0 1 0
vn 0 1 0
vn 0 1 0
vn 0 1 0
vn 0 1 0
vn 0 1 0
vn 0 1 0
vn 0 1 0
vn 0 1 0
vn 0 1 0
vn 0 1 0
vn 0 1 0
vn 0 1 0
vn 0 1 0
vn 0 1 0
vn 0 1 0
vn 0 1 0
vn 0 1 0
vn 0 1 0
vn 0 1 0
vn 0 1 0
vn 0 1 0
vn 0 1 0
vn 0 1 0
vn 0 1 0
vn 0 1 0
vn 0 1 0
vn 0 1 0
vn 0 1 0
vn 0 1 0
vn 0 1 0
vn 0 1 0
vn 0 1 0
vn 0 1 0
vn 0 1 0
vn 0 1 0
vn 0 1 0
vn 0 1 0
vn 0 1 0
vn 0 1 0
vn 0 1 0
vn 0 1 0
vn 0 1 0
vn 0 1 0
vn 0 1 0
vn 0 1 0
vn 0 1 0
vn 0 1 0
vn 0 1 0
vn 0 1 0
vn 0 1 0
vn 0 1 0
vn 0 1 0
vn 0 1 0
vn 0 1 0
vn 0 1 0
vn 0 1 0
vn 0 1 0
vn 0 1 0
vn 0 1 0
vn 0 1 0
vn 0 1 0
vn 0 1 0
vn 0 1 0
vn 0 1 0
vn 0 1 0
vn 0 1 0
vn 0 1 0
vn 0 1 0
vn 0 1 0
vn 0 1 0
vn 0 1 0
vn 0 1 0
vn 0 1 0
vn 0 1 0
vn 0 1 0
vn 0 1 0
vn 0 1 0
vn 0 1 0
vn 0 1 0
vn 0 1 0
vn 0 1 0
vn 0 1 0
vn 0 1 0
vn 0 1 0
vn 0 1 0
vn 0 1 0
vn 0 1 0
vn 0 1 0
vn 0 1 0
vn 0 1 0
vn 0 1 0
vn 0 1 0
vn 0 1 0
vn 0 1 0
vn 0 1 0
vn 0 1 0
vn 0 1 0
vn 0 1 0
vn 0 1 0
vn 0 1 0
vn 0 1 0
vn 0 1 0
vn 0 1 0
vn 0 1 0
vn 0 1 0
vn 0 1 0
vn 0 1 0
vn 0 1 0
vn 0 1 0
vn 0 1 0
vn 0 1 0
vn 0 1 0
vn 0 1 0
vn 0 1 0
vn 0 1 0
vn 0 1 0
vn 0 1 0
vn 0 1 0
vn 0 1 0
vn 0 1 0
vn 0 1 0
vn 0 1 0
vn 0 1 0
vn 0 1 0
vn 0 1 0
vn 0 1 0
vn 0 1 0
vn 0 1 0
vn 0 1 0
vn 0 1 0
vn 0 1 0
vn 0 1 0
vn 0 1 0
vn 0 1 0
vn 0 1 0
vn 0 1 0
vn 0 1 0
vn 0 1 0
vn 0 1 0
vn 0 1 0
vn 0 1 0
vn 0 1 0
vn 0 1 0
vn 0 1 0
vn 0 1 0
vn 0 1 0
vn 0 1 0
vn 0 1 0
vn 0 1 0
vn 0 1 0
vn 0 1 0
vn 0 1 0
vn 0 1 0
vn 0 1 0
vn 0 1 0
vn 0 1 0
vn 0 1 0
vn 0 1 0
vn 0 1 0
vn 0 1 0
vn 0 1 0
vn 0 1 0
vn 0 1 0
vn 0 1 0
vn 0 1 0
vn 0 1 0
vn 0 1 0
vn 0 1 0
vn 0 1 0
vn 0 1 0
vn 0 1 0
vn 0 1 0
vn 0 1 0
vn 0 1 0
vn 0 1 0
vn 0 1 0
vn 0 1 0
vn 0 1 0
vn 0 1 0
vn 0 1 0
vn 0 1 0
vn 0 1 0
vn 0 1 0
vn 0 1 0
vn 0 1 0
vn 0 1 0
vn 0 1 0
vn 0 1 0
vn 0 1 0
vn 0 1 0
vn 0 1 0
vn 0 1 0
vn 0 1 0
vn 0 1 0
vn 0 1 0
vn 0 1 0
vn 0 1 0
vn 0 1 0
vn 0 1 0
vn 0 1 0
vn 0 1 0
vn 0 1 0
vn 0 1 0
vn 0 1 0
vn 0 1 0
vn 0 1 0
vn 0 1 0
vn 0 1 0
vn 0 1 0
vn 0 1 0
vn 0 1 0
vn 0 1 0
vn 0 1 0
vn 0 1 0
vn 0 1 0
vn 0 1 0
vn 0 1 0
vn 0 1 0
vn 0 1 0
vn 0 1 0
vn 0 1 0
vn 0 1 0
vn 0 1 0
vn 0 1 0
vn 0 1 0
vn 0 1 0
vn 0 1 0
vn 0 1 0
vn 0 1 0
vn 0 1 0
vn 0 1 0
vn 0 1 0
vn 0 1 0
vn 0 1 0
vn 0 1 0
vn 0 1 0
vn 0 1 0
vn 0 1 0
vn 0 1 0
vn 0 1 0
vn 0 1 0
vn 0 1 0
vn 0 1 0
vn 0 1 0
vn 0 1 0
vn 0 1 0
vn 0 1 0
vn 0 1 0
vn 0 1 0
vn 0 1 0
vn 0 1 0
vn 0 1 0
vn 0 1 0
vn 0 1 0
vn 0 1 0
vn 0 1 0
vn 0 1 0
vn 0 1 0
vn 0 1 0
vn 0 1 0
vn 0 1 0
vn 0 1 0
vn 0 1 0
vn 0 1 0
vn 0 1 0
vn 0 1 0
vn 0 1 0
vn 0 1 0
vn 0 1 0
vn 0 1 0
vn 0 1 0
vn 0 1 0
vn 0 1 0
vn 0 1 0
vn 0 1 0
vn 0 1 0
vn 0 1 0
vn 0 1 0
vn 0 1 0
vn 0 1 0
vn 0 1 0
vn 0 1 0
vn 0 1 0
vn 0 1 0
vn 0 1 0
vn 0 1 0
vn 0 1 0
vn 0 1 0
vn 0 1 0
vn 0 1 0
vn 0 1 0
vn 0 1 0
vn 0 1 0
vn 0 1 0
vn 0 1 0
vn 0 1 0
vn 0 1 0
vn 0 1 0
vn 0 1 0
vn 0 1 0
vn 0 1 0
vn 0 1 0
vn 0 1 0
vn 0 1 0
vn 0 1 0
vn 0 1 0
vn 0 1 0
vn 0 1 0
vn 0 1 0
vn 0 1 0
vn 0 1 0
vn 0 1 0
vn 0 1 0
vn 0 1 0
vn 0 1 0
vn 0 1 0
vn 0 1 0
vn 0 1 0
vn 0 1 0
vn 0 1 0
vn 0 1 0
vn 0 1 0
vn 0 1 0
vn 0 1 0
vn 0 1 0
vn 0 1 0
vn 0 1 0
vn 0 1 0
vn 0 1 0
vn 0 1 0
vn 0 1 0
vn 0 1 0
vn 0 1 0
vn 0 1 0
vn 0 1 0
vn 0 1 0
vn 0 1 0
vn 0 1 0
vn 0 1 0
vn 0 1 0
vn 0 1 0
vn 0 1 0
vn 0 1 0
vn 0 1 0
vn 0 1 0
vn 0 1 0
vn 0 1 0
vn 0 1 0
vn 0 1 0
vn 0 1 0
vn 0 1 0
vn 0 1 0
vn 0 1 0
vn 0 1 0
vn 0 1 0
vn 0 1 0
vn 0 1 0
vn 0 1 0
vn 0 1 0
vn 0 1 0
vn 0 1 0
vn 0 1 0
vn 0 1 0
vn 0 1 0
vn 0 1 0
vn 0 1 0
vn 0 1 0
vn 0 1 0
vn 0 1 0
vn 0 1 0
vn 0 1 0
vn 0 1 0
vn 0 1 0
vn 0 1 0
vn 0 1 0
vn 0 1 0
vn 0 1 0
vn 0 1 0
vn 0 1 0
vn 0 1 0
vn 0 1 0
vn 0 1 0
vn 0 1 0
vn 0 1 0
vn 0 1 0
vn 0 1 0
vn 0 1 0
vn 0 1 0
vn 0 1 0
vn 0 1 0
vn 0 1 0
vn 0 1 0
vn 0 1 0
vn 0 1 0
vn 0 1 0
vn 0 1 0
vn 0 1 0
vn 0 1 0
vn 0 1 0
vn 0 1 0
vn 0 1 0
vn 0 1 0
vn 0 1 0
vn 0 1 0
vn 0 1 0
vn 0 1 0
vn 0 1 0
vn 0 1 0
vn 0 1 0
vn 0 1 0
vn 0 1 0
vn 0 1 0
vn 0 1 0
vn 0 1 0
vn 0 1 0
vn 0 1 0
vn 0 1 0
vn 0 1 0
vn 0 1 0
vn 0 1 0
vn 0 1 0
vn 0 1 0
vn 0 1 0
vn 0 1 0
vn 0 1 0
vn 0 1 0
vn 0 1 0
vn 0 1 0
vn 0 1 0
vn 0 1 0
vn 0 1 0
vn 0 1 0
vn 0 1 0
vn 0 1 0
vn 0 1 0
vn 0 1 0
vn 0 1 0
vn 0 1 0
vn 0 1 0
vn 0 1 0
vn 0 1 0
vn 0 1 0
vn 0 1 0
vn 0 1 0
vn 0 1 0
vn 0 1 0
vn 0 1 0
vn 0 1 0
vn 0 1 0
vn 0 1 0
vn 0 1 0
vn 0 1 0
vn 0 1 0
vn 0 1 0
vn 0 1 0
vn 0 1 0
vn 0 1 0
vn 0 1 0
vn 0 1 0
vn 0 1 0
vn 0 1 0
vn 0 1 0
vn 0 1 0
vn 0 1 0
vn 0 1 0
vn 0 1 0
vn 0 1 0
vn 0 1 0
vn 0 1 0
vn 0 1 0
vn 0 1 0
vn 0 1 0
vn 0 1 0
vn 0 1 0
vn 0 1 0
vn 0 1 0
vn 0 1 0
vn 0 1 0
vn 0 1 0
vn 0 1 0
vn 0 1 0
vn 0 1 0
vn 0 1 0
vn 0 1 0
vn 0 1 0
vn 0 1 0
vn 0 1 0
vn 0 1 0
vn 0 1 0
vn 0 1 0
vn 0 1 0
vn 0 1 0
vn 0 1 0
vn 0 1 0
vn 0 1 0
vn 0 1 0
vn 0 1 0
vn 0 1 0
vn 0 1 0
vn 0 1 0
vn 0 1 0
vn 0 1 0
vn 0 1 0
vn 0 1 0
vn 0 1 0
vn 0 1 0
vn 0 1 0
vn 0 1 0
vn 0 1 0
vn 0 1 0
vn 0 1 0
vn 0 1 0
vn 0 1 0
vn 0 1 0
vn 0 1 0
vn 0 1 0
vn 0 1 0
vn 0 1 0
vn 0 1 0
vn 0 1 0
vn 0 1 0
vn 0 1 0
vn 0 1 0
vn 0 1 0
vn 0 1 0
vn 0 1 0
vn 0 1 0
vn 0 1 0
vn 0 1 0
vn 0 1 0
vn 0 1 0
vn 0 1 0
vn 0 1 0
vn 0 1 0
vn 0 1 0
vn 0 1 0
vn 0 1 0
vn 0 1 0
vn 0 1 0
vn 0 1 0
vn 0 1 0
vn 0 1 0
vn 0 1 0
vn 0 1 0
vn 0 1 0
vn 0 1 0
vn 0 1 0
vn 0 1 0
vn 0 1 0
vn 0 1 0
vn 0 1 0
vn 0 1 0
vn 0 1 0
vn 0 1 0
vn 0 1 0
vn 0 1 0
vn 0 1 0
vn 0 1 0
vn 0 1 0
vn 0 1 0
vn 0 1 0
vn 0 1 0
vn 0 1 0
vn 0 1 0
vn 0 1 0
vn 0 1 0
vn 0 1 0
vn 0 1 0
vn 0 1 0
vn 0 1 0
vn 0 1 0
vn 0 1 0
vn 0 1 0
vn 0 1 0
vn 0 1 0
vn 0 1 0
vn 0 1 0
vn 0 1 0
vn 0 1 0
vn 0 1 0
vn 0 1 0
vn 0 1 0
vn 0 1 0
vn 0 1 0
vn 0 1 0
vn 0 1 0
vn 0 1 0
vn 0 1 0
vn 0 1 0
vn 0 1 0
vn 0 1 0
vn 0 1 0
vn 0 1 0
vn 0 1 0
vn 0 1 0
vn 0 1 0
vn 0 1 0
vn 0 1 0
vn 0 1 0
vn 0 1 0
vn 0 1 0
vn 0 1 0
vn 0 1 0
vn 0 1 0
vn 0 1 0
vn 0 1 0
vn 0 1 0
vn 0 1 0
vn 0 1 0
vn 0 1 0
vn 0 1 0
vn 0 1 0
vn 0 1 0
vn 0 1 0
vn 0 1 0
vn 0 1 0
vn 0 1 0
vn 0 1 0
vn 0 1 0
vn 0 1 0
vn 0 1 0
vn 0 1 0
vn 0 1 0
vn 0 1 0
vn 0 1 0
vn 0 1 0
vn 0 1 0
vn 0 1 0
vn 0 1 0
vn 0 1 0
vn 0 1 0
vn 0 1 0
vn 0 1 0
vn 0 1 0
vn 0 1 0
vn 0 1 0
vn 0 1 0
vn 0 1 0
vn 0 1 0
vn 0 1 0
vn 0 1 0
vn 0 1 0
vn 0 1 0
vn 0 1 0
vn 0 1 0
vn 0 1 0
vn 0 1 0
vn 0 1 0
vn 0 1 0
vn 0 1 0
vn 0 1 0
vn 0 1 0
vn 0 1 0
vn 0 1 0
vn 0 1 0
vn 0 1 0
vn 0 1 0
vn 0 1 0
vn 0 1 0
vn 0 1 0
vn 0 1 0
vn 0 1 0
vn 0 1 0
vn 0 1 0
vn 0 1 0
vn 0 1 0
vn 0 1 0
vn 0 1 0
vn 0 1 0
vn 0 1 0
vn 0 1 0
vn 0 1 0
vn 0 1 0
vn 0 1 0
vn 0 1 0
vn 0 1 0
vn 0 1 0
vn 0 1 0
vn 0 1 0
vn 0 1 0
vn 0 1 0
vn 0 1 0
vn 0 1 0
vn 0 1 0
vn 0 1 0
vn 0 1 0
vn 0 1 0
vn 0 1 0
vn 0 1 0
vn 0 1 0
vn 0 1 0
vn 0 1 0
vn 0 1 0
vn 0 1 0
vn 0 1 0
vn 0 1 0
vn 0 1 0
vn 0 1 0
vn 0 1 0
vn 0 1 0
vn 0 1 0
vn 0 1 0
vn 0 1 0
vn 0 1 0
vn 0 1 0
vn 0 1 0
vn 0 1 0
vn 0 1 0
vn 0 1 0
vn 0 1 0
vn 0 1 0
vn 0 1 0
vn 0 1 0
vn 0 1 0
vn 0 1 0
vn 0 1 0
vn 0 1 0
vn 0 1 0
vn 0 1 0
vn 0 1 0
vn 0 1 0
vn 0 1 0
vn 0 1 0
vn 0 1 0
vn 0 1 0
vn 0 1 0
vn 0 1 0
vn 0 1 0
vn 0 1 0
vn 0 1 0
vn 0 1 0
vn 0 1 0
vn 0 1 0
vn 0 1 0
vn 0 1 0
vn 0 1 0
vn 0 1 0
vn 0 1 0
vn 0 1 0
vn 0 1 0
vn 0 1 0
vn 0 1 0
vn 0 1 0
vn 0 1 0
vn 0 1 0
vn 0 1 0
vn 0 1 0
vn 0 1 0
vn 0 1 0
vn 0 1 0
vn 0 1 0
vn 0 1 0
vn 0 1 0
vn 0 1 0
vn 0 1 0
vn 0 1 0
vn 0 1 0
vn 0 1 0
vn 0 1 0
vn 0 1 0
vn 0 1 0
vn 0 1 0
vn 0 1 0
vn 0 1 0
vn 0 1 0
vn 0 1 0
vn 0 1 0
vn 0 1 0
vn 0 1 0
vn 0 1 0
vn 0 1 0
vn 0 1 0
vn 0 1 0
vn 0 1 0
vn 0 1 0
vn 0 1 0
vn 0 1 0
vn 0 1 0
vn 0 1 0
vn 0 1 0
vn 0 1 0
vn 0 1 0
vn 0 1 0
vn 0 1 0
vn 0 1 0
vn 0 1 0
vn 0 1 0
vn 0 1 0
vn 0 1 0
vn 0 1 0
vn 0 1 0
vn 0 1 0
vn 0 1 0
vn 0 1 0
vn 0 1 0
vn 0 1 0
vn 0 1 0
vn 0 1 0
vn 0 1 0
vn 0 1 0
vn 0 1 0
vn 0 1 0
vn 0 1 0
vn 0 1 0
vn 0 1 0
vn 0 1 0
vn 0 1 0
vn 0 1 0
vn 0 1 0
vn 0 1 0
vn 0 1 0
vn 0 1 0
vn 0 1 0
vn 0 1 0
vn 0 1 0
vn 0 1 0
vn 0 1 0
vn 0 1 0
vn 0 1 0
vn 0 1 0
vn 0 1 0
vn 0 1 0
vn 0 1 0
vn 0 1 0
vn 0 1 0
vn 0 1 0
vn 0 1 0
vn 0 1 0
vn 0 1 0
vn 0 1 0
vn 0 1 0
vn 0 1 0
vn 0 1 0
vn 0 1 0
vn 0 1 0
vn 0 1 0
vn 0 1 0
vn 0 1 0
vn 0 1 0
vn 0 1 0
vn 0 1 0
vn 0 1 0
vn 0 1 0
vn 0 1 0
vn 0 1 0
vn 0 1 0
vn 0 1 0
vn 0 1 0
vn 0 1 0
vn 0 1 0
vn 0 1 0
vn 0 1 0
vn 0 1 0
vn 0 1 0
vn 0 1 0
vn 0 1 0
vn 0 1 0
vn 0 1 0
vn 0 1 0
vn 0 1 0
vn 0 1 0
vn 0 1 0
vn 0 1 0
vn 0 1 0
vn 0 1 0
vn 0 1 0
vn 0 1 0
vn 0 1 0
vn 0 1 0
vn 0 1 0
vn 0 1 0
vn 0 1 0
vn 0 1 0
vn 0 1 0
vn 0 1 0
vn 0 1 0
vn 0 1 0
vn 0 1 0
vn 0 1 0
vn 0 1 0
vn 0 1 0
vn 0 1 0
vn 0 1 0
vn 0 1 0
vn 0 1 0
vn 0 1 0
vn 0 1 0
vn 0 1 0
vn 0 1 0
vn 0 1 0
vn 0 1 0
vn 0 1 0
vn 0 1 0
vn 0 1 0
vn 0 1 0
vn 0 1 0
vn 0 1 0
vn 0 1 0
vn 0 1 0
vn 0 1 0
vn 0 1 0
vn 0 1 0
vn 0 1 0
vn 0 1 0
vn 0 1 0
vn 0 1 0
vn 0 1 0
vn 0 1 0
vn 0 1 0
vn 0 1 0
vn 0 1 0
vn 0 1 0
vn 0 1 0
vn 0 1 0
vn 0 1 0
vn 0 1 0
vn 0 1 0
vn 0 1 0
vn 0 1 0
vn 0 1 0
vn 0 1 0
vn 0 1 0
vn 0 1 0
vn 0 1 0
vn 0 1 0
vn 0 1 0
vn 0 1 0
vn 0 1 0
vn 0 1 0
vn 0 1 0
vn 0 1 0
vn 0 1 0
vn 0 1 0
vn 0 1 0
vn 0 1 0
vn 0 1 0
vn 0 1 0
vn 0 1 0
vn 0 1 0
vn 0 1 0
vn 0 1 0
vn 0 1 0
vn 0 1 0
vn 0 1 0
vn 0 1 0
vn 0 1 0
vn 0 1 0
vn 0 1 0
vn 0 1 0
vn 0 1 0
vn 0 1 0
vn 0 1 0
vn 0 1 0
vn 0 1 0
vn 0 1 0
vn 0 1 0
vn 0 1 0
vn 0 1 0
vn 0 1 0
vn 0 1 0
vn 0 1 0
vn 0 1 0
vn 0 1 0
vn 0 1 0
vn 0 1 0
vn 0 1 0
vn 0 1 0
vn 0 1 0
vn 0 1 0
vn 0 1 0
vn 0 1 0
vn 0 1 0
vn 0 1 0
vn 0 1 0
vn 0 1 0
vn 0 1 0
vn 0 1 0
vn 0 1 0
vn 0 1 0
vn 0 1 0
vn 0 1 0
vn 0 1 0
vn 0 1 0
vn 0 1 0
vn 0 1 0
vn 0 1 0
vn 0 1 0
vn 0 1 0
vn 0 1 0
vn 0 1 0
vn 0 1 0
vn 0 1 0
vn 0 1 0
vn 0 1 0
vn 0 1 0
vn 0 1 0
vn 0 1 0
vn 0 1 0
vn 0 1 0
vn 0 1 0
vn 0 1 0
vn 0 1 0
vn 0 1 0
vn 0 1 0
vn 0 1 0
vn 0 1 0
vn 0 1 0
vn 0 1 0
vn 0 1 0
vn 0 1 0
vn 0 1 0
vn 0 1 0
vn 0 1 0
vn 0 1 0
vn 0 1 0
vn 0 1 0
vn 0 1 0
vn 0 1 0
vn 0 1 0
vn 0 1 0
vn 0 1 0
vn 0 1 0
vn 0 1 0
vn 0 1 0
vn 0 1 0
vn 0 1 0
vn 0 1 0
vn 0 1 0
vn 0 1 0
vn 0 1 0
vn 0 1 0
vn 0 1 0
vn 0 1 0
vn 0 1 0
vn 0 1 0
vn 0 1 0
vn 0 1 0
vn 0 1 0
vn 0 1 0
vn 0 1 0
vn 0 1 0
vn 0 1 0
vn 0 1 0
vn 0 1 0
vn 0 1 0
vn 0 1 0
vn 0 1 0
vn 0 1 0
vn 0 1 0
vn 0 1 0
vn 0 1 0
vn 0 1 0
vn 0 1 0
vn 0 1 0
vn 0 1 0
vn 0 1 0
vn 0 1 0
vn 0 1 0
vn 0 1 0
vn 0 1 0
vn 0 1 0
vn 0 1 0
vn 0 1 0
vn 0 1 0
vn 0 1 0
vn 0 1 0
vn 0 1 0
vn 0 1 0
vn 0 1 0
vn 0 1 0
vn 0 1 0
vn 0 1 0
vn 0 1 0
vn 0 1 0
vn 0 1 0
vn 0 1 0
vn 0 1 0
vn 0 1 0
vn 0 1 0
vn 0 1 0
vn 0 1 0
vn 0 1 0
vn 0 1 0
vn 0 1 0
vn 0 1 0
vn 0 1 0
vn 0 1 0
vn 0 1 0
vn 0 1 0
vn 0 1 0
vn 0 1 0
vn 0 1 0
vn 0 1 0
vn 0 1 0
vn 0 1 0
vn 0 1 0
vn 0 1 0
vn 0 1 0
vn 0 1 0
vn 0 1 0
vn 0 1 0
vn 0 1 0
vn 0 1 0
vn 0 1 0
vn 0 1 0
vn 0 1 0
vn 0 1 0
vn 0 1 0
vn 0 1 0
vn 0 1 0
vn 0 1 0
vn 0 1 0
vn 0 1 0
vn 0 1 0
vn 0 1 0
vn 0 1 0
vn 0 1 0
vn 0 1 0
vn 0 1 0
vn 0 1 0
vn 0 1 0
vn 0 1 0
vn 0 1 0
vn 0 1 0
vn 0 1 0
vn 0 1 0
vn 0 1 0
vn 0 1 0
vn 0 1 0
vn 0 1 0
vn 0 1 0
vn 0 1 0
vn 0 1 0
vn 0 1 0
vn 0 1 0
vn 0 1 0
vn 0 1 0
vn 0 1 0
vn 0 1 0
vn 0 1 0
vn 0 1 0
vn 0 1 0
vn 0 1 0
vn 0 1 0
vn 0 1 0
vn 0 1 0
vn 0 1 0
vn 0 1 0
vn 0 1 0
vn 0 1 0
vn 0 1 0
vn 0 1 0
vn 0 1 0
vn 0 1 0
vn 0 1 0
vn 0 1 0
vn 0 1 0
vn 0 1 0
vn 0 1 0
vn 0 1 0
vn 0 1 0
vn 0 1 0
vn 0 1 0
vn 0 1 0
vn 0 1 0
vn 0 1 0
vn 0 1 0
vn 0 1 0
vn 0 1 0
vn 0 1 0
vn 0 1 0
vn 0 1 0
vn 0 1 0
vn 0 1 0
vn 0 1 0
vn 0 1 0
vn 0 1 0
vn 0 1 0
vn 0 1 0
vn 0 1 0
vn 0 1 0
vn 0 1 0
vn 0 1 0
vn 0 1 0
vn 0 1 0
vn 0 1 0
vn 0 1 0
vn 0 1 0
vn 0 1 0
vn 0 1 0
vn 0 1 0
vn 0 1 0
vn 0 1 0
vn 0 1 0
vn 0 1 0
vn 0 1 0
vn 0 1 0
vn 0 1 0
vn 0 1 0
vn 0 1 0
vn 0 1 0
vn 0 1 0
vn 0 1 0
vn 0 1 0
vn 0 1 0
vn 0 1 0
vn 0 1 0
vn 0 1 0
vn 0 1 0
vn 0 1 0
vn 0 1 0
vn 0 1 0
vn 0 1 0
vn 0 1 0
vn 0 1 0
vn 0 1 0
vn 0 1 0
vn 0 1 0
vn 0 1 0
vn 0 1 0
vn 0 1 0
vn 0 1 0
vn 0 1 0
vn 0 1 0
vn 0 1 0
vn 0 1 0
vn 0 1 0
vn 0 1 0
vn 0 1 0
vn 0 1 0
vn 0 1 0
vn 0 1 0
vn 0 1 0
vn 0 1 0
vn 0 1 0
vn 0 1 0
vn 0 1 0
vn 0 1 0
vn 0 1 0
vn 0 1 0
vn 0 1 0
vn 0 1 0
vn 0 1 0
vn 0 1 0
vn 0 1 0
vn 0 1 0
vn 0 1 0
vn 0 1 0
vn 0 1 0
vn 0 1 0
vn 0 1 0
vn 0 1 0
vn 0 1 0
vn 0 1 0
vn 0 1 0
vn 0 1 0
vn 0 1 0
vn 0 1 0
vn 0 1 0
vn 0 1 0
vn 0 1 0
vn 0 1 0
vn 0 1 0
vn 0 1 0
vn 0 1 0
vn 0 1 0
vn 0 1 0
vn 0 1 0
vn 0 1 0
vn 0 1 0
vn 0 1 0
vn 0 1 0
vn 0 1 0
vn 0 1 0
vn 0 1 0
vn 0 1 0
vn 0 1 0
vn 0 1 0
vn 0 1 0
vn 0 1 0
vn 0 1 0
vn 0 1 0
vn 0 1 0
vn 0 1 0
vn 0 1 0
vn 0 1 0
vn 0 1 0
vn 0 1 0
vn 0 1 0
vn 0 1 0
vn 0 1 0
vn 0 1 0
vn 0 1 0
vn 0 1 0
vn 0 1 0
vn 0 1 0
vn 0 1 0
vn 0 1 0
vn 0 1 0
vn 0 1 0
vn 0 1 0
vn 0 1 0
vn 0 1 0
vn 0 1 0
vn 0 1 0
vn 0 1 0
vn 0 1 0
vn 0 1 0
vn 0 1 0
vn 0 1 0
vn 0 1 0
vn 0 1 0
vn 0 1 0
vn 0 1 0
vn 0 1 0
vn 0 1 0
vn 0 1 0
vn 0 1 0
vn 0 1 0
vn 0 1 0
vn 0 1 0
vn 0 1 0
vn 0 1 0
vn 0 1 0
vn 0 1 0
vn 0 1 0
vn 0 1 0
vn 0 1 0
vn 0 1 0
vn 0 1 0
vn 0 1 0
vn 0 1 0
vn 0 1 0
vn 0 1 0
vn 0 1 0
vn 0 1 0
vn 0 1 0
vn 0 1 0
vn 0 1 0
vn 0 1 0
vn 0 1 0
vn 0 1 0
vn 0 1 0
vn 0 1 0
vn 0 1 0
vn 0 1 0
vn 0 1 0
vn 0 1 0
vn 0 1 0
vn 0 1 0
vn 0 1 0
vn 0 1 0
vn 0 1 0
vn 0 1 0
vn 0 1 0
vn 0 1 0
vn 0 1 0
vn 0 1 0
vn 0 1 0
vn 0 1 0
vn 0 1 0
vn 0 1 0
vn 0 1 0
vn 0 1 0
vn 0 1 0
vn 0 1 0
vn 0 1 0
vn 0 1 0
vn 0 1 0
vn 0 1 0
vn 0 1 0
vn 0 1 0
vn 0 1 0
vn 0 1 0
vn 0 1 0
vn 0 1 0
vn 0 1 0
vn 0 1 0
vn 0 1 0
vn 0 1 0
vn 0 1 0
vn 0 1 0
vn 0 1 0
vn 0 1 0
vn 0 1 0
vn 0 1 0
vn 0 1 0
vn 0 1 0
vn 0 1 0
vn 0 1 0
vn 0 1 0
vn 0 1 0
vn 0 1 0
vn 0 1 0
vn 0 1 0
vn 0 1 0
vn 0 1 0
vn 0 1 0
vn 0 1 0
vn 0 1 0
vn 0 1 0
vn 0 1 0
vn 0 1 0
vn 0 1 0
vn 0 1 0
vn 0 1 0
vn 0 1 0
vn 0 1 0
vn 0 1 0
vn 0 1 0
vn 0 1 0
vn 0 1 0
vn 0 1 0
vn 0 1 0
vn 0 1 0
vn 0 1 0
vn 0 1 0
vn 0 1 0
vn 0 1 0
vn 0 1 0
vn 0 1 0
vn 0 1 0
vn 0 1 0
vn 0 1 0
vn 0 1 0
vn 0 1 0
vn 0 1 0
vn 0 1 0
vn 0 1 0
vn 0 1 0
vn 0 1 0
vn 0 1 0
vn 0 1 0
vn 0 1 0
vn 0 1 0
vn 0 1 0
vn 0 1 0
vn 0 1 0
vn 0 1 0
vn 0 1 0
vn 0 1 0
vn 0 1 0
vn 0 1 0
vn 0 1 0
vn 0 1 0
vn 0 1 0
vn 0 1 0
vn 0 1 0
vn 0 1 0
vn 0 1 0
vn 0 1 0
vn 0 1 0
vn 0 1 0
vn 0 1 0
vn 0 1 0
vn 0 1 0
vn 0 1 0
vn 0 1 0
vn 0 1 0
vn 0 1 0
vn 0 1 0
vn 0 1 0
vn 0 1 0
vn 0 1 0
vn 0 1 0
vn 0 1 0
vn 0 1 0
vn 0 1 0
vn 0 1 0
vn 0 1 0
vn 0 1 0
vn 0 1 0
vn 0 1 0
vn 0 1 0
vn 0 1 0
vn 0 1 0
vn 0 1 0
vn 0 1 0
vn 0 1 0
vn 0 1 0
vn 0 1 0
vn 0 1 0
vn 0 1 0
vn 0 1 0
vn 0 1 0
vn 0 1 0
vn 0 1 0
vn 0 1 0
vn 0 1 0
vn 0 1 0
vn 0 1 0
vn 0 1 0
vn 0 1 0
vn 0 1 0
vn 0 1 0
vn 0 1 0
vn 0 1 0
vn 0 1 0
vn 0 1 0
vn 0 1 0
vn 0 1 0
vn 0 1 0
vn 0 1 0
vn 0 1 0
vn 0 1 0
vn 0 1 0
vn 0 1 0
vn 0 1 0
vn 0 1 0
vn 0 1 0
vn 0 1 0
vn 0 1 0
vn 0 1 0
vn 0 1 0
vn 0 1 0
vn 0 1 0
vn 0 1 0
vn 0 1 0
vn 0 1 0
vn 0 1 0
vn 0 1 0
vn 0 1 0
vn 0 1 0
vn 0 1 0
vn 0 1 0
vn 0 1 0
vn 0 1 0
vn 0 1 0
vn 0 1 0
vn 0 1 0
vn 0 1 0
vn 0 1 0
vn 0 1 0
vn 0 1 0
vn 0 1 0
vn 0 1 0
vn 0 1 0
vn 0 1 0
vn 0 1 0
vn 0 1 0
vn 0 1 0
vn 0 1 0
vn 0 1 0
vn 0 1 0
vn 0 1 0
vn 0 1 0
vn 0 1 0
vn 0 1 0
vn 0 1 0
vn 0 1 0
vn 0 1 0
vn 0 1 0
vn 0 1 0
vn 0 1 0
vn 0 1 0
vn 0 1 0
vn 0 1 0
vn 0 1 0
vn 0 1 0
vn 0 1 0
vn 0 1 0
vn 0 1 0
vn 0 1 0
vn 0 1 0
vn 0 1 0
vn 0 1 0
vn 0 1 0
vn 0 1 0
vn 0 1 0
vn 0 1 0
vn 0 1 0
vn 0 1 0
vn 0 1 0
vn 0 1 0
vn 0 1 0
vn 0 1 0
vn 0 1 0
vn 0 1 0
vn 0 1 0
vn 0 1 0
vn 0 1 0
vn 0 1 0
vn 0 1 0
vn 0 1 0
vn 0 1 0
vn 0 1 0
vn 0 1 0
vn 0 1 0
vn 0 1 0
vn 0 1 0
vn 0 1 0
vn 0 1 0
vn 0 1 0
vn 0 1 0
vn 0 1 0
vn 0 1 0
vn 0 1 0
vn 0 1 0
vn 0 1 0
vn 0 1 0
vn 0 1 0
vn 0 1 0
vn 0 1 0
vn 0 1 0
vn 0 1 0
vn 0 1 0
vn 0 1 0
vn 0 1 0
vn 0 1 0
vn 0 1 0
vn 0 1 0
vn 0 1 0
vn 0 1 0
vn 0 1 0
vn 0 1 0
vn 0 1 0
vn 0 1 0
vn 0 1 0
vn 0 1 0
vn 0 1 0
vn 0 1 0
vn 0 1 0
vn 0 1 0
vn 0 1 0
vn 0 1 0
vn 0 1 0
vn 0 1 0
vn 0 1 0
vn 0 1 0
vn 0 1 0
vn 0 1 0
vn 0 1 0
vn 0 1 0
vn 0 1 0
vn 0 1 0
vn 0 1 0
vn 0 1 0
vn 0 1 0
vn 0 1 0
vn 0 1 0
vn 0 1 0
vn 0 1 0
vn 0 1 0
vn 0 1 0
vn 0 1 0
vn 0 1 0
vn 0 1 0
vn 0 1 0
vn 0 1 0
vn 0 1 0
vn 0 1 0
vn 0 1 0
vn 0 1 0
vn 0 1 0
vn 0 1 0
vn 0 1 0
vn 0 1 0
vn 0 1 0
vn 0 1 0
vn 0 1 0
vn 0 1 0
vn 0 1 0
vn 0 1 0
vn 0 1 0
vn 0 1 0
vn 0 1 0
vn 0 1 0
vn 0 1 0
vn 0 1 0
vn 0 1 0
vn 0 1 0
vn 0 1 0
vn 0 1 0
vn 0 1 0
vn 0 1 0
vn 0 1 0
vn 0 1 0
vn 0 1 0
vn 0 1 0
vn 0 1 0
vn 0 1 0
vn 0 1 0
vn 0 1 0
vn 0 1 0
vn 0 1 0
vn 0 1 0
vn 0 1 0
vn 0 1 0
vn 0 1 0
vn 0 1 0
vn 0 1 0
vn 0 1 0
vn 0 1 0
vn 0 1 0
vn 0 1 0
vn 0 1 0
vn 0 1 0
vn 0 1 0
vn 0 1 0
vn 0 1 0
vn 0 1 0
vn 0 1 0
vn 0 1 0
vn 0 1 0
vn 0 1 0
vn 0 1 0
vn 0 1 0
vn 0 1 0
vn 0 1 0
vn 0 1 0
vn 0 1 0
vn 0 1 0
vn 0 1 0
vn 0 1 0
vn 0 1 0
vn 0 1 0
vn 0 1 0
vn 0 1 0
vn 0 1 0
vn 0 1 0
vn 0 1 0
vn 0 1 0
vn 0 1 0
vn 0 1 0
vn 0 1 0
vn 0 1 0
vn 0 1 0
vn 0 1 0
vn 0 1 0
vn 0 1 0
vn 0 1 0
vn 0 1 0
vn 0 1 0
vn 0 1 0
vn 0 1 0
vn 0 1 0
vn 0 1 0
vn 0 1 0
vn 0 1 0
vn 0 1 0
vn 0 1 0
vn 0 1 0
vn 0 1 0
vn 0 1 0
vn 0 1 0
vn 0 1 0
vn 0 1 0
vn 0 1 0
vn 0 1 0
vn 0 1 0
vn 0 1 0
vn 0 1 0
vn 0 1 0
vn 0 1 0
vn 0 1 0
vn 0 1 0
vn 0 1 0
vn 0 1 0
vn 0 1 0
vn 0 1 0
vn 0 1 0
vn 0 1 0
vn 0 1 0
vn 0 1 0
vn 0 1 0
vn 0 1 0
vn 0 1 0
vn 0 1 0
vn 0 1 0
vn 0 1 0
vn 0 1 0
vn 0 1 0
vn 0 1 0
vn 0 1 0
vn 0 1 0
vn 0 1 0
vn 0 1 0
vn 0 1 0
vn 0 1 0
vn 0 1 0
vn 0 1 0
vn 0 1 0
vn 0 1 0
vn 0 1 0
vn 0 1 0
vn 0 1 0
vn 0 1 0
vn 0 1 0
vn 0 1 0
vn 0 1 0
vn 0 1 0
vn 0 1 0
vn 0 1 0
vn 0 1 0
vn 0 1 0
vn 0 1 0
vn 0 1 0
vn 0 1 0
vn 0 1 0
vn 0 1 0
vn 0 1 0
vn 0 1 0
vn 0 1 0
vn 0 1 0
vn 0 1 0
vn 0 1 0
vn 0 1 0
vn 0 1 0
vn 0 1 0
vn 0 1 0
vn 0 1 0
vn 0 1 0
vn 0 1 0
vn 0 1 0
vn 0 1 0
vn 0 1 0
vn 0 1 0
vn 0 1 0
vn 0 1 0
vn 0 1 0
vn 0 1 0
vn 0 1 0
vn 0 1 0
vn 0 1 0
vn 0 1 0
vn 0 1 0
vn 0 1 0
vn 0 1 0
vn 0 1 0
vn 0 1 0
vn 0 1 0
vn 0 1 0
vn 0 1 0
vn 0 1 0
vn 0 1 0
vn 0 1 0
vn 0 1 0
vn 0 1 0
vn 0 1 0
vn 0 1 0
vn 0 1 0
vn 0 1 0
vn 0 1 0
vn 0 1 0
vn 0 1 0
vn 0 1 0
vn 0 1 0
vn 0 1 0
vn 0 1 0
vn 0 1 0
vn 0 1 0
vn 0 1 0
vn 0 1 0
vn 0 1 0
vn 0 1 0
vn 0 1 0
vn 0 1 0
vn 0 1 0
vn 0 1 0
vn 0 1 0
vn 0 1 0
vn 0 1 0
vn 0 1 0
vn 0 1 0
vn 0 1 0
vn 0 1 0
vn 0 1 0
vn 0 1 0
vn 0 1 0
vn 0 1 0
vn 0 1 0
vn 0 1 0
vn 0 1 0
vn 0 1 0
vn 0 1 0
vn 0 1 0
vn 0 1 0
vn 0 1 0
vn 0 1 0
vn 0 1 0
vn 0 1 0
vn 0 1 0
vn 0 1 0
vn 0 1 0
vn 0 1 0
vn 0 1 0
vn 0 1 0
vn 0 1 0
vn 0 1 0
vn 0 1 0
vn 0 1 0
vn 0 1 0
vn 0 1 0
vn 0 1 0
vn 0 1 0
vn 0 1 0
vn 0 1 0
vn 0 1 0
vn 0 1 0
vn 0 1 0
vn 0 1 0
vn 0 1 0
vn 0 1 0
vn 0 1 0
vn 0 1 0
vn 0 1 0
vn 0 1 0
vn 0 1 0
vn 0 1 0
vn 0 1 0
vn 0 1 0
vn 0 1 0
vn 0 1 0
vn 0 1 0
vn 0 1 0
vn 0 1 0
vn 0 1 0
vn 0 1 0
vn 0 1 0
vn 0 1 0
vn 0 1 0
vn 0 1 0
vn 0 1 0
vn 0 1 0
vn 0 1 0
vn 0 1 0
vn 0 1 0
vn 0 1 0
vn 0 1 0
vn 0 1 0
vn 0 1 0
vn 0 1 0
vn 0 1 0
vn 0 1 0
vn 0 1 0
vn 0 1 0
vn 0 1 0
vn 0 1 0
vn 0 1 0
vn 0 1 0
vn 0 1 0
vn 0 1 0
vn 0 1 0
vn 0 1 0
vn 0 1 0
vn 0 1 0
vn 0 1 0
vn 0 1 0
vn 0 1 0
vn 0 1 0
vn 0 1 0
vn 0 1 0
vn 0 1 0
vn 0 1 0
vn 0 1 0
vn 0 1 0
vn 0 1 0
vn 0 1 0
vn 0 1 0
vn 0 1 0
vn 0 1 0
vn 0 1 0
vn 0 1 0
vn 0 1 0
vn 0 1 0
vn 0 1 0
vn 0 1 0
vn 0 1 0
vn 0 1 0
vn 0 1 0
vn 0 1 0
vn 0 1 0
vn 0 1 0
vn 0 1 0
vn 0 1 0
vn 0 1 0
vn 0 1 0
vn 0 1 0
vn 0 1 0
vn 0 1 0
vn 0 1 0
vn 0 1 0
vn 0 1 0
vn 0 1 0
vn 0 1 0
vn 0 1 0
vn 0 1 0
vn 0 1 0
vn 0 1 0
vn 0 1 0
vn 0 1 0
vn 0 1 0
vn 0 1 0
vn 0 1 0
vn 0 1 0
vn 0 1 0
vn 0 1 0
vn 0 1 0
vn 0 1 0
vn 0 1 0
vn 0 1 0
vn 0 1 0
vn 0 1 0
vn 0 1 0
vn 0 1 0
vn 0 1 0
vn 0 1 0
vn 0 1 0
vn 0 1 0
vn 0 1 0
vn 0 1 0
vn 0 1 0
vn 0 1 0
vn 0 1 0
vn 0 1 0
vn 0 1 0
vn 0 1 0
vn 0 1 0
vn 0 1 0
vn 0 1 0
vn 0 1 0
vn 0 1 0
vn 0 1 0
vn 0 1 0
vn 0 1 0
vn 0 1 0
vn 0 1 0
vn 0 1 0
vn 0 1 0
vn 0 1 0
vn 0 1 0
vn 0 1 0
vn 0 1 0
vn 0 1 0
vn 0 1 0
vn 0 1 0
vn 0 1 0
vn 0 1 0
vn 0 1 0
vn 0 1 0
vn 0 1 0
vn 0 1 0
vn 0 1 0
vn 0 1 0
vn 0 1 0
vn 0 1 0
vn 0 1 0
vn 0 1 0
vn 0 1 0
vn 0 1 0
vn 0 1 0
vn 0 1 0
vn 0 1 0
vn 0 1 0
vn 0 1 0
vn 0 1 0
vn 0 1 0
vn 0 1 0
vn 0 1 0
vn 0 1 0
vn 0 1 0
vn 0 1 0
vn 0 1 0
vn 0 1 0
vn 0 1 0
vn 0 1 0
vn 0 1 0
vn 0 1 0
vn 0 1 0
vn 0 1 0
vn 0 1 0
vn 0 1 0
vn 0 1 0
vn 0 1 0
vn 0 1 0
vn 0 1 0
vn 0 1 0
vn 0 1 0
vn 0 1 0
vn 0 1 0
vn 0 1 0
vn 0 1 0
vn 0 1 0
vn 0 1 0
vn 0 1 0
vn 0 1 0
vn 0 1 0
vn 0 1 0
vn 0 1 0
vn 0 1 0
vn 0 1 0
vn 0 1 0
vn 0 1 0
vn 0 1 0
vn 0 1 0
vn 0 1 0
vn 0 1 0
vn 0 1 0
vn 0 1 0
vn 0 1 0
vn 0 1 0
vn 0 1 0
vn 0 1 0
vn 0 1 0
vn 0 1 0
vn 0 1 0
vn 0 1 0
vn 0 1 0
vn 0 1 0
vn 0 1 0
vn 0 1 0
vn 0 1 0
vn 0 1 0
vn 0 1 0
vn 0 1 0
vn 0 1 0
vn 0 1 0
vn 0 1 0
vn 0 1 0
vn 0 1 0
vn 0 1 0
vn 0 1 0
vn 0 1 0
vn 0 1 0
vn 0 1 0
vn 0 1 0
vn 0 1 0
vn 0 1 0
vn 0 1 0
vn 0 1 0
vn 0 1 0
vn 0 1 0
vn 0 1 0
vn 0 1 0
vn 0 1 0
vn 0 1 0
vn 0 1 0
vn 0 1 0
vn 0 1 0
vn 0 1 0
vn 0 1 0
vn 0 1 0
vn 0 1 0
vn 0 1 0
vn 0 1 0
vn 0 1 0
vn 0 1 0
vn 0 1 0
vn 0 1 0
vn 0 1 0
vn 0 1 0
vn 0 1 0
vn 0 1 0
vn 0 1 0
vn 0 1 0
vn 0 1 0
vn 0 1 0
vn 0 1 0
vn 0 1 0
vn 0 1 0
vn 0 1 0
vn 0 1 0
vn 0 1 0
vn 0 1 0
vn 0 1 0
vn 0 1 0
vn 0 1 0
vn 0 1 0
vn 0 1 0
vn 0 1 0
vn 0 1 0
vn 0 1 0
vn 0 1 0
vn 0 1 0
vn 0 1 0
vn 0 1 0
vn 0 1 0
vn 0 1 0
vn 0 1 0
vn 0 1 0
vn 0 1 0
vn 0 1 0
vn 0 1 0
vn 0 1 0
vn 0 1 0
vn 0 1 0
vn 0 1 0
vn 0 1 0
vn 0 1 0
vn 0 1 0
vn 0 1 0
vn 0 1 0
vn 0 1 0
vn 0 1 0
vn 0 1 0
vn 0 1 0
vn 0 1 0
vn 0 1 0
vn 0 1 0
vn 0 1 0
vn 0 1 0
vn 0 1 0
vn 0 1 0
vn 0 1 0
vn 0 1 0
vn 0 1 0
vn 0 1 0
vn 0 1 0
vn 0 1 0
vn 0 1 0
vn 0 1 0
vn 0 1 0
vn 0 1 0
vn 0 1 0
vn 0 1 0
vn 0 1 0
vn 0 1 0
vn 0 1 0
vn 0 1 0
vn 0 1 0
vn 0 1 0
vn 0 1 0
vn 0 1 0
vn 0 1 0
vn 0 1 0
vn 0 1 0
vn 0 1 0
vn 0 1 0
vn 0 1 0
vn 0 1 0
vn 0 1 0
vn 0 1 0
vn 0 1 0
vn 0 1 0
vn 0 1 0
vn 0 1 0
vn 0 1 0
vn 0 1 0
vn 0 1 0
vn 0 1 0
vn 0 1 0
vn 0 1 0
vn 0 1 0
vn 0 1 0
vn 0 1 0
vn 0 1 0
vn 0 1 0
vn 0 1 0
vn 0 1 0
vn 0 1 0
vn 0 1 0
vn 0 1 0
vn 0 1 0
vn 0 1 0
vn 0 1 0
vn 0 1 0
vn 0 1 0
vn 0 1 0
vn 0 1 0
vn 0 1 0
vn 0 1 0
vn 0 1 0
vn 0 1 0
vn 0 1 0
vn 0 1 0
vn 0 1 0
vn 0 1 0
vn 0 1 0
vn 0 1 0
vn 0 1 0
vn 0 1 0
vn 0 1 0
vn 0 1 0
vn 0 1 0
vn 0 1 0
vn 0 1 0
vn 0 1 0
vn 0 1 0
vn 0 1 0
vn 0 1 0
vn 0 1 0
vn 0 1 0
vn 0 1 0
vn 0 1 0
vn 0 1 0
vn 0 1 0
vn 0 1 0
vn 0 1 0
vn 0 1 0
vn 0 1 0
vn 0 1 0
vn 0 1 0
vn 0 1 0
vn 0 1 0
vn 0 1 0
vn 0 1 0
vn 0 1 0
vn 0 1 0
vn 0 1 0
vn 0 1 0
vn 0 1 0
vn 0 1 0
vn 0 1 0
vn 0 1 0
vn 0 1 0
vn 0 1 0
vn 0 1 0
vn 0 1 0
vn 0 1 0
vn 0 1 0
vn 0 1 0
vn 0 1 0
vn 0 1 0
vn 0 1 0
vn 0 1 0
vn 0 1 0
vn 0 1 0
vn 0 1 0
vn 0 1 0
vn 0 1 0
vn 0 1 0
vn 0 1 0
vn 0 1 0
vn 0 1 0
vn 0 1 0
vn 0 1 0
vn 0 1 0
vn 0 1 0
vn 0 1 0
vn 0 1 0
vn 0 1 0
vn 0 1 0
vn 0 1 0
vn 0 1 0
vn 0 1 0
vn 0 1 0
vn 0 1 0
vn 0 1 0
vn 0 1 0
vn 0 1 0
vn 0 1 0
vn 0 1 0
vn 0 1 0
vn 0 1 0
vn 0 1 0
vn 0 1 0
vn 0 1 0
vn 0 1 0
vn 0 1 0
vn 0 1 0
vn 0 1 0
vn 0 1 0
vn 0 1 0
vn 0 1 0
vn 0 1 0
vn 0 1 0
vn 0 1 0
vn 0 1 0
vn 0 1 0
vn 0 1 0
vn 0 1 0
vn 0 1 0
vn 0 1 0
vn 0 1 0
vn 0 1 0
vn 0 1 0
vn 0 1 0
vn 0 1 0
vn 0 1 0
vn 0 1 0
vn 0 1 0
vn 0 1 0
vn 0 1 0
vn 0 1 0
vn 0 1 0
vn 0 1 0
vn 0 1 0
vn 0 1 0
vn 0 1 0
vn 0 1 0
vn 0 1 0
vn 0 1 0
vn 0 1 0
vn 0 1 0
vn 0 1 0
vn 0 1 0
vn 0 1 0
vn 0 1 0
vn 0 1 0
vn 0 1 0
vn 0 1 0
vn 0 1 0
vn 0 1 0
vn 0 1 0
vn 0 1 0
vn 0 1 0
vn 0 1 0
vn 0 1 0
vn 0 1 0
vn 0 1 0
vn 0 1 0
vn 0 1 0
vn 0 1 0
vn 0 1 0
vn 0 1 0
vn 0 1 0
vn 0 1 0
vn 0 1 0
vn 0 1 0
vn 0 1 0
vn 0 1 0
vn 0 1 0
vn 0 1 0
vn 0 1 0
vn 0 1 0
vn 0 1 0
vn 0 1 0
vn 0 1 0
vn 0 1 0
vn 0 1 0
vn 0 1 0
vn 0 1 0
vn 0 1 0
vn 0 1 0
vn 0 1 0
vn 0 1 0
vn 0 1 0
vn 0 1 0
vn 0 1 0
vn 0 1 0
vn 0 1 0
vn 0 1 0
vn 0 1 0
vn 0 1 0
vn 0 1 0
vn 0 1 0
vn 0 1 0
vn 0 1 0
vn 0 1 0
vn 0 1 0
vn 0 1 0
vn 0 1 0
vn 0 1 0
vn 0 1 0
vn 0 1 0
vn 0 1 0
vn 0 1 0
vn 0 1 0
vn 0 1 0
vn 0 1 0
vn 0 1 0
vn 0 1 0
vn 0 1 0
vn 0 1 0
vn 0 1 0
vn 0 1 0
vn 0 1 0
vn 0 1 0
vn 0 1 0
vn 0 1 0
vn 0 1 0
vn 0 1 0
vn 0 1 0
vn 0 1 0
vn 0 1 0
vn 0 1 0
vn 0 1 0
vn 0 1 0
vn 0 1 0
vn 0 1 0
vn 0 1 0
vn 0 1 0
vn 0 1 0
vn 0 1 0
vn 0 1 0
vn 0 1 0
vn 0 1 0
vn 0 1 0
vn 0 1 0
vn 0 1 0
vn 0 1 0
vn 0 1 0
vn 0 1 0
vn 0 1 0
vn 0 1 0
vn 0 1 0
vn 0 1 0
vn 0 1 0
vn 0 1 0
vn 0 1 0
vn 0 1 0
vn 0 1 0
vn 0 1 0
vn 0 1 0
vn 0 1 0
vn 0 1 0
vn 0 1 0
vn 0 1 0
vn 0 1 0
vn 0 1 0
vn 0 1 0
vn 0 1 0
vn 0 1 0
vn 0 1 0
vn 0 1 0
vn 0 1 0
vn 0 1 0
vn 0 1 0
vn 0 1 0
vn 0 1 0
vn 0 1 0
vn 0 1 0
vn 0 1 0
vn 0 1 0
vn 0 1 0
vn 0 1 0
vn 0 1 0
vn 0 1 0
vn 0 1 0
vn 0 1 0
vn 0 1 0
vn 0 1 0
vn 0 1 0
vn 0 1 0
vn 0 1 0
vn 0 1 0
vn 0 1 0
vn 0 1 0
vn 0 1 0
vn 0 1 0
vn 0 1 0
vn 0 1 0
vn 0 1 0
vn 0 1 0
vn 0 1 0
vn 0 1 0
vn 0 1 0
vn 0 1 0
vn 0 1 0
vn 0 1 0
vn 0 1 0
vn 0 1 0
vn 0 1 0
vn 0 1 0
vn 0 1 0
vn 0 1 0
vn 0 1 0
vn 0 1 0
vn 0 1 0
vn 0 1 0
vn 0 1 0
vn 0 1 0
vn 0 1 0
vn 0 1 0
vn 0 1 0
vn 0 1 0
vn 0 1 0
vn 0 1 0
vn 0 1 0
vn 0 1 0
vn 0 1 0
vn 0 1 0
vn 0 1 0
vn 0 1 0
vn 0 1 0
vn 0 1 0
vn 0 1 0
vn 0 1 0
vn 0 1 0
vn 0 1 0
vn 0 1 0
vn 0 1 0
vn 0 1 0
vn 0 1 0
vn 0 1 0
vn 0 1 0
vn 0 1 0
vn 0 1 0
vn 0 1 0
vn 0 1 0
vn 0 1 0
vn 0 1 0
vn 0 1 0
vn 0 1 0
vn 0 1 0
vn 0 1 0
vn 0 1 0
vn 0 1 0
vn 0 1 0
vn 0 1 0
vn 0 1 0
vn 0 1 0
vn 0 1 0
vn 0 1 0
vn 0 1 0
vn 0 1 0
vn 0 1 0
vn 0 1 0
vn 0 1 0
vn 0 1 0
vn 0 1 0
vn 0 1 0
vn 0 1 0
vn 0 1 0
vn 0 1 0
vn 0 1 0
vn 0 1 0
vn 0 1 0
vn 0 1 0
vn 0 1 0
vn 0 1 0
vn 0 1 0
vn 0 1 0
vn 0 1 0
vn 0 1 0
vn 0 1 0
vn 0 1 0
vn 0 1 0
vn 0 1 0
vn 0 1 0
vn 0 1 0
vn 0 1 0
vn 0 1 0
vn 0 1 0
vn 0 1 0
vn 0 1 0
vn 0 1 0
vn 0 1 0
vn 0 1 0
vn 0 1 0
vn 0 1 0
vn 0 1 0
vn 0 1 0
vn 0 1 0
vn 0 1 0
vn 0 1 0
vn 0 1 0
vn 0 1 0
vn 0 1 0
vn 0 1 0
vn 0 1 0
vn 0 1 0
vn 0 1 0
vn 0 1 0
vn 0 1 0
vn 0 1 0
vn 0 1 0
vn 0 1 0
vn 0 1 0
vn 0 1 0
vn 0 1 0
vn 0 1 0
vn 0 1 0
vn 0 1 0
vn 0 1 0
vn 0 1 0
vn 0 1 0
vn 0 1 0
vn 0 1 0
vn 0 1 0
vn 0 1 0
vn 0 1 0
vn 0 1 0
vn 0 1 0
vn 0 1 0
vn 0 1 0
vn 0 1 0
vn 0 1 0
vn 0 1 0
vn 0 1 0
vn 0 1 0
vn 0 1 0
vn 0 1 0
vn 0 1 0
vn 0 1 0
vn 0 1 0
vn 0 1 0
vn 0 1 0
vn 0 1 0
vn 0 1 0
vn 0 1 0
vn 0 1 0
vn 0 1 0
vn 0 1 0
vn 0 1 0
vn 0 1 0
vn 0 1 0
vn 0 1 0
vn 0 1 0
vn 0 1 0
vn 0 1 0
vn 0 1 0
vn 0 1 0
vn 0 1 0
vn 0 1 0
vn 0 1 0
vn 0 1 0
vn 0 1 0
vn 0 1 0
vn 0 1 0
vn 0 1 0
vn 0 1 0
vn 0 1 0
vn 0 1 0
vn 0 1 0
vn 0 1 0
vn 0 1 0
vn 0 1 0
vn 0 1 0
vn 0 1 0
vn 0 1 0
vn 0 1 0
vn 0 1 0
vn 0 1 0
vn 0 1 0
vn 0 1 0
vn 0 1 0
vn 0 1 0
vn 0 1 0
vn 0 1 0
vn 0 1 0
vn 0 1 0
vn 0 1 0
vn 0 1 0
vn 0 1 0
vn 0 1 0
vn 0 1 0
vn 0 1 0
vn 0 1 0
vn 0 1 0
vn 0 1 0
vn 0 1 0
vn 0 1 0
vn 0 1 0
vn 0 1 0
vn 0 1 0
vn 0 1 0
vn 0 1 0
vn 0 1 0
vn 0 1 0
vn 0 1 0
vn 0 1 0
vn 0 1 0
vn 0 1 0
vn 0 1 0
vn 0 1 0
vn 0 1 0
vn 0 1 0
vn 0 1 0
vn 0 1 0
vn 0 1 0
vn 0 1 0
vn 0 1 0
vn 0 1 0
vn 0 1 0
vn 0 1 0
vn 0 1 0
vn 0 1 0
vn 0 1 0
vn 0 1 0
vn 0 1 0
vn 0 1 0
vn 0 1 0
vn 0 1 0
vn 0 1 0
vn 0 1 0
vn 0 1 0
vn 0 1 0
vn 0 1 0
vn 0 1 0
vn 0 1 0
vn 0 1 0
vn 0 1 0
vn 0 1 0
vn 0 1 0
vn 0 1 0
vn 0 1 0
vn 0 1 0
vn 0 1 0
vn 0 1 0
vn 0 1 0
vn 0 1 0
vn 0 1 0
vn 0 1 0
vn 0 1 0
vn 0 1 0
vn 0 1 0
vn 0 1 0
vn 0 1 0
vn 0 1 0
vn 0 1 0
vn 0 1 0
vn 0 1 0
vn 0 1 0
vn 0 1 0
vn 0 1 0
vn 0 1 0
vn 0 1 0
vn 0 1 0
vn 0 1 0
vn 0 1 0
vn 0 1 0
vn 0 1 0
vn 0 1 0
vn 0 1 0
vn 0 1 0
vn 0 1 0
vn 0 1 0
vn 0 1 0
vn 0 1 0
vn 0 1 0
vn 0 1 0
vn 0 1 0
vn 0 1 0
vn 0 1 0
vn 0 1 0
vn 0 1 0
vn 0 1 0
vn 0 1 0
vn 0 1 0
vn 0 1 0
vn 0 1 0
vn 0 1 0
vn 0 1 0
vn 0 1 0
vn 0 1 0
vn 0 1 0
vn 0 1 0
vn 0 1 0
vn 0 1 0
vn 0 1 0
vn 0 1 0
vn 0 1 0
vn 0 1 0
vn 0 1 0
vn 0 1 0
vn 0 1 0
vn 0 1 0
vn 0 1 0
vn 0 1 0
vn 0 1 0
vn 0 1 0
vn 0 1 0
vn 0 1 0
vn 0 1 0
vn 0 1 0
vn 0 1 0
vn 0 1 0
vn 0 1 0
vn 0 1 0
vn 0 1 0
vn 0 1 0
vn 0 1 0
vn 0 1 0
vn 0 1 0
vn 0 1 0
vn 0 1 0
vn 0 1 0
vn 0 1 0
vn 0 1 0
vn 0 1 0
vn 0 1 0
vn 0 1 0
vn 0 1 0
vn 0 1 0
vn 0 1 0
vn 0 1 0
vn 0 1 0
vn 0 1 0
vn 0 1 0
vn 0 1 0
vn 0 1 0
vn 0 1 0
vn 0 1 0
vn 0 1 0
vn 0 1 0
vn 0 1 0
vn 0 1 0
vn 0 1 0
vn 0 1 0
vn 0 1 0
vn 0 1 0
vn 0 1 0
vn 0 1 0
vn 0 1 0
vn 0 1 0
vn 0 1 0
vn 0 1 0
vn 0 1 0
vn 0 1 0
vn 0 1 0
vn 0 1 0
vn 0 1 0
vn 0 1 0
vn 0 1 0
vn 0 1 0
vn 0 1 0
vn 0 1 0
vn 0 1 0
vn 0 1 0
vn 0 1 0
vn 0 1 0
vn 0 1 0
vn 0 1 0
vn 0 1 0
vn 0 1 0
vn 0 1 0
vn 0 1 0
vn 0 1 0
vn 0 1 0
vn 0 1 0
vn 0 1 0
vn 0 1 0
vn 0 1 0
vn 0 1 0
vn 0 1 0
vn 0 1 0
vn 0 1 0
vn 0 1 0
vn 0 1 0
vn 0 1 0
vn 0 1 0
vn 0 1 0
vn 0 1 0
vn 0 1 0
vn 0 1 0
vn 0 1 0
vn 0 1 0
vn 0 1 0
vn 0 1 0
vn 0 1 0
vn 0 1 0
vn 0 1 0
vn 0 1 0
vn 0 1 0
vn 0 1 0
vn 0 1 0
vn 0 1 0
vn 0 1 0
vn 0 1 0
vn 0 1 0
vn 0 1 0
vn 0 1 0
vn 0 1 0
vn 0 1 0
vn 0 1 0
vn 0 1 0
vn 0 1 0
vn 0 1 0
vn 0 1 0
vn 0 1 0
vn 0 1 0
vn 0 1 0
vn 0 1 0
vn 0 1 0
vn 0 1 0
vn 0 1 0
vn 0 1 0
vn 0 1 0
vn 0 1 0
vn 0 1 0
vn 0 1 0
vn 0 1 0
vn 0 1 0
vn 0 1 0
vn 0 1 0
vn 0 1 0
vn 0 1 0
vn 0 1 0
vn 0 1 0
vn 0 1 0
vn 0 1 0
vn 0 1 0
vn 0 1 0
vn 0 1 0
vn 0 1 0
vn 0 1 0
vn 0 1 0
vn 0 1 0
vn 0 1 0
vn 0 1 0
vn 0 1 0
vn 0 1 0
vn 0 1 0
vn 0 1 0
vn 0 1 0
vn 0 1 0
vn 0 1 0
vn 0 1 0
vn 0 1 0
vn 0 1 0
vn 0 1 0
vn 0 1 0
vn 0 1 0
vn 0 1 0
vn 0 1 0
vn 0 1 0
vn 0 1 0
vn 0 1 0
vn 0 1 0
vn 0 1 0
vn 0 1 0
vn 0 1 0
vn 0 1 0
vn 0 1 0
vn 0 1 0
vn 0 1 0
vn 0 1 0
vn 0 1 0
vn 0 1 0
vn 0 1 0
vn 0 1 0
vn 0 1 0
vn 0 1 0
vn 0 1 0
vn 0 1 0
vn 0 1 0
vn 0 1 0
vn 0 1 0
vn 0 1 0
vn 0 1 0
vn 0 1 0
vn 0 1 0
vn 0 1 0
vn 0 1 0
vn 0 1 0
vn 0 1 0
vn 0 1 0
vn 0 1 0
vn 0 1 0
vn 0 1 0
vn 0 1 0
vn 0 1 0
vn 0 1 0
vn 0 1 0
vn 0 1 0
vn 0 1 0
vn 0 1 0
vn 0 1 0
vn 0 1 0
vn 0 1 0
vn 0 1 0
vn 0 1 0
vn 0 1 0
vn 0 1 0
vn 0 1 0
vn 0 1 0
vn 0 1 0
vn 0 1 0
vn 0 1 0
vn 0 1 0
vn 0 1 0
vn 0 1 0
vn 0 1 0
vn 0 1 0
vn 0 1 0
vn 0 1 0
vn 0 1 0
vn 0 1 0
vn 0 1 0
vn 0 1 0
vn 0 1 0
vn 0 1 0
vn 0 1 0
vn 0 1 0
vn 0 1 0
vn 0 1 0
vn 0 1 0
vn 0 1 0
vn 0 1 0
vn 0 1 0
vn 0 1 0
vn 0 1 0
vn 0 1 0
vn 0 1 0
vn 0 1 0
vn 0 1 0
vn 0 1 0
vn 0 1 0
vn 0 1 0
vn 0 1 0
vn 0 1 0
vn 0 1 0
vn 0 1 0
vn 0 1 0
vn 0 1 0
vn 0 1 0
vn 0 1 0
vn 0 1 0
vn 0 1 0
vn 0 1 0
vn 0 1 0
vn 0 1 0
vn 0 1 0
vn 0 1 0
vn 0 1 0
vn 0 1 0
vn 0 1 0
vn 0 1 0
vn 0 1 0
vn 0 1 0
vn 0 1 0
vn 0 1 0
vn 0 1 0
vn 0 1 0
vn 0 1 0
vn 0 1 0
vn 0 1 0
vn 0 1 0
vn 0 1 0
vn 0 1 0
vn 0 1 0
vn 0 1 0
vn 0 1 0
vn 0 1 0
vn 0 1 0
vn 0 1 0
vn 0 1 0
vn 0 1 0
vn 0 1 0
vn 0 1 0
vn 0 1 0
vn 0 1 0
vn 0 1 0
vn 0 1 0
vn 0 1 0
vn 0 1 0
vn 0 1 0
vn 0 1 0
vn 0 1 0
vn 0 1 0
vn 0 1 0
vn 0 1 0
vn 0 1 0
vn 0 1 0
vn 0 1 0
vn 0 1 0
vn 0 1 0
vn 0 1 0
vn 0 1 0
vn 0 1 0
vn 0 1 0
vn 0 1 0
vn 0 1 0
vn 0 1 0
vn 0 1 0
vn 0 1 0
vn 0 1 0
vn 0 1 0
vn 0 1 0
vn 0 1 0
vn 0 1 0
vn 0 1 0
vn 0 1 0
vn 0 1 0
vn 0 1 0
vn 0 1 0
vn 0 1 0
vn 0 1 0
vn 0 1 0
vn 0 1 0
vn 0 1 0
vn 0 1 0
vn 0 1 0
vn 0 1 0
vn 0 1 0
vn 0 1 0
vn 0 1 0
vn 0 1 0
vn 0 1 0
vn 0 1 0
vn 0 1 0
vn 0 1 0
vn 0 1 0
vn 0 1 0
vn 0 1 0
vn 0 1 0
vn 0 1 0
vn 0 1 0
vn 0 1 0
vn 0 1 0
vn 0 1 0
vn 0 1 0
vn 0 1 0
vn 0 1 0
vn 0 1 0
vn 0 1 0
vn 0 1 0
vn 0 1 0
vn 0 1 0
vn 0 1 0
vn 0 1 0
vn 0 1 0
vn 0 1 0
vn 0 1 0
vn 0 1 0
vn 0 1 0
vn 0 1 0
vn 0 1 0
vn 0 1 0
vn 0 1 0
vn 0 1 0
vn 0 1 0
vn 0 1 0
vn 0 1 0
vn 0 1 0
vn 0 1 0
vn 0 1 0
vn 0 1 0
vn 0 1 0
vn 0 1 0
vn 0 1 0
vn 0 1 0
vn 0 1 0
vn 0 1 0
vn 0 1 0
vn 0 1 0
vn 0 1 0
vn 0 1 0
vn 0 1 0
vn 0 1 0
vn 0 1 0
vn 0 1 0
vn 0 1 0
vn 0 1 0
vn 0 1 0
vn 0 1 0
vn 0 1 0
vn 0 1 0
vn 0 1 0
vn 0 1 0
vn 0 1 0
vn 0 1 0
vn 0 1 0
vn 0 1 0
vn 0 1 0
vn 0 1 0
vn 0 1 0
vn 0 1 0
vn 0 1 0
vn 0 1 0
vn 0 1 0
vn 0 1 0
vn 0 1 0
vn 0 1 0
vn 0 1 0
vn 0 1 0
vn 0 1 0
vn 0 1 0
vn 0 1 0
vn 0 1 0
vn 0 1 0
vn 0 1 0
vn 0 1 0
vn 0 1 0
vn 0 1 0
vn 0 1 0
vn 0 1 0
vn 0 1 0
vn 0 1 0
vn 0 1 0
vn 0 1 0
vn 0 1 0
vn 0 1 0
vn 0 1 0
vn 0 1 0
vn 0 1 0
vn 0 1 0
vn 0 1 0
vn 0 1 0
vn 0 1 0
vn 0 1 0
vn 0 1 0
vn 0 1 0
vn 0 1 0
vn 0 1 0
vn 0 1 0
vn 0 1 0
vn 0 1 0
vn 0 1 0
vn 0 1 0
vn 0 1 0
vn 0 1 0
vn 0 1 0
vn 0 1 0
vn 0 1 0
vn 0 1 0
vn 0 1 0
vn 0 1 0
vn 0 1 0
vn 0 1 0
vn 0 1 0
vn 0 1 0
vn 0 1 0
vn 0 1 0
vn 0 1 0
vn 0 1 0
vn 0 1 0
vn 0 1 0
vn 0 1 0
vn 0 1 0
vn 0 1 0
vn 0 1 0
vn 0 1 0
vn 0 1 0
vn 0 1 0
vn 0 1 0
vn 0 1 0
vn 0 1 0
vn 0 1 0
vn 0 1 0
vn 0 1 0
vn 0 1 0
vn 0 1 0
vn 0 1 0
vn 0 1 0
vn 0 1 0
vn 0 1 0
vn 0 1 0
vn 0 1 0
vn 0 1 0
vn 0 1 0
vn 0 1 0
vn 0 1 0
vn 0 1 0
vn 0 1 0
vn 0 1 0
vn 0 1 0
vn 0 1 0
vn 0 1 0
vn 0 1 0
vn 0 1 0
vn 0 1 0
vn 0 1 0
vn 0 1 0
vn 0 1 0
vn 0 1 0
vn 0 1 0
vn 0 1 0
vn 0 1 0
vn 0 1 0
vn 0 1 0
vn 0 1 0
vn 0 1 0
vn 0 1 0
vn 0 1 0
vn 0 1 0
vn 0 1 0
vn 0 1 0
vn 0 1 0
vn 0 1 0
vn 0 1 0
vn 0 1 0
vn 0 1 0
vn 0 1 0
vn 0 1 0
vn 0 1 0
vn 0 1 0
vn 0 1 0
vn 0 1 0
vn 0 1 0
vn 0 1 0
vn 0 1 0
vn 0 1 0
vn 0 1 0
vn 0 1 0
vn 0 1 0
vn 0 1 0
vn 0 1 0
vn 0 1 0
vn 0 1 0
vn 0 1 0
vn 0 1 0
vn 0 1 0
vn 0 1 0
vn 0 1 0
vn 0 1 0
vn 0 1 0
vn 0 1 0
vn 0 1 0
vn 0 1 0
vn 0 1 0
vn 0 1 0
vn 0 1 0
vn 0 1 0
vn 0 1 0
vn 0 1 0
vn 0 1 0
vn 0 1 0
vn 0 1 0
vn 0 1 0
vn 0 1 0
vn 0 1 0
vn 0 1 0
vn 0 1 0
vn 0 1 0
vn 0 1 0
vn 0 1 0
vn 0 1 0
vn 0 1 0
vn 0 1 0
vn 0 1 0
vn 0 1 0
vn 0 1 0
vn 0 1 0
vn 0 1 0
vn 0 1 0
vn 0 1 0
vn 0 1 0
vn 0 1 0
vn 0 1 0
vn 0 1 0
vn 0 1 0
vn 0 1 0
vn 0 1 0
vn 0 1 0
vn 0 1 0
vn 0 1 0
vn 0 1 0
vn 0 1 0
vn 0 1 0
vn 0 1 0
vn 0 1 0
vn 0 1 0
vn 0 1 0
vn 0 1 0
vn 0 1 0
vn 0 1 0
vn 0 1 0
vn 0 1 0
vn 0 1 0
vn 0 1 0
vn 0 1 0
vn 0 1 0
vn 0 1 0
vn 0 1 0
vn 0 1 0
vn 0 1 0
vn 0 1 0
vn 0 1 0
vn 0 1 0
vn 0 1 0
vn 0 1 0
vn 0 1 0
vn 0 1 0
vn 0 1 0
vn 0 1 0
vn 0 1 0
vn 0 1 0
vn 0 1 0
vn 0 1 0
vn 0 1 0
vn 0 1 0
vn 0 1 0
vn 0 1 0
vn 0 1 0
vn 0 1 0
vn 0 1 0
vn 0 1 0
vn 0 1 0
vn 0 1 0
vn 0 1 0
vn 0 1 0
vn 0 1 0
vn 0 1 0
vn 0 1 0
vn 0 1 0
vn 0 1 0
vn 0 1 0
vn 0 1 0
vn 0 1 0
vn 0 1 0
vn 0 1 0
vn 0 1 0
vn 0 1 0
vn 0 1 0
vn 0 1 0
vn 0 1 0
vn 0 1 0
vn 0 1 0
vn 0 1 0
vn 0 1 0
vn 0 1 0
vn 0 1 0
vn 0 1 0
vn 0 1 0
vn 0 1 0
vn 0 1 0
vn 0 1 0
vn 0 1 0
vn 0 1 0
vn 0 1 0
vn 0 1 0
vn 0 1 0
vn 0 1 0
vn 0 1 0
vn 0 1 0
vn 0 1 0
vn 0 1 0
vn 0 1 0
vn 0 1 0
vn 0 1 0
vn 0 1 0
vn 0 1 0
vn 0 1 0
vn 0 1 0
vn 0 1 0
vn 0 1 0
vn 0 1 0
vn 0 1 0
vn 0 1 0
vn 0 1 0
vn 0 1 0
vn 0 1 0
vn 0 1 0
vn 0 1 0
vn 0 1 0
vn 0 1 0
vn 0 1 0
vn 0 1 0
vn 0 1 0
vn 0 1 0
vn 0 1 0
vn 0 1 0
vn 0 1 0
vn 0 1 0
vn 0 1 0
vn 0 1 0
vn 0 1 0
vn 0 1 0
vn 0 1 0
vn 0 1 0
vn 0 1 0
vn 0 1 0
vn 0 1 0
vn 0 1 0
vn 0 1 0
vn 0 1 0
vn 0 1 0
vn 0 1 0
vn 0 1 0
vn 0 1 0
vn 0 1 0
vn 0 1 0
vn 0 1 0
vn 0 1 0
vn 0 1 0
vn 0 1 0
vn 0 1 0
vn 0 1 0
vn 0 1 0
vn 0 1 0
vn 0 1 0
vn 0 1 0
vn 0 1 0
vn 0 1 0
vn 0 1 0
vn 0 1 0
vn 0 1 0
vn 0 1 0
vn 0 1 0
vn 0 1 0
vn 0 1 0
vn 0 1 0
vn 0 1 0
vn 0 1 0
vn 0 1 0
vn 0 1 0
vn 0 1 0
vn 0 1 0
vn 0 1 0
vn 0 1 0
vn 0 1 0
vn 0 1 0
vn 0 1 0
vn 0 1 0
vn 0 1 0
vn 0 1 0
vn 0 1 0
vn 0 1 0
vn 0 1 0
vn 0 1 0
vn 0 1 0
vn 0 1 0
vn 0 1 0
vn 0 1 0
vn 0 1 0
vn 0 1 0
vn 0 1 0
vn 0 1 0
vn 0 1 0
vn 0 1 0
vn 0 1 0
vn 0 1 0
vn 0 1 0
vn 0 1 0
vn 0 1 0
vn 0 1 0
vn 0 1 0
vn 0 1 0
vn 0 1 0
vn 0 1 0
vn 0 1 0
vn 0 1 0
vn 0 1 0
vn 0 1 0
vn 0 1 0
vn 0 1 0
vn 0 1 0
vn 0 1 0
vn 0 1 0
vn 0 1 0
vn 0 1 0
vn 0 1 0
vn 0 1 0
vn 0 1 0
vn 0 1 0
vn 0 1 0
vn 0 1 0
vn 0 1 0
vn 0 1 0
vn 0 1 0
vn 0 1 0
vn 0 1 0
vn 0 1 0
vn 0 1 0
vn 0 1 0
vn 0 1 0
vn 0 1 0
vn 0 1 0
vn 0 1 0
vn 0 1 0
vn 0 1 0
vn 0 1 0
vn 0 1 0
vn 0 1 0
vn 0 1 0
vn 0 1 0
vn 0 1 0
vn 0 1 0
vn 0 1 0
vn 0 1 0
vn 0 1 0
vn 0 1 0
vn 0 1 0
vn 0 1 0
vn 0 1 0
vn 0 1 0
vn 0 1 0
vn 0 1 0
vn 0 1 0
vn 0 1 0
vn 0 1 0
vn 0 1 0
vn 0 1 0
vn 0 1 0
vn 0 1 0
vn 0 1 0
vn 0 1 0
vn 0 1 0
vn 0 1 0
vn 0 1 0
vn 0 1 0
vn 0 1 0
vn 0 1 0
vn 0 1 0
vn 0 1 0
vn 0 1 0
vn 0 1 0
vn 0 1 0
vn 0 1 0
vn 0 1 0
vn 0 1 0
vn 0 1 0
vn 0 1 0
vn 0 1 0
vn 0 1 0
vn 0 1 0
vn 0 1 0
vn 0 1 0
vn 0 1 0
vn 0 1 0
vn 0 1 0
vn 0 1 0
vn 0 1 0
vn 0 1 0
vn 0 1 0
vn 0 1 0
vn 0 1 0
vn 0 1 0
vn 0 1 0
vn 0 1 0
vn 0 1 0
vn 0 1 0
vn 0 1 0
vn 0 1 0
vn 0 1 0
vn 0 1 0
vn 0 1 0
vn 0 1 0
vn 0 1 0
vn 0 1 0
vn 0 1 0
vn 0 1 0
vn 0 1 0
vn 0 1 0
vn 0 1 0
vn 0 1 0
vn 0 1 0
vn 0 1 0
vn 0 1 0
vn 0 1 0
vn 0 1 0
vn 0 1 0
vn 0 1 0
vn 0 1 0
vn 0 1 0
vn 0 1 0
vn 0 1 0
vn 0 1 0
vn 0 1 0
vn 0 1 0
vn 0 1 0
vn 0 1 0
vn 0 1 0
vn 0 1 0
vn 0 1 0
vn 0 1 0
vn 0 1 0
vn 0 1 0
vn 0 1 0
vn 0 1 0
vn 0 1 0
vn 0 1 0
vn 0 1 0
vn 0 1 0
vn 0 1 0
vn 0 1 0
vn 0 1 0
vn 0 1 0
vn 0 1 0
vn 0 1 0
vn 0 1 0
vn 0 1 0
vn 0 1 0
vn 0 1 0
vn 0 1 0
vn 0 1 0
vn 0 1 0
vn 0 1 0
vn 0 1 0
vn 0 1 0
vn 0 1 0
vn 0 1 0
vn 0 1 0
vn 0 1 0
vn 0 1 0
vn 0 1 0
vn 0 1 0
vn 0 1 0
vn 0 1 0
vn 0 1 0
vn 0 1 0
vn 0 1 0
vn 0 1 0
vn 0 1 0
vn 0 1 0
vn 0 1 0
vn 0 1 0
vn 0 1 0
vn 0 1 0
vn 0 1 0
vn 0 1 0
vn 0 1 0
vn 0 1 0
vn 0 1 0
vn 0 1 0
vn 0 1 0
vn 0 1 0
vn 0 1 0
vn 0 1 0
vn 0 1 0
vn 0 1 0
vn 0 1 0
vn 0 1 0
vn 0 1 0
vn 0 1 0
vn 0 1 0
vn 0 1 0
vn 0 1 0
vn 0 1 0
vn 0 1 0
vn 0 1 0
vn 0 1 0
vn 0 1 0
vn 0 1 0
vn 0 1 0
vn 0 1 0
vn 0 1 0
vn 0 1 0
vn 0 1 0
vn 0 1 0
vn 0 1 0
vn 0 1 0
vn 0 1 0
vn 0 1 0
vn 0 1 0
vn 0 1 0
vn 0 1 0
vn 0 1 0
vn 0 1 0
vn 0 1 0
vn 0 1 0
vn 0 1 0
vn 0 1 0
vn 0 1 0
vn 0 1 0
vn 0 1 0
vn 0 1 0
vn 0 1 0
vn 0 1 0
vn 0 1 0
vn 0 1 0
vn 0 1 0
vn 0 1 0
vn 0 1 0
vn 0 1 0
vn 0 1 0
vn 0 1 0
vn 0 1 0
vn 0 1 0
vn 0 1 0
vn 0 1 0
vn 0 1 0
vn 0 1 0
vn 0 1 0
vn 0 1 0
vn 0 1 0
vn 0 1 0
vn 0 1 0
vn 0 1 0
vn 0 1 0
vn 0 1 0
vn 0 1 0
vn 0 1 0
vn 0 1 0
vn 0 1 0
vn 0 1 0
vn 0 1 0
vn 0 1 0
vn 0 1 0
vn 0 1 0
vn 0 1 0
vn 0 1 0
vn 0 1 0
vn 0 1 0
vn 0 1 0
vn 0 1 0
vn 0 1 0
vn 0 1 0
vn 0 1 0
vn 0 1 0
vn 0 1 0
vn 0 1 0
vn 0 1 0
vn 0 1 0
vn 0 1 0
vn 0 1 0
vn 0 1 0
vn 0 1 0
vn 0 1 0
vn 0 1 0
vn 0 1 0
vn 0 1 0
vn 0 1 0
vn 0 1 0
vn 0 1 0
vn 0 1 0
vn 0 1 0
vn 0 1 0
vn 0 1 0
vn 0 1 0
vn 0 1 0
vn 0 1 0
vn 0 1 0
vn 0 1 0
vn 0 1 0
vn 0 1 0
vn 0 1 0
vn 0 1 0
vn 0 1 0
vn 0 1 0
vn 0 1 0
vn 0 1 0
vn 0 1 0
vn 0 1 0
vn 0 1 0
vn 0 1 0
vn 0 1 0
vn 0 1 0
vn 0 1 0
vn 0 1 0
vn 0 1 0
vn 0 1 0
vn 0 1 0
vn 0 1 0
vn 0 1 0
vn 0 1 0
vn 0 1 0
vn 0 1 0
vn 0 1 0
vn 0 1 0
vn 0 1 0
vn 0 1 0
vn 0 1 0
vn 0 1 0
vn 0 1 0
vn 0 1 0
vn 0 1 0
vn 0 1 0
vn 0 1 0
vn 0 1 0
vn 0 1 0
vn 0 1 0
vn 0 1 0
vn 0 1 0
vn 0 1 0
vn 0 1 0
vn 0 1 0
vn 0 1 0
vn 0 1 0
vn 0 1 0
vn 0 1 0
vn 0 1 0
vn 0 1 0
vn 0 1 0
vn 0 1 0
vn 0 1 0
vn 0 1 0
vn 0 1 0
vn 0 1 0
vn 0 1 0
vn 0 1 0
vn 0 1 0
vn 0 1 0
vn 0 1 0
vn 0 1 0
vn 0 1 0
vn 0 1 0
vn 0 1 0
vn 0 1 0
vn 0 1 0
vn 0 1 0
vn 0 1 0
vn 0 1 0
vn 0 1 0
vn 0 1 0
vn 0 1 0
vn 0 1 0
vn 0 1 0
vn 0 1 0
vn 0 1 0
vn 0 1 0
vn 0 1 0
vn 0 1 0
vn 0 1 0
vn 0 1 0
vn 0 1 0
vn 0 1 0
vn 0 1 0
vn 0 1 0
vn 0 1 0
vn 0 1 0
vn 0 1 0
vn 0 1 0
vn 0 1 0
vn 0 1 0
vn 0 1 0
vn 0 1 0
vn 0 1 0
vn 0 1 0
vn 0 1 0
vn 0 1 0
vn 0 1 0
vn 0 1 0
vn 0 1 0
vn 0 1 0
vn 0 1 0
vn 0 1 0
vn 0 1 0
vn 0 1 0
vn 0 1 0
vn 0 1 0
vn 0 1 0
vn 0 1 0
vn 0 1 0
vn 0 1 0
vn 0 1 0
vn 0 1 0
vn 0 1 0
vn 0 1 0
vn 0 1 0
vn 0 1 0
vn 0 1 0
vn 0 1 0
vn 0 1 0
vn 0 1 0
vn 0 1 0
vn 0 1 0
vn 0 1 0
vn 0 1 0
vn 0 1 0
vn 0 1 0
vn 0 1 0
vn 0 1 0
vn 0 1 0
vn 0 1 0
vn 0 1 0
vn 0 1 0
vn 0 1 0
vn 0 1 0
vn 0 1 0
vn 0 1 0
vn 0 1 0
vn 0 1 0
vn 0 1 0
vn 0 1 0
vn 0 1 0
vn 0 1 0
vn 0 1 0
vn 0 1 0
vn 0 1 0
vn 0 1 0
vn 0 1 0
vn 0 1 0
vn 0 1 0
vn 0 1 0
vn 0 1 0
vn 0 1 0
vn 0 1 0
vn 0 1 0
vn 0 1 0
vn 0 1 0
vn 0 1 0
vn 0 1 0
vn 0 1 0
vn 0 1 0
vn 0 1 0
vn 0 1 0
vn 0 1 0
vn 0 1 0
vn 0 1 0
vn 0 1 0
vn 0 1 0
vn 0 1 0
vn 0 1 0
vn 0 1 0
vn 0 1 0
vn 0 1 0
vn 0 1 0
vn 0 1 0
vn 0 1 0
vn 0 1 0
vn 0 1 0
vn 0 1 0
vn 0 1 0
vn 0 1 0
vn 0 1 0
vn 0 1 0
vn 0 1 0
vn 0 1 0
vn 0 1 0
vn 0 1 0
vn 0 1 0
vn 0 1 0
vn 0 1 0
vn 0 1 0
vn 0 1 0
vn 0 1 0
vn 0 1 0
vn 0 1 0
vn 0 1 0
vn 0 1 0
vn 0 1 0
vn 0 1 0
vn 0 1 0
vn 0 1 0
vn 0 1 0
vn 0 1 0
vn 0 1 0
vn 0 1 0
vn 0 1 0
vn 0 1 0
vn 0 1 0
vn 0 1 0
vn 0 1 0
vn 0 1 0
vn 0 1 0
vn 0 1 0
vn 0 1 0
vn 0 1 0
vn 0 1 0
vn 0 1 0
vn 0 1 0
vn 0 1 0
vn 0 1 0
vn 0 1 0
vn 0 1 0
vn 0 1 0
vn 0 1 0
vn 0 1 0
vn 0 1 0
vn 0 1 0
vn 0 1 0
vn 0 1 0
vn 0 1 0
vn 0 1 0
vn 0 1 0
vn 0 1 0
vn 0 1 0
vn 0 1 0
vn 0 1 0
vn 0 1 0
vn 0 1 0
vn 0 1 0
vn 0 1 0
vn 0 1 0
vn 0 1 0
vn 0 1 0
vn 0 1 0
vn 0 1 0
vn 0 1 0
vn 0 1 0
vn 0 1 0
vn 0 1 0
vn 0 1 0
vn 0 1 0
vn 0 1 0
vn 0 1 0
vn 0 1 0
vn 0 1 0
vn 0 1 0
vn 0 1 0
vn 0 1 0
vn 0 1 0
vn 0 1 0
vn 0 1 0
vn 0 1 0
vn 0 1 0
vn 0 1 0
vn 0 1 0
vn 0 1 0
vn 0 1 0
vn 0 1 0
vn 0 1 0
vn 0 1 0
vn 0 1 0
vn 0 1 0
vn 0 1 0
vn 0 1 0
vn 0 1 0
vn 0 1 0
vn 0 1 0
vn 0 1 0
vn 0 1 0
vn 0 1 0
vn 0 1 0
vn 0 1 0
vn 0 1 0
vn 0 1 0
vn 0 1 0
vn 0 1 0
vn 0 1 0
vn 0 1 0
vn 0 1 0
vn 0 1 0
vn 0 1 0
vn 0 1 0
vn 0 1 0
vn 0 1 0
vn 0 1 0
vn 0 1 0
vn 0 1 0
vn 0 1 0
vn 0 1 0
vn 0 1 0
vn 0 1 0
vn 0 1 0
vn 0 1 0
vn 0 1 0
vn 0 1 0
vn 0 1 0
vn 0 1 0
vn 0 1 0
vn 0 1 0
vn 0 1 0
vn 0 1 0
vn 0 1 0
vn 0 1 0
vn 0 1 0
vn 0 1 0
vn 0 1 0
vn 0 1 0
vn 0 1 0
vn 0 1 0
vn 0 1 0
vn 0 1 0
vn 0 1 0
vn 0 1 0
vn 0 1 0
vn 0 1 0
vn 0 1 0
vn 0 1 0
vn 0 1 0
vn 0 1 0
vn 0 1 0
vn 0 1 0
vn 0 1 0
vn 0 1 0
vn 0 1 0
vn 0 1 0
vn 0 1 0
vn 0 1 0
vn 0 1 0
vn 0 1 0
vn 0 1 0
vn 0 1 0
vn 0 1 0
vn 0 1 0
vn 0 1 0
vn 0 1 0
vn 0 1 0
vn 0 1 0
vn 0 1 0
vn 0 1 0
vn 0 1 0
vn 0 1 0
vn 0 1 0
vn 0 1 0
vn 0 1 0
vn 0 1 0
vn 0 1 0
vn 0 1 0
vn 0 1 0
vn 0 1 0
vn 0 1 0
vn 0 1 0
vn 0 1 0
vn 0 1 0
vn 0 1 0
vn 0 1 0
vn 0 1 0
vn 0 1 0
vn 0 1 0
vn 0 1 0
vn 0 1 0
vn 0 1 0
vn 0 1 0
vn 0 1 0
vn 0 1 0
vn 0 1 0
vn 0 1 0
vn 0 1 0
vn 0 1 0
vn 0 1 0
vn 0 1 0
vn 0 1 0
vn 0 1 0
vn 0 1 0
vn 0 1 0
vn 0 1 0
vn 0 1 0
vn 0 1 0
vn 0 1 0
vn 0 1 0
vn 0 1 0
vn 0 1 0
vn 0 1 0
vn 0 1 0
vn 0 1 0
vn 0 1 0
vn 0 1 0
vn 0 1 0
vn 0 1 0
vn 0 1 0
vn 0 1 0
vn 0 1 0
vn 0 1 0
vn 0 1 0
vn 0 1 0
vn 0 1 0
vn 0 1 0
vn 0 1 0
vn 0 1 0
vn 0 1 0
vn 0 1 0
vn 0 1 0
vn 0 1 0
vn 0 1 0
vn 0 1 0
vn 0 1 0
vn 0 1 0
vn 0 1 0
vn 0 1 0
vn 0 1 0
vn 0 1 0
vn 0 1 0
vn 0 1 0
vn 0 1 0
vn 0 1 0
vn 0 1 0
vn 0 1 0
vn 0 1 0
vn 0 1 0
vn 0 1 0
vn 0 1 0
vn 0 1 0
vn 0 1 0
vn 0 1 0
vn 0 1 0
vn 0 1 0
vn 0 1 0
vn 0 1 0
vn 0 1 0
vn 0 1 0
vn 0 1 0
vn 0 1 0
vn 0 1 0
vn 0 1 0
vn 0 1 0
vn 0 1 0
vn 0 1 0
vn 0 1 0
vn 0 1 0
vn 0 1 0
vn 0 1 0
vn 0 1 0
vn 0 1 0
vn 0 1 0
vn 0 1 0
vn 0 1 0
vn 0 1 0
vn 0 1 0
vn 0 1 0
vn 0 1 0
vn 0 1 0
vn 0 1 0
vn 0 1 0
vn 0 1 0
vn 0 1 0
vn 0 1 0
vn 0 1 0
vn 0 1 0
vn 0 1 0
vn 0 1 0
vn 0 1 0
vn 0 1 0
vn 0 1 0
vn 0 1 0
vn 0 1 0
vn 0 1 0
vn 0 1 0
vn 0 1 0
vn 0 1 0
vn 0 1 0
vn 0 1 0
vn 0 1 0
vn 0 1 0
vn 0 1 0
vn 0 1 0
vn 0 1 0
vn 0 1 0
vn 0 1 0
vn 0 1 0
vn 0 1 0
vn 0 1 0
vn 0 1 0
vn 0 1 0
vn 0 1 0
vn 0 1 0
vn 0 1 0
vn 0 1 0
vn 0 1 0
vn 0 1 0
vn 0 1 0
vn 0 1 0
vn 0 1 0
vn 0 1 0
vn 0 1 0
vn 0 1 0
vn 0 1 0
vn 0 1 0
vn 0 1 0
vn 0 1 0
vn 0 1 0
vn 0 1 0
vn 0 1 0
vn 0 1 0
vn 0 1 0
vn 0 1 0
vn 0 1 0
vn 0 1 0
vn 0 1 0
vn 0 1 0
vn 0 1 0
vn 0 1 0
vn 0 1 0
vn 0 1 0
vn 0 1 0
vn 0 1 0
vn 0 1 0
vn 0 1 0
vn 0 1 0
vn 0 1 0
vn 0 1 0
vn 0 1 0
vn 0 1 0
vn 0 1 0
vn 0 1 0
vn 0 1 0
vn 0 1 0
vn 0 1 0
vn 0 1 0
vn 0 1 0
vn 0 1 0
vn 0 1 0
vn 0 1 0
vn 0 1 0
vn 0 1 0
vn 0 1 0
vn 0 1 0
vn 0 1 0
vn 0 1 0
vn 0 1 0
vn 0 1 0
vn 0 1 0
vn 0 1 0
vn 0 1 0
vn 0 1 0
vn 0 1 0
vn 0 1 0
vn 0 1 0
vn 0 1 0
vn 0 1 0
vn 0 1 0
vn 0 1 0
vn 0 1 0
vn 0 1 0
vn 0 1 0
vn 0 1 0
vn 0 1 0
vn 0 1 0
vn 0 1 0
vn 0 1 0
vn 0 1 0
vn 0 1 0
vn 0 1 0
vn 0 1 0
vn 0 1 0
vn 0 1 0
vn 0 1 0
vn 0 1 0
vn 0 1 0
vn 0 1 0
vn 0 1 0
vn 0 1 0
vn 0 1 0
vn 0 1 0
vn 0 1 0
vn 0 1 0
vn 0 1 0
vn 0 1 0
vn 0 1 0
vn 0 1 0
vn 0 1 0
vn 0 1 0
vn 0 1 0
vn 0 1 0
vn 0 1 0
vn 0 1 0
vn 0 1 0
vn 0 1 0
vn 0 1 0
vn 0 1 0
vn 0 1 0
vn 0 1 0
vn 0 1 0
vn 0 1 0
vn 0 1 0
vn 0 1 0
vn 0 1 0
vn 0 1 0
vn 0 1 0
vn 0 1 0
vn 0 1 0
vn 0 1 0
vn 0 1 0
vn 0 1 0
vn 0 1 0
vn 0 1 0
vn 0 1 0
vn 0 1 0
vn 0 1 0
vn 0 1 0
vn 0 1 0
vn 0 1 0
vn 0 1 0
vn 0 1 0
vn 0 1 0
vn 0 1 0
vn 0 1 0
vn 0 1 0
vn 0 1 0
vn 0 1 0
vn 0 1 0
vn 0 1 0
vn 0 1 0
vn 0 1 0
vn 0 1 0
vn 0 1 0
vn 0 1 0
vn 0 1 0
vn 0 1 0
vn 0 1 0
vn 0 1 0
vn 0 1 0
vn 0 1 0
vn 0 1 0
vn 0 1 0
vn 0 1 0
vn 0 1 0
vn 0 1 0
vn 0 1 0
vn 0 1 0
vn 0 1 0
vn 0 1 0
vn 0 1 0
vn 0 1 0
vn 0 1 0
vn 0 1 0
vn 0 1 0
vn 0 1 0
vn 0 1 0
vn 0 1 0
vn 0 1 0
vn 0 1 0
vn 0 1 0
vn 0 1 0
vn 0 1 0
vn 0 1 0
vn 0 1 0
vn 0 1 0
vn 0 1 0
vn 0 1 0
vn 0 1 0
vn 0 1 0
vn 0 1 0
vn 0 1 0
vn 0 1 0
vn 0 1 0
vn 0 1 0
vn 0 1 0
vn 0 1 0
vn 0 1 0
vn 0 1 0
vn 0 1 0
vn 0 1 0
vn 0 1 0
vn 0 1 0
vn 0 1 0
vn 0 1 0
vn 0 1 0
vn 0 1 0
vn 0 1 0
vn 0 1 0
vn 0 1 0
vn 0 1 0
vn 0 1 0
vn 0 1 0
vn 0 1 0
vn 0 1 0
vn 0 1 0
vn 0 1 0
vn 0 1 0
vn 0 1 0
vn 0 1 0
vn 0 1 0
vn 0 1 0
vn 0 1 0
vn 0 1 0
vn 0 1 0
vn 0 1 0
vn 0 1 0
vn 0 1 0
vn 0 1 0
vn 0 1 0
vn 0 1 0
vn 0 1 0
vn 0 1 0
vn 0 1 0
vn 0 1 0
vn 0 1 0
vn 0 1 0
vn 0 1 0
vn 0 1 0
vn 0 1 0
vn 0 1 0
vn 0 1 0
vn 0 1 0
vn 0 1 0
vn 0 1 0
vn 0 1 0
vn 0 1 0
vn 0 1 0
vn 0 1 0
vn 0 1 0
vn 0 1 0
vn 0 1 0
vn 0 1 0
vn 0 1 0
vn 0 1 0
vn 0 1 0
vn 0 1 0
vn 0 1 0
vn 0 1 0
vn 0 1 0
vn 0 1 0
vn 0 1 0
vn 0 1 0
vn 0 1 0
vn 0 1 0
vn 0 1 0
vn 0 1 0
vn 0 1 0
vn 0 1 0
vn 0 1 0
vn 0 1 0
vn 0 1 0
vn 0 1 0
vn 0 1 0
vn 0 1 0
vn 0 1 0
vn 0 1 0
vn 0 1 0
vn 0 1 0
vn 0 1 0
vn 0 1 0
vn 0 1 0
vn 0 1 0
vn 0 1 0
vn 0 1 0
vn 0 1 0
vn 0 1 0
vn 0 1 0
vn 0 1 0
vn 0 1 0
vn 0 1 0
vn 0 1 0
vn 0 1 0
vn 0 1 0
vn 0 1 0
vn 0 1 0
vn 0 1 0
vn 0 1 0
vn 0 1 0
vn 0 1 0
vn 0 1 0
vn 0 1 0
vn 0 1 0
vn 0 1 0
vn 0 1 0
vn 0 1 0
vn 0 1 0
vn 0 1 0
vn 0 1 0
vn 0 1 0
vn 0 1 0
vn 0 1 0
vn 0 1 0
vn 0 1 0
vn 0 1 0
vn 0 1 0
vn 0 1 0
vn 0 1 0
vn 0 1 0
vn 0 1 0
vn 0 1 0
vn 0 1 0
vn 0 1 0
vn 0 1 0
vn 0 1 0
vn 0 1 0
vn 0 1 0
vn 0 1 0
vn 0 1 0
vn 0 1 0
vn 0 1 0
vn 0 1 0
vn 0 1 0
vn 0 1 0
vn 0 1 0
vn 0 1 0
vn 0 1 0
vn 0 1 0
vn 0 1 0
vn 0 1 0
vn 0 1 0
vn 0 1 0
vn 0 1 0
vn 0 1 0
vn 0 1 0
vn 0 1 0
vn 0 1 0
vn 0 1 0
vn 0 1 0
vn 0 1 0
vn 0 1 0
vn 0 1 0
vn 0 1 0
vn 0 1 0
vn 0 1 0
vn 0 1 0
vn 0 1 0
vn 0 1 0
vn 0 1 0
vn 0 1 0
vn 0 1 0
vn 0 1 0
vn 0 1 0
vn 0 1 0
vn 0 1 0
vn 0 1 0
vn 0 1 0
vn 0 1 0
vn 0 1 0
vn 0 1 0
vn 0 1 0
vn 0 1 0
vn 0 1 0
vn 0 1 0
vn 0 1 0
vn 0 1 0
vn 0 1 0
vn 0 1 0
vn 0 1 0
vn 0 1 0
vn 0 1 0
vn 0 1 0
vn 0 1 0
vn 0 1 0
vn 0 1 0
vn 0 1 0
vn 0 1 0
vn 0 1 0
vn 0 1 0
vn 0 1 0
vn 0 1 0
vn 0 1 0
vn 0 1 0
vn 0 1 0
vn 0 1 0
vn 0 1 0
vn 0 1 0
vn 0 1 0
vn 0 1 0
vn 0 1 0
vn 0 1 0
vn 0 1 0
vn 0 1 0
vn 0 1 0
vn 0 1 0
vn 0 1 0
vn 0 1 0
vn 0 1 0
vn 0 1 0
vn 0 1 0
vn 0 1 0
vn 0 1 0
vn 0 1 0
vn 0 1 0
vn 0 1 0
vn 0 1 0
vn 0 1 0
vn 0 1 0
vn 0 1 0
vn 0 1 0
vn 0 1 0
vn 0 1 0
vn 0 1 0
vn 0 1 0
vn 0 1 0
vn 0 1 0
vn 0 1 0
vn 0 1 0
vn 0 1 0
vn 0 1 0
vn 0 1 0
vn 0 1 0
vn 0 1 0
vn 0 1 0
vn 0 1 0
vn 0 1 0
vn 0 1 0
vn 0 1 0
vn 0 1 0
vn 0 1 0
vn 0 1 0
vn 0 1 0
vn 0 1 0
vn 0 1 0
vn 0 1 0
vn 0 1 0
vn 0 1 0
vn 0 1 0
vn 0 1 0
vn 0 1 0
vn 0 1 0
vn 0 1 0
vn 0 1 0
vn 0 1 0
vn 0 1 0
vn 0 1 0
vn 0 1 0
vn 0 1 0
vn 0 1 0
vn 0 1 0
vn 0 1 0
vn 0 1 0
vn 0 1 0
vn 0 1 0
vn 0 1 0
vn 0 1 0
vn 0 1 0
vn 0 1 0
vn 0 1 0
vn 0 1 0
vn 0 1 0
vn 0 1 0
vn 0 1 0
vn 0 1 0
vn 0 1 0
vn 0 1 0
vn 0 1 0
vn 0 1 0
vn 0 1 0
vn 0 1 0
vn 0 1 0
vn 0 1 0
vn 0 1 0
vn 0 1 0
vn 0 1 0
vn 0 1 0
vn 0 1 0
vn 0 1 0
vn 0 1 0
vn 0 1 0
vn 0 1 0
vn 0 1 0
vn 0 1 0
vn 0 1 0
vn 0 1 0
vn 0 1 0
vn 0 1 0
vn 0 1 0
vn 0 1 0
vn 0 1 0
vn 0 1 0
vn 0 1 0
vn 0 1 0
vn 0 1 0
vn 0 1 0
vn 0 1 0
vn 0 1 0
vn 0 1 0
vn 0 1 0
vn 0 1 0
vn 0 1 0
vn 0 1 0
vn 0 1 0
vn 0 1 0
vn 0 1 0
vn 0 1 0
vn 0 1 0
vn 0 1 0
vn 0 1 0
vn 0 1 0
vn 0 1 0
vn 0 1 0
vn 0 1 0
vn 0 1 0
vn 0 1 0
vn 0 1 0
vn 0 1 0
vn 0 1 0
vn 0 1 0
vn 0 1 0
vn 0 1 0
vn 0 1 0
vn 0 1 0
vn 0 1 0
vn 0 1 0
vn 0 1 0
vn 0 1 0
vn 0 1 0
vn 0 1 0
vn 0 1 0
vn 0 1 0
vn 0 1 0
vn 0 1 0
vn 0 1 0
vn 0 1 0
vn 0 1 0
vn 0 1 0
vn 0 1 0
vn 0 1 0
vn 0 1 0
vn 0 1 0
vn 0 1 0
vn 0 1 0
vn 0 1 0
vn 0 1 0
vn 0 1 0
vn 0 1 0
vn 0 1 0
vn 0 1 0
vn 0 1 0
vn 0 1 0
vn 0 1 0
vn 0 1 0
vn 0 1 0
vn 0 1 0
vn 0 1 0
vn 0 1 0
vn 0 1 0
vn 0 1 0
vn 0 1 0
vn 0 1 0
vn 0 1 0
vn 0 1 0
vn 0 1 0
vn 0 1 0
vn 0 1 0
vn 0 1 0
vn 0 1 0
vn 0 1 0
vn 0 1 0
vn 0 1 0
vn 0 1 0
vn 0 1 0
vn 0 1 0
vn 0 1 0
vn 0 1 0
vn 0 1 0
vn 0 1 0
vn 0 1 0
vn 0 1 0
vn 0 1 0
vn 0 1 0
vn 0 1 0
vn 0 1 0
vn 0 1 0
vn 0 1 0
vn 0 1 0
vn 0 1 0
vn 0 1 0
vn 0 1 0
vn 0 1 0
vn 0 1 0
vn 0 1 0
vn 0 1 0
vn 0 1 0
vn 0 1 0
vn 0 1 0
vn 0 1 0
vn 0 1 0
vn 0 1 0
vn 0 1 0
vn 0 1 0
vn 0 1 0
vn 0 1 0
vn 0 1 0
vn 0 1 0
vn 0 1 0
vn 0 1 0
vn 0 1 0
vn 0 1 0
vn 0 1 0
vn 0 1 0
vn 0 1 0
vn 0 1 0
vn 0 1 0
vn 0 1 0
vn 0 1 0
vn 0 1 0
vn 0 1 0
vn 0 1 0
vn 0 1 0
vn 0 1 0
vn 0 1 0
vn 0 1 0
vn 0 1 0
vn 0 1 0
vn 0 1 0
vn 0 1 0
vn 0 1 0
vn 0 1 0
vn 0 1 0
vn 0 1 0
vn 0 1 0
vn 0 1 0
vn 0 1 0
vn 0 1 0
vn 0 1 0
vn 0 1 0
vn 0 1 0
vn 0 1 0
vn 0 1 0
vn 0 1 0
vn 0 1 0
vn 0 1 0
vn 0 1 0
vn 0 1 0
vn 0 1 0
vn 0 1 0
vn 0 1 0
vn 0 1 0
vn 0 1 0
vn 0 1 0
vn 0 1 0
vn 0 1 0
vn 0 1 0
vn 0 1 0
vn 0 1 0
vn 0 1 0
vn 0 1 0
vn 0 1 0
vn 0 1 0
vn 0 1 0
vn 0 1 0
vn 0 1 0
vn 0 1 0
vn 0 1 0
vn 0 1 0
vn 0 1 0
vn 0 1 0
vn 0 1 0
vn 0 1 0
vn 0 1 0
vn 0 1 0
vn 0 1 0
vn 0 1 0
vn 0 1 0
vn 0 1 0
vn 0 1 0
vn 0 1 0
vn 0 1 0
vn 0 1 0
vn 0 1 0
vn 0 1 0
vn 0 1 0
vn 0 1 0
vn 0 1 0
vn 0 1 0
vn 0 1 0
vn 0 1 0
vn 0 1 0
vn 0 1 0
vn 0 1 0
vn 0 1 0
vn 0 1 0
vn 0 1 0
vn 0 1 0
vn 0 1 0
vn 0 1 0
vn 0 1 0
vn 0 1 0
vn 0 1 0
vn 0 1 0
vn 0 1 0
vn 0 1 0
vn 0 1 0
vn 0 1 0
vn 0 1 0
vn 0 1 0
vn 0 1 0
vn 0 1 0
vn 0 1 0
vn 0 1 0
vn 0 1 0
vn 0 1 0
vn 0 1 0
vn 0 1 0
vn 0 1 0
vn 0 1 0
vn 0 1 0
vn 0 1 0
vn 0 1 0
vn 0 1 0
vn 0 1 0
vn 0 1 0
vn 0 1 0
vn 0 1 0
vn 0 1 0
vn 0 1 0
vn 0 1 0
vn 0 1 0
vn 0 1 0
vn 0 1 0
vn 0 1 0
vn 0 1 0
vn 0 1 0
vn 0 1 0
vn 0 1 0
vn 0 1 0
vn 0 1 0
vn 0 1 0
vn 0 1 0
vn 0 1 0
vn 0 1 0
vn 0 1 0
vn 0 1 0
vn 0 1 0
vn 0 1 0
vn 0 1 0
vn 0 1 0
vn 0 1 0
vn 0 1 0
vn 0 1 0
vn 0 1 0
vn 0 1 0
vn 0 1 0
vn 0 1 0
vn 0 1 0
vn 0 1 0
vn 0 1 0
vn 0 1 0
vn 0 1 0
vn 0 1 0
vn 0 1 0
vn 0 1 0
vn 0 1 0
vn 0 1 0
vn 0 1 0
vn 0 1 0
vn 0 1 0
vn 0 1 0
vn 0 1 0
vn 0 1 0
vn 0 1 0
vn 0 1 0
vn 0 1 0
vn 0 1 0
vn 0 1 0
vn 0 1 0
vn 0 1 0
vn 0 1 0
vn 0 1 0
vn 0 1 0
vn 0 1 0
vn 0 1 0
vn 0 1 0
vn 0 1 0
vn 0 1 0
vn 0 1 0
vn 0 1 0
vn 0 1 0
vn 0 1 0
vn 0 1 0
vn 0 1 0
vn 0 1 0
vn 0 1 0
vn 0 1 0
vn 0 1 0
vn 0 1 0
vn 0 1 0
vn 0 1 0
vn 0 1 0
vn 0 1 0
vn 0 1 0
vn 0 1 0
vn 0 1 0
vn 0 1 0
vn 0 1 0
vn 0 1 0
vn 0 1 0
vn 0 1 0
vn 0 1 0
vn 0 1 0
vn 0 1 0
vn 0 1 0
vn 0 1 0
vn 0 1 0
vn 0 1 0
vn 0 1 0
vn 0 1 0
vn 0 1 0
vn 0 1 0
vn 0 1 0
vn 0 1 0
vn 0 1 0
vn 0 1 0
vn 0 1 0
vn 0 1 0
vn 0 1 0
vn 0 1 0
vn 0 1 0
vn 0 1 0
vn 0 1 0
vn 0 1 0
vn 0 1 0
vn 0 1 0
vn 0 1 0
vn 0 1 0
vn 0 1 0
vn 0 1 0
vn 0 1 0
vn 0 1 0
vn 0 1 0
vn 0 1 0
vn 0 1 0
vn 0 1 0
vn 0 1 0
vn 0 1 0
vn 0 1 0
vn 0 1 0
vn 0 1 0
vn 0 1 0
vn 0 1 0
vn 0 1 0
vn 0 1 0
vn 0 1 0
vn 0 1 0
vn 0 1 0
vn 0 1 0
vn 0 1 0
vn 0 1 0
vn 0 1 0
vn 0 1 0
vn 0 1 0
vn 0 1 0
vn 0 1 0
vn 0 1 0
vn 0 1 0
vn 0 1 0
vn 0 1 0
vn 0 1 0
vn 0 1 0
vn 0 1 0
vn 0 1 0
vn 0 1 0
vn 0 1 0
vn 0 1 0
vn 0 1 0
vn 0 1 0
vn 0 1 0
vn 0 1 0
vn 0 1 0
vn 0 1 0
vn 0 1 0
vn 0 1 0
vn 0 1 0
vn 0 1 0
vn 0 1 0
vn 0 1 0
vn 0 1 0
vn 0 1 0
vn 0 1 0
vn 0 1 0
vn 0 1 0
vn 0 1 0
vn 0 1 0
vn 0 1 0
vn 0 1 0
vn 0 1 0
vn 0 1 0
vn 0 1 0
vn 0 1 0
vn 0 1 0
vn 0 1 0
vn 0 1 0
vn 0 1 0
vn 0 1 0
vn 0 1 0
vn 0 1 0
vn 0 1 0
vn 0 1 0
vn 0 1 0
vn 0 1 0
vn 0 1 0
vn 0 1 0
vn 0 1 0
vn 0 1 0
vn 0 1 0
vn 0 1 0
vn 0 1 0
vn 0 1 0
vn 0 1 0
vn 0 1 0
vn 0 1 0
vn 0 1 0
vn 0 1 0
vn 0 1 0
vn 0 1 0
vn 0 1 0
vn 0 1 0
vn 0 1 0
vn 0 1 0
vn 0 1 0
vn 0 1 0
vn 0 1 0
vn 0 1 0
vn 0 1 0
vn 0 1 0
vn 0 1 0
vn 0 1 0
vn 0 1 0
vn 0 1 0
vn 0 1 0
vn 0 1 0
vn 0 1 0
vn 0 1 0
vn 0 1 0
vn 0 1 0
vn 0 1 0
vn 0 1 0
vn 0 1 0
vn 0 1 0
vn 0 1 0
vn 0 1 0
vn 0 1 0
vn 0 1 0
vn 0 1 0
vn 0 1 0
vn 0 1 0
vn 0 1 0
vn 0 1 0
vn 0 1 0
vn 0 1 0
vn 0 1 0
vn 0 1 0
vn 0 1 0
vn 0 1 0
vn 0 1 0
vn 0 1 0
vn 0 1 0
vn 0 1 0
vn 0 1 0
vn 0 1 0
vn 0 1 0
vn 0 1 0
vn 0 1 0
vn 0 1 0
vn 0 1 0
vn 0 1 0
vn 0 1 0
vn 0 1 0
vn 0 1 0
vn 0 1 0
vn 0 1 0
vn 0 1 0
vn 0 1 0
vn 0 1 0
vn 0 1 0
vn 0 1 0
vn 0 1 0
vn 0 1 0
vn 0 1 0
vn 0 1 0
vn 0 1 0
vn 0 1 0
vn 0 1 0
vn 0 1 0
vn 0 1 0
vn 0 1 0
vn 0 1 0
vn 0 1 0
vn 0 1 0
vn 0 1 0
vn 0 1 0
vn 0 1 0
vn 0 1 0
vn 0 1 0
vn 0 1 0
vn 0 1 0
vn 0 1 0
vn 0 1 0
vn 0 1 0
vn 0 1 0
vn 0 1 0
vn 0 1 0
vn 0 1 0
vn 0 1 0
vn 0 1 0
vn 0 1 0
vn 0 1 0
vn 0 1 0
vn 0 1 0
vn 0 1 0
vn 0 1 0
vn 0 1 0
vn 0 1 0
vn 0 1 0
vn 0 1 0
vn 0 1 0
vn 0 1 0
vn 0 1 0
vn 0 1 0
vn 0 1 0
vn 0 1 0
vn 0 1 0
vn 0 1 0
vn 0 1 0
vn 0 1 0
vn 0 1 0
vn 0 1 0
vn 0 1 0
vn 0 1 0
vn 0 1 0
vn 0 1 0
vn 0 1 0
vn 0 1 0
vn 0 1 0
vn 0 1 0
vn 0 1 0
vn 0 1 0
vn 0 1 0
vn 0 1 0
vn 0 1 0
vn 0 1 0
vn 0 1 0
vn 0 1 0
vn 0 1 0
vn 0 1 0
vn 0 1 0
vn 0 1 0
vn 0 1 0
vn 0 1 0
vn 0 1 0
vn 0 1 0
vn 0 1 0
vn 0 1 0
vn 0 1 0
vn 0 1 0
vn 0 1 0
vn 0 1 0
vn 0 1 0
vn 0 1 0
vn 0 1 0
vn 0 1 0
vn 0 1 0
vn 0 1 0
vn 0 1 0
vn 0 1 0
vn 0 1 0
vn 0 1 0
vn 0 1 0
vn 0 1 0
vn 0 1 0
vn 0 1 0
vn 0 1 0
vn 0 1 0
vn 0 1 0
vn 0 1 0
vn 0 1 0
vn 0 1 0
vn 0 1 0
vn 0 1 0
vn 0 1 0
vn 0 1 0
vn 0 1 0
vn 0 1 0
vn 0 1 0
vn 0 1 0
vn 0 1 0
vn 0 1 0
vn 0 1 0
vn 0 1 0
vn 0 1 0
vn 0 1 0
vn 0 1 0
vn 0 1 0
vn 0 1 0
vn 0 1 0
vn 0 1 0
vn 0 1 0
vn 0 1 0
vn 0 1 0
vn 0 1 0
vn 0 1 0
vn 0 1 0
vn 0 1 0
vn 0 1 0
vn 0 1 0
vn 0 1 0
vn 0 1 0
vn 0 1 0
vn 0 1 0
vn 0 1 0
vn 0 1 0
vn 0 1 0
vn 0 1 0
vn 0 1 0
vn 0 1 0
vn 0 1 0
vn 0 1 0
vn 0 1 0
vn 0 1 0
vn 0 1 0
vn 0 1 0
vn 0 1 0
vn 0 1 0
vn 0 1 0
vn 0 1 0
vn 0 1 0
vn 0 1 0
vn 0 1 0
vn 0 1 0
vn 0 1 0
vn 0 1 0
vn 0 1 0
vn 0 1 0
vn 0 1 0
vn 0 1 0
vn 0 1 0
vn 0 1 0
vn 0 1 0
vn 0 1 0
vn 0 1 0
vn 0 1 0
vn 0 1 0
vn 0 1 0
vn 0 1 0
vn 0 1 0
vn 0 1 0
vn 0 1 0
vn 0 1 0
vn 0 1 0
vn 0 1 0
vn 0 1 0
vn 0 1 0
vn 0 1 0
vn 0 1 0
vn 0 1 0
vn 0 1 0
vn 0 1 0
vn 0 1 0
vn 0 1 0
vn 0 1 0
vn 0 1 0
vn 0 1 0
vn 0 1 0
vn 0 1 0
vn 0 1 0
vn 0 1 0
vn 0 1 0
vn 0 1 0
vn 0 1 0
vn 0 1 0
vn 0 1 0
vn 0 1 0
vn 0 1 0
vn 0 1 0
vn 0 1 0
vn 0 1 0
vn 0 1 0
vn 0 1 0
vn 0 1 0
vn 0 1 0
vn 0 1 0
vn 0 1 0
vn 0 1 0
vn 0 1 0
vn 0 1 0
vn 0 1 0
vn 0 1 0
vn 0 1 0
vn 0 1 0
vn 0 1 0
vn 0 1 0
vn 0 1 0
vn 0 1 0
vn 0 1 0
vn 0 1 0
vn 0 1 0
vn 0 1 0
vn 0 1 0
vn 0 1 0
vn 0 1 0
vn 0 1 0
vn 0 1 0
vn 0 1 0
vn 0 1 0
vn 0 1 0
vn 0 1 0
vn 0 1 0
vn 0 1 0
vn 0 1 0
vn 0 1 0
vn 0 1 0
vn 0 1 0
vn 0 1 0
vn 0 1 0
vn 0 1 0
vn 0 1 0
vn 0 1 0
vn 0 1 0
vn 0 1 0
vn 0 1 0
vn 0 1 0
vn 0 1 0
vn 0 1 0
vn 0 1 0
vn 0 1 0
vn 0 1 0
vn 0 1 0
vn 0 1 0
vn 0 1 0
vn 0 1 0
vn 0 1 0
vn 0 1 0
vn 0 1 0
vn 0 1 0
vn 0 1 0
vn 0 1 0
vn 0 1 0
vn 0 1 0
vn 0 1 0
vn 0 1 0
vn 0 1 0
vn 0 1 0
vn 0 1 0
vn 0 1 0
vn 0 1 0
vn 0 1 0
vn 0 1 0
vn 0 1 0
vn 0 1 0
vn 0 1 0
vn 0 1 0
vn 0 1 0
vn 0 1 0
vn 0 1 0
vn 0 1 0
vn 0 1 0
vn 0 1 0
vn 0 1 0
vn 0 1 0
vn 0 1 0
vn 0 1 0
vn 0 1 0
vn 0 1 0
vn 0 1 0
vn 0 1 0
vn 0 1 0
vn 0 1 0
vn 0 1 0
vn 0 1 0
vn 0 1 0
vn 0 1 0
vn 0 1 0
vn 0 1 0
vn 0 1 0
vn 0 1 0
vn 0 1 0
vn 0 1 0
vn 0 1 0
vn 0 1 0
vn 0 1 0
vn 0 1 0
vn 0 1 0
vn 0 1 0
vn 0 1 0
vn 0 1 0
vn 0 1 0
vn 0 1 0
vn 0 1 0
vn 0 1 0
vn 0 1 0
vn 0 1 0
vn 0 1 0
vn 0 1 0
vn 0 1 0
vn 0 1 0
vn 0 1 0
vn 0 1 0
vn 0 1 0
vn 0 1 0
vn 0 1 0
vn 0 1 0
vn 0 1 0
vn 0 1 0
vn 0 1 0
vn 0 1 0
vn 0 1 0
vn 0 1 0
vn 0 1 0
vn 0 1 0
vn 0 1 0
vn 0 1 0
vn 0 1 0
vn 0 1 0
vn 0 1 0
vn 0 1 0
vn 0 1 0
vn 0 1 0
vn 0 1 0
vn 0 1 0
vn 0 1 0
vn 0 1 0
vn 0 1 0
vn 0 1 0
vn 0 1 0
vn 0 1 0
vn 0 1 0
vn 0 1 0
vn 0 1 0
vn 0 1 0
vn 0 1 0
vn 0 1 0
vn 0 1 0
vn 0 1 0
vn 0 1 0
vn 0 1 0
vn 0 1 0
vn 0 1 0
vn 0 1 0
vn 0 1 0
vn 0 1 0
vn 0 1 0
vn 0 1 0
vn 0 1 0
vn 0 1 0
vn 0 1 0
vn 0 1 0
vn 0 1 0
vn 0 1 0
vn 0 1 0
vn 0 1 0
vn 0 1 0
vn 0 1 0
vn 0 1 0
vn 0 1 0
vn 0 1 0
vn 0 1 0
vn 0 1 0
vn 0 1 0
vn 0 1 0
vn 0 1 0
vn 0 1 0
vn 0 1 0
vn 0 1 0
vn 0 1 0
vn 0 1 0
vn 0 1 0
vn 0 1 0
vn 0 1 0
vn 0 1 0
vn 0 1 0
vn 0 1 0
vn 0 1 0
vn 0 1 0
vn 0 1 0
vn 0 1 0
vn 0 1 0
vn 0 1 0
vn 0 1 0
vn 0 1 0
vn 0 1 0
vn 0 1 0
vn 0 1 0
vn 0 1 0
vn 0 1 0
vn 0 1 0
vn 0 1 0
vn 0 1 0
vn 0 1 0
vn 0 1 0
vn 0 1 0
vn 0 1 0
vn 0 1 0
vn 0 1 0
vn 0 1 0
vn 0 1 0
vn 0 1 0
vn 0 1 0
vn 0 1 0
vn 0 1 0
vn 0 1 0
vn 0 1 0
vn 0 1 0
vn 0 1 0
vn 0 1 0
vn 0 1 0
vn 0 1 0
vn 0 1 0
vn 0 1 0
vn 0 1 0
vn 0 1 0
vn 0 1 0
vn 0 1 0
vn 0 1 0
vn 0 1 0
vn 0 1 0
vn 0 1 0
vn 0 1 0
vn 0 1 0
vn 0 1 0
vn 0 1 0
vn 0 1 0
vn 0 1 0
vn 0 1 0
vn 0 1 0
vn 0 1 0
vn 0 1 0
vn 0 1 0
vn 0 1 0
vn 0 1 0
vn 0 1 0
vn 0 1 0
vn 0 1 0
vn 0 1 0
vn 0 1 0
vn 0 1 0
vn 0 1 0
vn 0 1 0
vn 0 1 0
vn 0 1 0
vn 0 1 0
vn 0 1 0
vn 0 1 0
vn 0 1 0
vn 0 1 0
vn 0 1 0
vn 0 1 0
vn 0 1 0
vn 0 1 0
vn 0 1 0
vn 0 1 0
vn 0 1 0
vn 0 1 0
vn 0 1 0
vn 0 1 0
vn 0 1 0
vn 0 1 0
vn 0 1 0
vn 0 1 0
vn 0 1 0
vn 0 1 0
vn 0 1 0
vn 0 1 0
vn 0 1 0
vn 0 1 0
vn 0 1 0
vn 0 1 0
vn 0 1 0
vn 0 1 0
vn 0 1 0
vn 0 1 0
vn 0 1 0
vn 0 1 0
vn 0 1 0
vn 0 1 0
vn 0 1 0
vn 0 1 0
vn 0 1 0
vn 0 1 0
vn 0 1 0
vn 0 1 0
vn 0 1 0
vn 0 1 0
vn 0 1 0
vn 0 1 0
vn 0 1 0
vn 0 1 0
vn 0 1 0
vn 0 1 0
vn 0 1 0
vn 0 1 0
vn 0 1 0
vn 0 1 0
vn 0 1 0
vn 0 1 0
vn 0 1 0
vn 0 1 0
vn 0 1 0
vn 0 1 0
vn 0 1 0
vn 0 1 0
vn 0 1 0
vn 0 1 0
vn 0 1 0
vn 0 1 0
vn 0 1 0
vn 0 1 0
vn 0 1 0
vn 0 1 0
vn 0 1 0
vn 0 1 0
vn 0 1 0
vn 0 1 0
vn 0 1 0
vn 0 1 0
vn 0 1 0
vn 0 1 0
vn 0 1 0
vn 0 1 0
vn 0 1 0
vn 0 1 0
vn 0 1 0
vn 0 1 0
vn 0 1 0
vn 0 1 0
vn 0 1 0
vn 0 1 0
vn 0 1 0
vn 0 1 0
vn 0 1 0
vn 0 1 0
vn 0 1 0
vn 0 1 0
vn 0 1 0
vn 0 1 0
vn 0 1 0
vn 0 1 0
vn 0 1 0
vn 0 1 0
vn 0 1 0
vn 0 1 0
vn 0 1 0
vn 0 1 0
vn 0 1 0
vn 0 1 0
vn 0 1 0
vn 0 1 0
vn 0 1 0
vn 0 1 0
vn 0 1 0
vn 0 1 0
vn 0 1 0
vn 0 1 0
vn 0 1 0
vn 0 1 0
vn 0 1 0
vn 0 1 0
vn 0 1 0
vn 0 1 0
vn 0 1 0
vn 0 1 0
vn 0 1 0
vn 0 1 0
vn 0 1 0
vn 0 1 0
vn 0 1 0
vn 0 1 0
vn 0 1 0
vn 0 1 0
vn 0 1 0
vn 0 1 0
vn 0 1 0
vn 0 1 0
vn 0 1 0
vn 0 1 0
vn 0 1 0
vn 0 1 0
vn 0 1 0
vn 0 1 0
vn 0 1 0
vn 0 1 0
vn 0 1 0
vn 0 1 0
vn 0 1 0
vn 0 1 0
vn 0 1 0
vn 0 1 0
vn 0 1 0
vn 0 1 0
vn 0 1 0
vn 0 1 0
vn 0 1 0
vn 0 1 0
vn 0 1 0
vn 0 1 0
vn 0 1 0
vn 0 1 0
vn 0 1 0
vn 0 1 0
vn 0 1 0
vn 0 1 0
vn 0 1 0
vn 0 1 0
vn 0 1 0
vn 0 1 0
vn 0 1 0
vn 0 1 0
vn 0 1 0
vn 0 1 0
vn 0 1 0
vn 0 1 0
vn 0 1 0
vn 0 1 0
vn 0 1 0
vn 0 1 0
vn 0 1 0
vn 0 1 0
vn 0 1 0
vn 0 1 0
vn 0 1 0
vn 0 1 0
vn 0 1 0
vn 0 1 0
vn 0 1 0
vn 0 1 0
vn 0 1 0
vn 0 1 0
vn 0 1 0
vn 0 1 0
vn 0 1 0
vn 0 1 0
vn 0 1 0
vn 0 1 0
vn 0 1 0
vn 0 1 0
vn 0 1 0
vn 0 1 0
vn 0 1 0
vn 0 1 0
vn 0 1 0
vn 0 1 0
vn 0 1 0
vn 0 1 0
vn 0 1 0
vn 0 1 0
vn 0 1 0
vn 0 1 0
vn 0 1 0
vn 0 1 0
vn 0 1 0
vn 0 1 0
vn 0 1 0
vn 0 1 0
vn 0 1 0
vn 0 1 0
vn 0 1 0
vn 0 1 0
vn 0 1 0
vn 0 1 0
vn 0 1 0
vn 0 1 0
vn 0 1 0
vn 0 1 0
vn 0 1 0
vn 0 1 0
vn 0 1 0
vn 0 1 0
vn 0 1 0
vn 0 1 0
vn 0 1 0
vn 0 1 0
vn 0 1 0
vn 0 1 0
vn 0 1 0
vn 0 1 0
vn 0 1 0
vn 0 1 0
vn 0 1 0
vn 0 1 0
vn 0 1 0
vn 0 1 0
vn 0 1 0
vn 0 1 0
vn 0 1 0
vn 0 1 0
vn 0 1 0
vn 0 1 0
vn 0 1 0
vn 0 1 0
vn 0 1 0
vn 0 1 0
vn 0 1 0
vn 0 1 0
vn 0 1 0
vn 0 1 0
vn 0 1 0
vn 0 1 0
vn 0 1 0
vn 0 1 0
vn 0 1 0
vn 0 1 0
vn 0 1 0
vn 0 1 0
vn 0 1 0
vn 0 1 0
vn 0 1 0
vn 0 1 0
vn 0 1 0
vn 0 1 0
vn 0 1 0
vn 0 1 0
vn 0 1 0
vn 0 1 0
vn 0 1 0
vn 0 1 0
vn 0 1 0
vn 0 1 0
vn 0 1 0
vn 0 1 0
vn 0 1 0
vn 0 1 0
vn 0 1 0
vn 0 1 0
vn 0 1 0
vn 0 1 0
vn 0 1 0
vn 0 1 0
vn 0 1 0
vn 0 1 0
vn 0 1 0
vn 0 1 0
vn 0 1 0
vn 0 1 0
vn 0 1 0
vn 0 1 0
vn 0 1 0
vn 0 1 0
vn 0 1 0
vn 0 1 0
vn 0 1 0
vn 0 1 0
vn 0 1 0
vn 0 1 0
vn 0 1 0
vn 0 1 0
vn 0 1 0
vn 0 1 0
vn 0 1 0
vn 0 1 0
vn 0 1 0
vn 0 1 0
vn 0 1 0
vn 0 1 0
vn 0 1 0
vn 0 1 0
vn 0 1 0
vn 0 1 0
vn 0 1 0
vn 0 1 0
vn 0 1 0
vn 0 1 0
vn 0 1 0
vn 0 1 0
vn 0 1 0
vn 0 1 0
vn 0 1 0
vn 0 1 0
vn 0 1 0
vn 0 1 0
vn 0 1 0
vn 0 1 0
vn 0 1 0
vn 0 1 0
vn 0 1 0
vn 0 1 0
vn 0 1 0
vn 0 1 0
vn 0 1 0
vn 0 1 0
vn 0 1 0
vn 0 1 0
vn 0 1 0
vn 0 1 0
vn 0 1 0
vn 0 1 0
vn 0 1 0
vn 0 1 0
vn 0 1 0
vn 0 1 0
vn 0 1 0
vn 0 1 0
vn 0 1 0
vn 0 1 0
vn 0 1 0
vn 0 1 0
vn 0 1 0
vn 0 1 0
vn 0 1 0
vn 0 1 0
vn 0 1 0
vn 0 1 0
vn 0 1 0
vn 0 1 0
vn 0 1 0
vn 0 1 0
vn 0 1 0
vn 0 1 0
vn 0 1 0
vn 0 1 0
vn 0 1 0
vn 0 1 0
vn 0 1 0
vn 0 1 0
vn 0 1 0
vn 0 1 0
vn 0 1 0
vn 0 1 0
vn 0 1 0
vn 0 1 0
vn 0 1 0
vn 0 1 0
vn 0 1 0
vn 0 1 0
vn 0 1 0
vn 0 1 0
vn 0 1 0
vn 0 1 0
vn 0 1 0
vn 0 1 0
vn 0 1 0
vn 0 1 0
vn 0 1 0
vn 0 1 0
vn 0 1 0
vn 0 1 0
vn 0 1 0
vn 0 1 0
vn 0 1 0
vn 0 1 0
vn 0 1 0
vn 0 1 0
vn 0 1 0
vn 0 1 0
vn 0 1 0
vn 0 1 0
vn 0 1 0
vn 0 1 0
vn 0 1 0
vn 0 1 0
vn 0 1 0
vn 0 1 0
vn 0 1 0
vn 0 1 0
vn 0 1 0
vn 0 1 0
vn 0 1 0
vn 0 1 0
vn 0 1 0
vn 0 1 0
vn 0 1 0
vn 0 1 0
vn 0 1 0
vn 0 1 0
vn 0 1 0
vn 0 1 0
vn 0 1 0
vn 0 1 0
vn 0 1 0
vn 0 1 0
vn 0 1 0
vn 0 1 0
vn 0 1 0
vn 0 1 0
vn 0 1 0
vn 0 1 0
vn 0 1 0
vn 0 1 0
vn 0 1 0
vn 0 1 0
vn 0 1 0
vn 0 1 0
vn 0 1 0
vn 0 1 0
vn 0 1 0
vn 0 1 0
vn 0 1 0
vn 0 1 0
vn 0 1 0
vn 0 1 0
vn 0 1 0
vn 0 1 0
vn 0 1 0
vn 0 1 0
vn 0 1 0
vn 0 1 0
vn 0 1 0
vn 0 1 0
vn 0 1 0
vn 0 1 0
vn 0 1 0
vn 0 1 0
vn 0 1 0
vn 0 1 0
vn 0 1 0
vn 0 1 0
vn 0 1 0
vn 0 1 0
vn 0 1 0
vn 0 1 0
vn 0 1 0
vn 0 1 0
vn 0 1 0
vn 0 1 0
vn 0 1 0
vn 0 1 0
vn 0 1 0
vn 0 1 0
vn 0 1 0
vn 0 1 0
vn 0 1 0
vn 0 1 0
vn 0 1 0
vn 0 1 0
vn 0 1 0
vn 0 1 0
vn 0 1 0
vn 0 1 0
vn 0 1 0
vn 0 1 0
vn 0 1 0
vn 0 1 0
vn 0 1 0
vn 0 1 0
vn 0 1 0
vn 0 1 0
vn 0 1 0
vn 0 1 0
vn 0 1 0
vn 0 1 0
vn 0 1 0
vn 0 1 0
vn 0 1 0
vn 0 1 0
vn 0 1 0
vn 0 1 0
vn 0 1 0
vn 0 1 0
vn 0 1 0
vn 0 1 0
vn 0 1 0
vn 0 1 0
vn 0 1 0
vn 0 1 0
vn 0 1 0
vn 0 1 0
vn 0 1 0
vn 0 1 0
vn 0 1 0
vn 0 1 0
vn 0 1 0
vn 0 1 0
vn 0 1 0
vn 0 1 0
vn 0 1 0
vn 0 1 0
vn 0 1 0
vn 0 1 0
vn 0 1 0
vn 0 1 0
vn 0 1 0
vn 0 1 0
vn 0 1 0
vn 0 1 0
vn 0 1 0
vn 0 1 0
vn 0 1 0
vn 0 1 0
vn 0 1 0
vn 0 1 0
vn 0 1 0
vn 0 1 0
vn 0 1 0
vn 0 1 0
vn 0 1 0
vn 0 1 0
vn 0 1 0
vn 0 1 0
vn 0 1 0
vn 0 1 0
vn 0 1 0
vn 0 1 0
vn 0 1 0
vn 0 1 0
vn 0 1 0
vn 0 1 0
vn 0 1 0
vn 0 1 0
vn 0 1 0
vn 0 1 0
vn 0 1 0
vn 0 1 0
vn 0 1 0
vn 0 1 0
vn 0 1 0
vn 0 1 0
vn 0 1 0
vn 0 1 0
vn 0 1 0
vn 0 1 0
vn 0 1 0
vn 0 1 0
vn 0 1 0
vn 0 1 0
vn 0 1 0
vn 0 1 0
vn 0 1 0
vn 0 1 0
vn 0 1 0
vn 0 1 0
vn 0 1 0
vn 0 1 0
vn 0 1 0
vn 0 1 0
vn 0 1 0
vn 0 1 0
vn 0 1 0
vn 0 1 0
vn 0 1 0
vn 0 1 0
vn 0 1 0
vn 0 1 0
vn 0 1 0
vn 0 1 0
vn 0 1 0
vn 0 1 0
vn 0 1 0
vn 0 1 0
vn 0 1 0
vn 0 1 0
vn 0 1 0
vn 0 1 0
vn 0 1 0
vn 0 1 0
vn 0 1 0
vn 0 1 0
vn 0 1 0
vn 0 1 0
vn 0 1 0
vn 0 1 0
vn 0 1 0
vn 0 1 0
vn 0 1 0
vn 0 1 0
vn 0 1 0
vn 0 1 0
vn 0 1 0
vn 0 1 0
vn 0 1 0
vn 0 1 0
vn 0 1 0
vn 0 1 0
vn 0 1 0
vn 0 1 0
vn 0 1 0
vn 0 1 0
vn 0 1 0
vn 0 1 0
vn 0 1 0
vn 0 1 0
vn 0 1 0
vn 0 1 0
vn 0 1 0
vn 0 1 0
vn 0 1 0
vn 0 1 0
vn 0 1 0
vn 0 1 0
vn 0 1 0
vn 0 1 0
vn 0 1 0
vn 0 1 0
vn 0 1 0
vn 0 1 0
vn 0 1 0
vn 0 1 0
vn 0 1 0
vn 0 1 0
vn 0 1 0
vn 0 1 0
vn 0 1 0
vn 0 1 0
vn 0 1 0
vn 0 1 0
vn 0 1 0
vn 0 1 0
vn 0 1 0
vn 0 1 0
vn 0 1 0
vn 0 1 0
vn 0 1 0
vn 0 1 0
vn 0 1 0
vn 0 1 0
vn 0 1 0
vn 0 1 0
vn 0 1 0
vn 0 1 0
vn 0 1 0
vn 0 1 0
vn 0 1 0
vn 0 1 0
vn 0 1 0
vn 0 1 0
vn 0 1 0
vn 0 1 0
vn 0 1 0
vn 0 1 0
vn 0 1 0
vn 0 1 0
vn 0 1 0
vn 0 1 0
vn 0 1 0
vn 0 1 0
vn 0 1 0
vn 0 1 0
vn 0 1 0
vn 0 1 0
vn 0 1 0
vn 0 1 0
vn 0 1 0
vn 0 1 0
vn 0 1 0
vn 0 1 0
vn 0 1 0
vn 0 1 0
vn 0 1 0
vn 0 1 0
vn 0 1 0
vn 0 1 0
vn 0 1 0
vn 0 1 0
vn 0 1 0
vn 0 1 0
vn 0 1 0
vn 0 1 0
vn 0 1 0
vn 0 1 0
vn 0 1 0
vn 0 1 0
vn 0 1 0
vn 0 1 0
vn 0 1 0
vn 0 1 0
vn 0 1 0
vn 0 1 0
vn 0 1 0
vn 0 1 0
vn 0 1 0
vn 0 1 0
vn 0 1 0
vn 0 1 0
vn 0 1 0
vn 0 1 0
vn 0 1 0
vn 0 1 0
vn 0 1 0
vn 0 1 0
vn 0 1 0
vn 0 1 0
vn 0 1 0
vn 0 1 0
vn 0 1 0
vn 0 1 0
vn 0 1 0
vn 0 1 0
vn 0 1 0
vn 0 1 0
vn 0 1 0
vn 0 1 0
vn 0 1 0
vn 0 1 0
vn 0 1 0
vn 0 1 0
vn 0 1 0
vn 0 1 0
vn 0 1 0
vn 0 1 0
vn 0 1 0
vn 0 1 0
vn 0 1 0
vn 0 1 0
vn 0 1 0
vn 0 1 0
vn 0 1 0
vn 0 1 0
vn 0 1 0
vn 0 1 0
vn 0 1 0
vn 0 1 0
vn 0 1 0
vn 0 1 0
vn 0 1 0
vn 0 1 0
vn 0 1 0
vn 0 1 0
vn 0 1 0
vn 0 1 0
vn 0 1 0
vn 0 1 0
vn 0 1 0
vn 0 1 0
vn 0 1 0
vn 0 1 0
vn 0 1 0
vn 0 1 0
vn 0 1 0
vn 0 1 0
vn 0 1 0
vn 0 1 0
vn 0 1 0
vn 0 1 0
vn 0 1 0
vn 0 1 0
vn 0 1 0
vn 0 1 0
vn 0 1 0
vn 0 1 0
vn 0 1 0
vn 0 1 0
vn 0 1 0
vn 0 1 0
vn 0 1 0
vn 0 1 0
vn 0 1 0
vn 0 1 0
vn 0 1 0
vn 0 1 0
vn 0 1 0
vn 0 1 0
vn 0 1 0
vn 0 1 0
vn 0 1 0
vn 0 1 0
vn 0 1 0
vn 0 1 0
vn 0 1 0
vn 0 1 0
vn 0 1 0
vn 0 1 0
vn 0 1 0
vn 0 1 0
vn 0 1 0
vn 0 1 0
vn 0 1 0
vn 0 1 0
vn 0 1 0
vn 0 1 0
vn 0 1 0
vn 0 1 0
vn 0 1 0
vn 0 1 0
vn 0 1 0
vn 0 1 0
vn 0 1 0
vn 0 1 0
vn 0 1 0
vn 0 1 0
vn 0 1 0
vn 0 1 0
vn 0 1 0
vn 0 1 0
vn 0 1 0
vn 0 1 0
vn 0 1 0
vn 0 1 0
vn 0 1 0
vn 0 1 0
vn 0 1 0
vn 0 1 0
vn 0 1 0
vn 0 1 0
vn 0 1 0
vn 0 1 0
vn 0 1 0
vn 0 1 0
vn 0 1 0
vn 0 1 0
vn 0 1 0
vn 0 1 0
vn 0 1 0
vn 0 1 0
vn 0 1 0
vn 0 1 0
vn 0 1 0
vn 0 1 0
vn 0 1 0
vn 0 1 0
vn 0 1 0
vn 0 1 0
vn 0 1 0
vn 0 1 0
vn 0 1 0
vn 0 1 0
vn 0 1 0
vn 0 1 0
vn 0 1 0
vn 0 1 0
vn 0 1 0
vn 0 1 0
vn 0 1 0
vn 0 1 0
vn 0 1 0
vn 0 1 0
vn 0 1 0
vn 0 1 0
vn 0 1 0
vn 0 1 0
vn 0 1 0
vn 0 1 0
vn 0 1 0
vn 0 1 0
vn 0 1 0
vn 0 1 0
vn 0 1 0
vn 0 1 0
vn 0 1 0
vn 0 1 0
vn 0 1 0
vn 0 1 0
vn 0 1 0
vn 0 1 0
vn 0 1 0
vn 0 1 0
vn 0 1 0
vn 0 1 0
vn 0 1 0
vn 0 1 0
vn 0 1 0
vn 0 1 0
vn 0 1 0
vn 0 1 0
vn 0 1 0
vn 0 1 0
vn 0 1 0
vn 0 1 0
vn 0 1 0
vn 0 1 0
vn 0 1 0
vn 0 1 0
vn 0 1 0
vn 0 1 0
vn 0 1 0
vn 0 1 0
vn 0 1 0
vn 0 1 0
vn 0 1 0
vn 0 1 0
vn 0 1 0
vn 0 1 0
vn 0 1 0
vn 0 1 0
vn 0 1 0
vn 0 1 0
vn 0 1 0
vn 0 1 0
vn 0 1 0
vn 0 1 0
vn 0 1 0
vn 0 1 0
vn 0 1 0
vn 0 1 0
vn 0 1 0
vn 0 1 0
vn 0 1 0
vn 0 1 0
vn 0 1 0
vn 0 1 0
vn 0 1 0
vn 0 1 0
vn 0 1 0
vn 0 1 0
vn 0 1 0
vn 0 1 0
vn 0 1 0
vn 0 1 0
vn 0 1 0
vn 0 1 0
vn 0 1 0
vn 0 1 0
vn 0 1 0
vn 0 1 0
vn 0 1 0
vn 0 1 0
vn 0 1 0
vn 0 1 0
vn 0 1 0
vn 0 1 0
vn 0 1 0
vn 0 1 0
vn 0 1 0
vn 0 1 0
vn 0 1 0
vn 0 1 0
vn 0 1 0
vn 0 1 0
vn 0 1 0
vn 0 1 0
vn 0 1 0
vn 0 1 0
vn 0 1 0
vn 0 1 0
vn 0 1 0
vn 0 1 0
vn 0 1 0
vn 0 1 0
vn 0 1 0
vn 0 1 0
vn 0 1 0
vn 0 1 0
vn 0 1 0
vn 0 1 0
vn 0 1 0
vn 0 1 0
vn 0 1 0
vn 0 1 0
vn 0 1 0
vn 0 1 0
vn 0 1 0
vn 0 1 0
vn 0 1 0
vn 0 1 0
vn 0 1 0
vn 0 1 0
vn 0 1 0
vn 0 1 0
vn 0 1 0
vn 0 1 0
vn 0 1 0
vn 0 1 0
vn 0 1 0
vn 0 1 0
vn 0 1 0
vn 0 1 0
vn 0 1 0
vn 0 1 0
vn 0 1 0
vn 0 1 0
vn 0 1 0
vn 0 1 0
vn 0 1 0
vn 0 1 0
vn 0 1 0
vn 0 1 0
vn 0 1 0
vn 0 1 0
vn 0 1 0
vn 0 1 0
vn 0 1 0
vn 0 1 0
vn 0 1 0
vn 0 1 0
vn 0 1 0
vn 0 1 0
vn 0 1 0
vn 0 1 0
vn 0 1 0
vn 0 1 0
vn 0 1 0
vn 0 1 0
vn 0 1 0
vn 0 1 0
vn 0 1 0
vn 0 1 0
vn 0 1 0
vn 0 1 0
vn 0 1 0
vn 0 1 0
vn 0 1 0
vn 0 1 0
vn 0 1 0
vn 0 1 0
vn 0 1 0
vn 0 1 0
vn 0 1 0
vn 0 1 0
vn 0 1 0
vn 0 1 0
vn 0 1 0
vn 0 1 0
vn 0 1 0
vn 0 1 0
vn 0 1 0
vn 0 1 0
vn 0 1 0
vn 0 1 0
vn 0 1 0
vn 0 1 0
vn 0 1 0
vn 0 1 0
vn 0 1 0
vn 0 1 0
vn 0 1 0
vn 0 1 0
vn 0 1 0
vn 0 1 0
vn 0 1 0
vn 0 1 0
vn 0 1 0
vn 0 1 0
vn 0 1 0
vn 0 1 0
vn 0 1 0
vn 0 1 0
vn 0 1 0
vn 0 1 0
vn 0 1 0
vn 0 1 0
vn 0 1 0
vn 0 1 0
vn 0 1 0
vn 0 1 0
vn 0 1 0
vn 0 1 0
vn 0 1 0
vn 0 1 0
vn 0 1 0
vn 0 1 0
vn 0 1 0
vn 0 1 0
vn 0 1 0
vn 0 1 0
vn 0 1 0
vn 0 1 0
vn 0 1 0
vn 0 1 0
vn 0 1 0
vn 0 1 0
vn 0 1 0
vn 0 1 0
vn 0 1 0
vn 0 1 0
vn 0 1 0
vn 0 1 0
vn 0 1 0
vn 0 1 0
vn 0 1 0
vn 0 1 0
vn 0 1 0
vn 0 1 0
vn 0 1 0
vn 0 1 0
vn 0 1 0
vn 0 1 0
vn 0 1 0
vn 0 1 0
vn 0 1 0
vn 0 1 0
vn 0 1 0
vn 0 1 0
vn 0 1 0
vn 0 1 0
vn 0 1 0
vn 0 1 0
vn 0 1 0
vn 0 1 0
vn 0 1 0
vn 0 1 0
vn 0 1 0
vn 0 1 0
vn 0 1 0
vn 0 1 0
vn 0 1 0
vn 0 1 0
vn 0 1 0
vn 0 1 0
vn 0 1 0
vn 0 1 0
vn 0 1 0
vn 0 1 0
vn 0 1 0
vn 0 1 0
vn 0 1 0
vn 0 1 0
vn 0 1 0
vn 0 1 0
vn 0 1 0
vn 0 1 0
vn 0 1 0
vn 0 1 0
vn 0 1 0
vn 0 1 0
vn 0 1 0
vn 0 1 0
vn 0 1 0
vn 0 1 0
vn 0 1 0
vn 0 1 0
vn 0 1 0
vn 0 1 0
vn 0 1 0
vn 0 1 0
vn 0 1 0
vn 0 1 0
vn 0 1 0
vn 0 1 0
vn 0 1 0
vn 0 1 0
vn 0 1 0
vn 0 1 0
vn 0 1 0
vn 0 1 0
vn 0 1 0
vn 0 1 0
vn 0 1 0
vn 0 1 0
vn 0 1 0
vn 0 1 0
vn 0 1 0
vn 0 1 0
vn 0 1 0
vn 0 1 0
vn 0 1 0
vn 0 1 0
vn 0 1 0
vn 0 1 0
vn 0 1 0
vn 0 1 0
vn 0 1 0
vn 0 1 0
vn 0 1 0
vn 0 1 0
vn 0 1 0
vn 0 1 0
vn 0 1 0
vn 0 1 0
vn 0 1 0
vn 0 1 0
vn 0 1 0
vn 0 1 0
vn 0 1 0
vn 0 1 0
vn 0 1 0
vn 0 1 0
vn 0 1 0
vn 0 1 0
vn 0 1 0
vn 0 1 0
vn 0 1 0
vn 0 1 0
vn 0 1 0
vn 0 1 0
vn 0 1 0
vn 0 1 0
vn 0 1 0
vn 0 1 0
vn 0 1 0
vn 0 1 0
vn 0 1 0
vn 0 1 0
vn 0 1 0
vn 0 1 0
vn 0 1 0
vn 0 1 0
vn 0 1 0
vn 0 1 0
vn 0 1 0
vn 0 1 0
vn 0 1 0
vn 0 1 0
vn 0 1 0
vn 0 1 0
vn 0 1 0
vn 0 1 0
vn 0 1 0
vn 0 1 0
vn 0 1 0
vn 0 1 0
vn 0 1 0
vn 0 1 0
vn 0 1 0
vn 0 1 0
vn 0 1 0
vn 0 1 0
vn 0 1 0
vn 0 1 0
vn 0 1 0
vn 0 1 0
vn 0 1 0
vn 0 1 0
vn 0 1 0
vn 0 1 0
vn 0 1 0
vn 0 1 0
vn 0 1 0
vn 0 1 0
vn 0 1 0
vn 0 1 0
vn 0 1 0
vn 0 1 0
vn 0 1 0
vn 0 1 0
vn 0 1 0
vn 0 1 0
vn 0 1 0
vn 0 1 0
vn 0 1 0
vn 0 1 0
vn 0 1 0
vn 0 1 0
vn 0 1 0
vn 0 1 0
vn 0 1 0
vn 0 1 0
vn 0 1 0
vn 0 1 0
vn 0 1 0
vn 0 1 0
vn 0 1 0
vn 0 1 0
