# File exported by Houdini 20.5.445 (www.sidefx.com)
# 3463 points
# 0 vertices
# 0 primitives
# Bounds: [-971.53418, 110.998985, -1010.90527] to [1025.26245, 145.174011, 987.483459]
g 
v -200.425049 136.83017 -910.98999
v -197.768799 136.882355 -916.48999
v -180.300049 137.461273 -951.98999
v -169.831299 137.687958 -969.48999
v -157.768799 138.082245 -990.48999
v -341.050049 128.962921 -328.98999
v -357.831299 128.588043 -315.98999
v -369.737549 128.454987 -311.48999
v -355.987549 128.613373 -334.48999
v -406.956299 128.5737 -315.98999
v -414.081299 128.279938 -316.98999
v -429.175049 128.221771 -325.98999
v -438.050049 128.37027 -335.48999
v -402.143799 128.941315 -338.98999
v -472.581299 130.727875 -614.98999
v -468.987549 130.807159 -618.48999
v -465.675049 130.896637 -621.98999
v -454.175049 131.060516 -633.48999
v -443.393799 131.174835 -644.98999
v -427.331299 131.485809 -658.98999
v -422.112549 131.59671 -667.48999
v -416.529205 131.773422 -673.823303
v -411.862549 132.010712 -682.48999
v -405.456299 131.980743 -684.48999
v -400.221924 132.036499 -690.98999
v -398.268799 132.078461 -696.48999
v -393.862549 131.963058 -699.98999
v -383.331299 132.232208 -709.48999
v -378.518799 132.51535 -716.48999
v -360.008392 132.670563 -732.98999
v -354.862549 132.756439 -739.73999
v -342.862549 133.312164 -754.48999
v -319.081299 133.596161 -781.98999
v -312.206299 133.76947 -784.48999
v -415.331299 131.577728 -669.98999
v -349.425049 132.753021 -742.98999
v -455.706299 130.60672 -619.48999
v -325.237549 133.566315 -770.48999
v 266.653076 124.60006 210.01001
v 266.559326 125.299309 139.01001
v 271.176514 125.315758 139.26001
v 276.522858 125.320496 143.343338
v 281.199951 126.766563 143.51001
v 274.699951 124.548851 145.51001
v 270.762451 124.757042 214.51001
v 272.449951 124.766136 209.51001
v 270.356201 124.710716 205.01001
v 274.449951 125.019028 199.176682
v 265.903076 124.697227 200.51001
v 268.793701 124.866692 197.26001
v 277.465576 125.491539 194.01001
v 309.168701 127.797386 173.51001
v 268.543701 124.724388 218.51001
v 318.324951 127.855186 178.51001
v 334.293701 128.484283 184.76001
v 338.449951 128.481049 186.26001
v 280.512451 125.619591 194.51001
v 284.106201 126.015648 190.01001
v 289.778076 126.477165 188.26001
v 298.106201 126.987633 186.01001
v 302.804108 127.129379 182.176682
v 304.137451 127.307091 178.51001
v 263.887451 124.849236 221.26001
v 329.668701 124.92672 -37.9899902
v 343.762451 124.789268 -77.9899902
v 302.824951 125.900963 -42.4899902
v 296.449951 126.035362 -39.4899902
v 292.137451 126.137352 -37.9899902
v 299.949951 125.896324 3.01000977
v 302.637451 125.926567 9.26000977
v 311.074951 125.965782 20.0100098
v 211.965576 124.375755 210.76001
v 212.231201 124.377861 213.76001
v 241.981201 124.444695 209.51001
v 258.606201 127.869225 115.01001
v 250.793701 127.783043 117.51001
v 243.606201 127.743797 120.01001
v 236.418701 127.703636 121.01001
v 206.637451 127.198143 112.51001
v 138.387451 124.177635 183.51001
v 147.845779 124.161949 168.01001
v 187.387451 126.752159 131.01001
v 143.324951 121.696167 188.51001
v 146.731201 122.25161 184.01001
v 152.074951 125.827904 144.01001
v 159.043701 125.485252 135.51001
v 164.043701 125.839073 134.01001
v 170.106201 126.315598 134.176682
v 174.293701 126.545677 133.51001
v 178.668701 126.287682 130.01001
v 191.606201 126.880638 125.01001
v 139.934326 125.15226 168.38501
v 141.856201 124.854118 172.01001
v 142.793701 125.198387 165.51001
v 147.887451 124.868736 164.26001
v 152.403076 123.994408 166.01001
v 152.074951 125.118431 161.01001
v 157.856201 123.903442 164.51001
v 157.340576 124.737602 160.51001
v 162.324951 124.883934 157.76001
v 161.856201 123.981651 163.01001
v 166.908279 124.810081 156.51001
v 168.637451 123.928856 159.51001
v 173.074951 123.966576 157.76001
v 170.903076 124.960503 154.51001
v 174.168701 125.093102 153.01001
v 180.590576 124.501274 153.26001
v 180.512451 123.783836 156.51001
v 184.012451 125.209648 149.51001
v 188.774948 124.840248 149.710007
v 192.262451 124.098755 151.676682
v 194.449951 125.028404 147.676682
v 199.022873 125.33429 145.51001
v 203.137451 124.295341 148.76001
v 206.168701 124.55117 147.01001
v 210.418701 124.435448 145.76001
v 216.574951 124.156853 146.76001
v 217.715576 124.970024 141.51001
v 223.231201 124.746269 142.01001
v 229.215576 125.096764 139.26001
v 233.778076 125.216331 138.51001
v 238.903076 125.146385 139.01001
v 245.574951 125.10955 138.76001
v 255.335373 124.983444 139.676682
v 236.793701 124.46505 202.51001
v 238.543701 124.501793 198.51001
v 244.054123 124.525436 199.843338
v 248.793701 124.568474 200.26001
v 250.877029 124.484581 205.176682
v 251.012451 124.457664 208.01001
v 256.043701 124.441795 209.51001
v 253.074951 124.607323 198.51001
v 258.340576 124.447136 210.51001
v 103.340576 122.006889 301.26001
v 87.0749512 120.625694 238.51001
v 91.658287 120.544067 235.51001
v 101.309326 121.783928 306.26001
v 112.418701 121.535118 307.26001
v 110.887451 121.891136 298.51001
v 115.449951 121.701622 298.01001
v 111.699951 121.703423 291.76001
v 106.043701 121.837181 292.01001
v 106.574951 121.811577 286.26001
v 130.137451 124.261192 246.51001
v 127.637451 124.22567 250.51001
v 130.543701 123.993187 261.51001
v 124.449951 123.865501 263.51001
v 124.668701 123.581444 270.01001
v 113.231201 123.407738 267.01001
v 232.981201 123.952721 356.51001
v 245.137451 124.355064 242.01001
v 210.668701 124.402855 235.01001
v 234.106201 124.36837 254.01001
v 229.106201 124.336205 272.01001
v 199.449951 124.38076 265.01001
v 237.324951 124.363937 287.343353
v 238.981201 125.66494 303.01001
v 278.512451 125.68737 259.01001
v 257.231201 124.685814 303.51001
v 189.324951 123.796471 249.01001
v 229.293701 125.981239 322.26001
v 224.231201 125.441612 318.01001
v 231.731201 126.545677 316.51001
v 228.574951 125.375717 310.01001
v 230.278076 125.092094 307.01001
v 243.418701 125.53231 300.51001
v 247.543701 125.464806 307.51001
v 242.207764 126.442055 309.76001
v 240.168701 125.460655 316.51001
v 235.340576 126.006676 318.26001
v 205.910889 124.803322 355.01001
v 211.598389 124.394554 354.13501
v 207.903076 125.101646 348.76001
v 214.835373 124.306702 349.676666
v 213.960373 124.62606 344.343353
v 218.793701 124.425102 345.26001
v 216.199951 124.941673 341.51001
v 212.481201 125.145897 339.51001
v 207.949951 125.078026 340.01001
v 257.278076 125.711021 293.51001
v 261.778076 125.012901 296.26001
v 263.262451 125.961082 289.51001
v 260.106201 126.47805 286.51001
v 268.824951 126.004051 282.26001
v 270.137451 126.462303 278.01001
v 264.074951 126.169395 280.01001
v 257.293701 124.740135 276.51001
v 258.731201 124.678978 266.51001
v 260.574951 124.772545 261.01001
v 263.074951 124.652184 267.01001
v 266.168701 124.822899 263.01001
v 289.106201 127.36367 261.51001
v 293.856201 127.396202 254.26001
v 290.387451 127.128281 250.843338
v 286.606201 126.854362 248.01001
v 289.106201 126.8312 245.01001
v 282.887451 126.241783 239.51001
v 282.731201 126.466293 245.676682
v 279.590576 125.894402 251.01001
v 274.621826 125.088554 251.26001
v 276.137451 125.490837 247.51001
v 264.137451 124.607506 234.01001
v 265.434326 124.583046 240.26001
v 269.621826 124.716789 239.76001
v 270.746826 125.013542 236.76001
v 275.137451 125.804939 235.26001
v 178.668701 123.873375 321.51001
v 173.699951 123.924828 328.51001
v 174.231201 124.023827 338.01001
v 170.949951 124.027306 345.01001
v 162.887451 123.902489 357.01001
v 145.606201 122.326378 304.01001
v 154.387451 124.364708 237.51001
v 181.606201 124.03231 245.51001
v 145.356201 124.360985 242.01001
v 148.403076 124.319725 247.76001
v 152.043701 124.281944 252.51001
v 141.731201 124.345299 247.01001
v 139.262451 124.231895 250.51001
v 145.418701 124.153893 256.01001
v 137.481201 124.029076 258.01001
v 140.668701 124.410728 234.01001
v 139.012451 124.468468 238.01001
v 394.762451 124.732811 328.01001
v 415.481201 125.034874 311.01001
v 424.668701 125.20919 302.51001
v 429.043701 125.282005 299.51001
v 431.762451 125.327965 296.51001
v 441.543701 125.333885 288.51001
v 450.918701 125.333214 280.51001
v 456.887451 125.463036 276.01001
v 363.356201 129.85434 207.01001
v 427.965576 125.850304 245.76001
v 389.918701 125.332726 266.01001
v 394.824951 124.740074 270.01001
v 398.574951 124.898216 266.01001
v 409.199951 125.093773 261.01001
v 414.356201 125.260704 258.176666
v 419.199951 125.253899 255.51001
v 426.824951 125.559814 249.843338
v 430.793701 125.48037 249.01001
v 432.387451 126.309532 241.51001
v 438.574951 125.745934 243.01001
v 345.293701 128.679718 190.01001
v 351.074951 129.4599 190.26001
v 353.699951 129.471344 193.51001
v 358.199951 129.96933 199.01001
v 366.356201 130.476654 209.51001
v 376.387451 129.095978 224.01001
v 379.887451 128.855988 227.01001
v 257.887451 124.717979 222.01001
v 260.481201 124.667381 225.51001
v 256.074951 124.495079 230.51001
v 262.246826 124.678886 229.01001
v 266.252045 125.091049 227.51001
v 271.231201 125.408195 229.26001
v 436.356201 124.740593 439.01001
v 435.231201 124.799828 444.01001
v 421.856201 124.783928 449.51001
v 205.856201 122.981773 422.51001
v 210.418701 123.086082 415.51001
v 214.293701 123.12252 409.51001
v 218.262451 123.258263 404.01001
v 222.387451 123.411034 398.01001
v 227.137451 123.46035 392.01001
v 231.231201 123.504173 386.51001
v 239.981201 123.601036 374.01001
v 244.262451 123.645836 368.51001
v 228.699951 123.827965 362.51001
v 220.074951 123.803185 374.01001
v 215.449951 123.755272 380.01001
v 211.449951 123.639671 385.51001
v 207.231201 123.559044 391.01001
v 203.074951 123.576988 397.01001
v 199.199951 123.460289 404.51001
v 194.731201 123.392418 409.51001
v 190.824951 123.335167 414.01001
v 190.970779 124.102173 381.676666
v 259.637451 123.531517 429.01001
v 285.762451 123.692223 423.01001
v 298.074951 123.820396 410.01001
v 317.856201 124.017662 392.51001
v 246.543701 123.292076 444.51001
v 241.512451 123.357689 457.01001
v 507.637451 125.44857 549.51001
v 216.762451 123.143028 511.51001
v 194.699951 122.928978 432.51001
v 517.168701 125.300438 445.01001
v 500.606201 125.212944 454.26001
v 484.418701 125.200157 462.51001
v 466.449951 125.182457 471.51001
v 456.793701 125.093529 479.51001
v 441.856201 128.363129 519.01001
v 439.574951 129.111603 525.51001
v 427.543701 131.530731 553.51001
v 432.403076 130.631653 542.76001
v 525.668701 125.433372 440.51001
v 184.908279 124.057335 388.676666
v 193.699951 124.105736 377.51001
v 195.949951 124.360374 373.26001
v 198.439529 124.270996 369.01001
v 201.231201 124.30703 365.26001
v 202.301514 124.617256 361.51001
v 206.184326 124.075096 362.51001
v 204.574951 124.491783 359.51001
v 1000.3562 140.712677 -691.48999
v 947.637451 139.292206 -622.98999
v 885.574951 138.283478 -579.48999
v 887.231201 138.006317 -560.48999
v 963.168701 133.571442 -257.98999
v 904.137451 133.148163 -248.48999
v 893.887451 133.511444 -262.48999
v 897.278076 133.311768 -257.73999
v 895.731201 133.723236 -267.98999
v 921.668701 134.25943 -289.48999
v 936.168701 134.393463 -299.98999
v 973.887451 134.729034 -316.98999
v 968.074951 134.740631 -312.98999
v 958.699951 134.801605 -307.48999
v 966.137451 134.186707 -265.73999
v 1005.2937 134.961029 -346.48999
v 1008.26245 135.259613 -359.48999
v 995.074951 134.363495 -306.98999
v 1001.94995 133.79538 -273.98999
v 1007.3562 133.816681 -275.48999
v 1011.94995 135.167084 -361.48999
v 998.668701 135.511322 -352.98999
v 874.637451 135.395355 -340.48999
v 880.199951 135.355804 -344.48999
v 894.637451 135.575348 -355.48999
v 925.481201 136.266998 -381.48999
v 997.887451 136.806 -440.48999
v 1009.0437 136.98288 -452.48999
v 1025.26245 137.212555 -471.48999
v 969.543701 134.824249 -321.48999
v 937.465576 135.04068 -234.73999
v 932.981201 135.125458 -231.98999
v 927.012451 135.140839 -226.98999
v 927.981201 134.702911 -234.48999
v 923.449951 134.663849 -231.98999
v 918.856201 134.038239 -234.98999
v 917.668701 132.901825 -239.98999
v 910.199951 133.26181 -244.48999
v 915.981201 132.759369 -244.48999
v 923.606201 133.243988 -237.98999
v 928.387451 133.015228 -240.98999
v 936.387451 133.150909 -243.48999
v 941.387451 132.745392 -247.98999
v 947.356201 133.135284 -246.48999
v 949.731201 132.568268 -249.98999
v 955.043701 134.9263 -240.98999
v 959.262451 134.597687 -245.98999
v 959.418701 135.105133 -241.98999
v 953.074951 132.802277 -252.48999
v 960.512451 132.932953 -253.98999
v 966.231201 134.528595 -248.48999
v 971.324951 134.559906 -248.98999
v 986.949951 133.782196 -260.48999
v 667.512451 126.028221 456.76001
v 751.387451 125.426781 595.51001
v 585.762451 125.68856 405.51001
v 572.543701 125.760948 412.51001
v 556.981201 125.693321 422.01001
v 533.262451 125.555199 435.51001
v 569.356201 125.661705 415.01001
v 987.949951 127.000694 812.01001
v 998.345764 126.96814 808.176697
v 1005.3562 126.911674 806.76001
v 679.949951 126.091911 485.01001
v 673.783264 125.866882 484.843353
v 684.481201 126.278465 469.01001
v 691.874939 126.189011 465.910004
v 693.731201 126.195641 460.51001
v 689.098389 126.153008 458.63501
v 683.278076 126.119347 457.76001
v 693.512451 126.298851 444.51001
v 686.106201 126.294884 434.01001
v 683.168701 126.28756 431.01001
v 668.981201 126.112389 423.26001
v 662.574951 126.012505 425.26001
v 661.153076 126.005547 431.26001
v 682.199951 126.10537 455.01001
v 683.512451 126.287743 474.76001
v 655.481201 125.908531 427.51001
v 658.606201 125.995911 442.343353
v 668.356201 126.133995 438.01001
v 673.262451 126.118889 446.76001
v 675.106201 126.073967 456.01001
v 645.147888 125.761925 435.01001
v 637.762451 125.649864 438.51001
v 640.996826 125.716972 443.76001
v 643.293701 125.764061 447.26001
v 649.658264 125.867966 447.01001
v 647.028076 125.837395 451.76001
v 648.731201 125.857689 456.26001
v 651.866638 125.902466 458.343353
v 655.606201 125.964561 455.01001
v 659.668701 126.017143 459.76001
v 655.283264 125.892197 461.843353
v 677.449951 126.124229 460.01001
v 680.074951 126.187645 463.51001
v 670.710388 126.095604 460.51001
v 674.137451 126.184532 465.51001
v 664.845764 126.04409 464.51001
v 662.512451 125.8666 469.76001
v 667.418701 125.982262 469.843353
v 666.408264 125.880882 473.176666
v 676.356201 126.126953 472.843353
v 676.106201 126.175072 470.51001
v 674.246826 125.90255 481.01001
v 667.309326 125.802116 477.51001
v 670.934326 125.952721 474.76001
v 701.231201 129.197723 10.0100098
v 983.793701 133.520233 87.5100098
v 979.606201 133.624664 99.5100098
v 705.897888 129.295975 33.6766777
v 703.543701 129.273285 37.5100098
v 708.043701 129.325653 36.0100098
v 707.262451 129.311432 49.0100098
v 703.699951 129.307159 54.5100098
v 697.918701 129.028229 60.0100098
v 701.262451 129.057404 62.5100098
v 708.028076 128.98967 129.593338
v 720.621826 129.270691 126.01001
v 727.731201 129.441895 130.01001
v 730.456177 129.483948 126.710007
v 729.012451 129.406723 121.110008
v 724.942139 129.303345 112.63501
v 735.137451 129.387726 108.676674
v 711.752014 129.097931 126.51001
v 715.309326 129.183441 121.01001
v 702.559326 128.816498 127.01001
v 719.668701 129.256012 96.0100098
v 700.762451 128.833771 107.01001
v 706.770264 128.980408 104.63501
v 707.778076 128.97287 114.51001
v 711.439514 129.080597 112.176674
v 715.418701 129.203705 127.51001
v 44.9812012 125.426353 54.5100098
v 43.0124512 125.596825 51.0100098
v 27.5905762 125.460503 61.0100098
v 22.7624512 125.451439 63.0100098
v 18.5437012 125.224632 67.0100098
v 12.3562012 125.229729 71.5100098
v -33.4484863 121.109169 754.76001
v -31.1125488 121.200279 751.51001
v -31.0344238 120.972313 758.26001
v -27.7219238 121.058983 756.26001
v -38.7219238 121.107292 759.76001
v -42.3625488 121.244957 752.51001
v -44.6437988 121.301292 750.51001
v -38.7687988 121.24514 748.01001
v -44.4250488 121.366722 745.01001
v -48.4719238 121.472343 741.01001
v -53.2062988 121.382103 749.51001
v 6.04370117 125.726097 72.5100098
v 27.5124512 124.604637 111.76001
v 685.356201 129.206451 23.0100098
v 693.106201 129.121246 18.0100098
v 593.903076 127.835869 81.0100098
v 601.653076 128.008728 71.7600098
v 606.512451 127.898643 82.5100098
v 608.543701 127.937584 90.5100098
v 594.199951 127.792564 86.5100098
v 597.278076 127.775932 91.5100098
v 601.606201 127.750816 96.5100098
v 612.778076 128.014862 103.01001
v 618.137451 128.405487 101.51001
v 619.012451 128.278687 107.26001
v 615.168701 128.191757 67.5100098
v 608.481201 128.064819 71.5100098
v 608.809326 128.158295 65.7600098
v 606.231201 128.105499 67.0100098
v 619.818726 128.278778 64.2100067
v 623.335388 128.393158 61.3433418
v 627.085388 128.436737 63.8433418
v 631.606201 128.462128 64.0100098
v 631.168701 128.498383 59.0100098
v 640.653076 128.49942 55.8850098
v 644.996826 128.492279 52.7600098
v 648.627014 128.481842 52.8433418
v 655.043701 128.526672 49.6350098
v 660.043701 128.618393 50.0100098
v 663.043701 128.670044 50.7600098
v 662.095764 128.677643 46.8433418
v 667.131226 128.768982 46.2100105
v 664.481201 128.745651 43.3433418
v 670.543701 128.813751 46.0100098
v 669.793701 128.809998 41.0100098
v 674.848389 128.886078 40.8850098
v 682.739014 129.05571 35.5100098
v 688.762451 129.20224 32.0100098
v 688.871826 130.282425 70.5100098
v 681.522888 130.092194 74.3433456
v 678.043701 128.863434 65.5100098
v 678.481201 129.857391 77.5100098
v 672.918701 129.248322 80.2600098
v 666.121826 129.020172 83.7600098
v 660.949951 129.121613 86.6766739
v 656.418701 129.313187 88.3433456
v 653.184326 129.301117 93.0100098
v 647.668701 128.925018 91.2600098
v 645.168701 129.307266 95.5100098
v 637.293701 128.917023 98.2600098
v 636.199951 129.385406 101.51001
v 629.949951 128.931732 103.51001
v 626.824951 128.662323 107.51001
v 616.418701 127.75769 126.176674
v 693.074951 128.530518 129.76001
v 34.8562012 121.031059 279.76001
v 32.6999512 122.163857 247.01001
v 54.3249512 120.952751 253.01001
v 62.8562012 120.796227 253.01001
v 35.1999512 120.771667 289.51001
v 39.0749512 120.833824 283.51001
v 28.9187012 121.240807 275.01001
v 20.6687012 121.235985 274.51001
v 11.9187012 121.514427 262.51001
v 46.2937012 119.646202 291.51001
v 43.7937012 119.506523 297.26001
v 65.3405762 120.320885 266.51001
v 30.6999512 121.092644 287.26001
v 24.1999512 121.239037 272.51001
v 25.1374512 121.274193 268.51001
v 18.7155762 121.298332 268.51001
v 15.8874512 121.628441 259.01001
v 51.6106644 122.207481 230.938583
v 31.9187012 121.148399 282.51001
v 23.0280762 121.918938 256.01001
v 28.4030762 122.103691 254.51001
v 26.0437012 122.134483 249.843338
v 29.7468262 122.174507 248.63501
v 37.5541191 122.141869 241.843338
v 41.9655762 122.101158 239.51001
v 45.9812012 122.188011 235.76001
v 47.8249512 122.203758 234.01001
v 56.1270332 122.341492 227.01001
v 57.6687012 122.567711 224.51001
v 61.0437012 122.647423 222.01001
v 31.3249512 121.339745 264.01001
v 44.9187012 120.970482 260.51001
v 44.4812012 121.135765 255.51001
v 44.3874512 121.348656 250.51001
v 52.6999512 121.521263 242.01001
v 60.5124512 121.783531 233.01001
v 150.106201 123.86013 394.01001
v 122.481201 124.193077 406.01001
v 102.668701 123.822777 403.01001
v 101.168701 123.878197 399.01001
v 107.637451 123.962914 414.51001
v 108.043701 123.95919 422.01001
v 105.199951 123.774681 427.51001
v 114.074951 124.076073 427.01001
v 109.387451 123.706078 435.51001
v 93.2624512 123.306358 438.51001
v 72.6374512 123.217186 424.51001
v 82.3562012 123.239586 427.01001
v 80.8874512 123.261986 415.01001
v 77.5749512 123.288658 403.51001
v 52.9187012 122.442101 483.51001
v 25.0749512 122.217125 488.51001
v 1.91870117 122.234825 492.51001
v 36.1062012 122.766808 472.51001
v 48.1687012 122.940331 470.51001
v 58.4187012 123.038658 469.01001
v 12.7937012 122.855186 475.51001
v 6.76245117 122.924461 476.51001
v -0.581298828 123.048851 477.51001
v -9.88338184 122.973412 477.676666
v 109.778076 124.147453 447.51001
v 140.793701 125.472435 419.51001
v -18.7687988 122.910057 488.51001
v -39.6437988 122.035057 499.51001
v 6.07495117 123.156578 443.51001
v -28.1437988 122.601006 499.51001
v -9.39379883 122.45327 512.01001
v 97.8562012 123.363792 457.51001
v 93.0124512 123.12606 458.51001
v 86.9187012 123.143517 454.51001
v 91.0437012 123.248436 444.01001
v 111.199951 124.235863 453.01001
v 107.637451 123.455589 462.51001
v 8.48120117 123.130455 438.51001
v 3.59057617 123.02404 431.76001
v -2.72192383 122.90078 437.51001
v -4.00317383 123.082451 444.01001
v -8.92504883 122.915062 449.51001
v -7.48754883 123.078514 456.26001
v -9.36254883 122.633202 460.01001
v -7.92504883 122.821617 465.01001
v -11.8312988 122.747581 474.01001
v -14.4562988 122.765587 479.51001
v 176.309326 124.361259 397.01001
v 145.356201 125.297112 423.51001
v 78.1062012 121.499687 670.51001
v 85.5687027 121.596619 663.109985
v 89.1374512 121.550499 664.01001
v 99.7937012 121.600304 646.51001
v 110.512451 121.827782 628.26001
v 103.074951 121.720055 621.01001
v 70.5749512 121.552086 615.01001
v 58.4499512 121.245323 593.51001
v 59.2624512 121.256554 599.51001
v 46.9499512 121.328453 603.01001
v 43.2937012 121.504356 647.01001
v 69.0124512 121.702354 663.01001
v 86.2312012 121.625023 657.51001
v 79.7624512 121.538597 652.01001
v 93.7780762 121.65316 650.01001
v 95.8562012 121.618858 644.01001
v 33.3562012 121.655235 639.01001
v 743.856201 128.929718 190.51001
v 798.137451 130.661652 164.51001
v 887.637451 132.431 133.01001
v 735.543701 128.668365 199.51001
v 722.231201 128.328217 207.01001
v 687.512451 128.124786 225.01001
v 683.918701 128.087921 227.01001
v 661.168701 127.889244 239.51001
v 644.043701 127.52816 249.01001
v 630.387451 127.20089 256.01001
v 620.231201 127.743065 130.51001
v 620.668701 127.634544 138.01001
v 623.512451 127.717979 142.01001
v 638.981201 127.603722 152.51001
v 642.574951 127.81826 145.51001
v 641.778076 127.596611 156.51001
v 644.116638 127.5849 160.51001
v 635.106201 127.516502 158.01001
v 635.606201 127.464348 164.51001
v 646.684326 127.602455 164.01001
v 647.574951 127.628075 167.01001
v 644.840576 127.609245 175.76001
v 652.668701 127.74231 173.676682
v 657.074951 127.818443 167.01001
v 685.585388 128.421616 141.843338
v 691.470764 128.631866 143.343338
v 695.824951 128.744415 143.51001
v 697.158264 128.745804 147.51001
v 700.778076 128.823425 139.26001
v 696.246826 128.65863 134.76001
v 709.756226 129.060135 138.310013
v 712.231201 129.128632 134.51001
v 730.637451 129.504242 131.51001
v 675.981201 128.215851 160.51001
v 686.356201 128.564911 155.51001
v 690.824951 128.597809 139.01001
v 627.278076 127.7463 148.51001
v 630.449951 127.643089 150.76001
v 629.949951 127.553368 154.51001
v -447.612549 120.63723 424.01001
v -448.831299 120.569328 433.01001
v -443.737549 120.547386 432.51001
v -440.143799 120.409355 438.76001
v -458.206299 120.250877 458.26001
v -460.987549 120.270988 460.01001
v -301.112549 124.980247 -48.4899902
v -540.675049 119.335106 603.01001
v -534.331299 118.487755 605.51001
v -367.300049 121.561852 293.01001
v -245.362549 121.424583 334.01001
v -291.987549 125.074364 -71.9899902
v -528.112549 118.265892 611.01001
v -524.300049 118.10598 613.01001
v -528.331299 117.829857 618.01001
v -531.175049 118.342674 614.51001
v -537.893799 120.429955 613.676697
v -538.956299 120.423882 618.01001
v -543.878174 119.9645 623.26001
v -547.018799 120.120872 621.51001
v -543.831299 117.553123 632.01001
v -544.440674 120.415459 617.01001
v -544.675049 119.262474 612.01001
v -552.159424 118.56823 606.51001
v -549.862549 118.537437 605.01001
v -559.159424 118.275719 612.01001
v -301.862549 124.984825 -60.9899902
v -304.831299 125.00045 -52.4899902
v -317.581299 125.039146 -49.9899902
v -314.831299 125.054039 -46.4899902
v -309.925049 125.013268 -41.4899902
v -358.487549 122.916161 195.01001
v -346.758392 123.039146 190.676682
v -620.581299 118.714256 531.01001
v -638.768799 118.785118 534.51001
v -710.675049 118.581993 500.01001
v -678.706299 118.757896 516.51001
v -609.081299 118.732201 547.01001
v -275.909424 125.657738 -119.98999
v -264.971924 125.757317 -122.73999
v -266.425049 125.678185 -118.98999
v -258.997955 125.684311 -114.823326
v -257.112549 125.921959 -129.48999
v -239.987549 126.4338 -166.48999
v -250.050049 125.787865 -115.48999
v -246.581299 125.815453 -113.48999
v -243.503174 125.899864 -122.48999
v -228.456299 126.286644 -145.48999
v -229.018799 125.994774 -110.48999
v -236.737549 125.875267 -104.98999
v -701.409424 113.049339 858.26001
v -672.956299 112.906578 845.01001
v -650.800049 111.960167 878.01001
v -672.706299 113.414452 830.51001
v -668.956299 113.506493 826.51001
v -665.159424 113.60601 822.01001
v -636.956299 113.507652 811.51001
v -623.393799 113.142784 823.01001
v -619.560486 113.656601 807.343323
v -634.018799 113.864281 794.51001
v -622.542236 113.928856 793.26001
v -605.018799 113.854393 795.01001
v -627.768799 111.627159 877.01001
v -672.253174 111.517021 888.51001
v -664.987549 111.858421 882.01001
v -591.112549 113.895195 793.51001
v -580.706299 114.269005 794.01001
v -613.518799 111.925621 870.01001
v -623.956299 112.164574 863.51001
v -752.050049 111.402306 945.01001
v -746.893799 111.358299 940.01001
v -741.862549 111.573875 928.01001
v -732.862549 111.376305 925.51001
v -546.320862 118.462143 984.343323
v -543.612549 118.303551 980.51001
v -539.612549 117.738243 971.51001
v -517.800049 117.001427 946.51001
v -680.010986 110.998985 888.76001
v -675.956299 111.377342 891.01001
v -685.081299 112.111351 883.01001
v -561.518799 113.162071 825.51001
v -561.122986 113.083069 835.51001
v -561.331299 112.88839 840.76001
v -565.820862 112.86821 842.343323
v -567.622986 112.338913 848.176697
v -569.206299 112.864281 842.01001
v -555.753174 111.791344 842.26001
v -559.206299 112.202782 845.51001
v -571.841736 111.993675 850.843323
v -575.643799 112.675102 843.26001
v -587.279236 112.869263 837.51001
v -588.643799 112.751793 842.51001
v -591.831299 112.652733 846.51001
v -591.675049 112.002953 858.01001
v -596.518799 112.107628 861.01001
v -596.425049 111.083 869.01001
v -600.550049 111.347069 869.51001
v -579.768799 113.321007 820.01001
v -570.987549 113.418663 817.01001
v -574.081299 113.574944 813.76001
v -574.175049 113.661644 808.51001
v -578.987549 113.663963 810.51001
v -566.800049 114.220604 808.51001
v -948.206299 115.800255 738.01001
v -956.487549 115.911644 745.01001
v -964.206299 115.320152 749.51001
v -889.268799 116.016991 684.01001
v -892.831299 116.079796 687.01001
v -896.550049 116.14608 690.51001
v -901.643799 116.349693 696.51001
v -907.112549 113.567162 964.01001
v -902.284424 113.610466 961.76001
v -895.643799 113.474083 963.51001
v -902.456299 113.621971 958.01001
v -824.018799 112.001183 959.01001
v -798.893799 112.223473 951.01001
v -788.175049 111.609032 963.51001
v -793.862549 111.817284 961.01001
v -883.362549 114.006065 937.01001
v -879.800049 114.00985 934.01001
v -872.029236 113.837059 939.676697
v -867.550049 113.765953 938.51001
v -862.206299 113.704796 936.01001
v -855.643799 113.666954 931.51001
v -859.612549 113.898643 926.01001
v -855.487549 113.911583 920.51001
v -852.112549 113.882896 923.01001
v -848.862549 113.937584 915.51001
v -839.393799 114.019737 904.176697
v -838.456299 114.071922 900.01001
v -834.956299 114.091331 896.01001
v -415.737549 116.601646 700.51001
v -376.175049 117.09713 742.51001
v -326.268799 118.161644 758.01001
v -418.018799 117.098045 683.01001
v -420.706299 117.789085 823.51001
v -424.685455 117.810104 827.676697
v -429.414642 117.734459 830.01001
v -434.987549 117.551109 832.51001
v -442.612549 117.459923 839.51001
v -457.081299 117.234764 858.01001
v -461.518799 117.321129 856.01001
v -470.643799 117.494225 864.51001
v -282.284424 118.724602 799.26001
v -284.503174 118.639427 804.76001
v -286.237549 118.590416 808.51001
v -301.643799 118.527794 820.01001
v -333.643799 118.481224 814.51001
v 513.090576 139.544464 -807.98999
v 521.512451 139.500092 -807.48999
v 535.387451 139.798676 -811.98999
v 544.324951 139.864838 -806.98999
v 548.293701 139.957886 -806.73999
v 553.465576 140.097748 -806.98999
v 557.106201 140.166321 -806.23999
v 569.668701 140.249237 -806.48999
v 579.106201 140.058563 -805.48999
v 602.762451 139.581696 -800.48999
v 611.106201 139.653473 -801.48999
v 622.662476 139.855469 -801.390015
v 625.918701 139.891174 -801.73999
v 630.293701 139.921112 -801.98999
v 635.699951 139.973999 -803.23999
v 647.512451 140.17041 -803.23999
v 651.981201 140.251221 -802.98999
v 639.606201 140.542328 -816.48999
v 590.262451 140.75351 -816.98999
v 563.668701 141.03479 -826.23999
v 557.179138 140.947495 -827.156677
v 556.356201 140.510773 -817.48999
v 548.293701 140.43808 -821.98999
v 549.371826 140.772034 -827.73999
v 545.762451 140.621307 -826.98999
v 528.356201 140.420868 -832.98999
v 454.731201 140.301727 -829.98999
v 458.731201 140.42392 -837.48999
v 520.887451 142.12851 -934.98999
v 524.824951 142.288788 -942.48999
v 561.106201 140.248749 -805.98999
v 562.762451 140.11319 -801.48999
v 557.793701 140.062653 -802.48999
v 436.231201 128.178619 -169.98999
v 446.262451 128.556122 -167.48999
v 449.918701 128.800262 -169.48999
v 461.887451 128.876801 -158.73999
v 467.074951 129.33316 -160.98999
v 472.574951 129.100555 -153.48999
v 404.762451 126.779808 -227.98999
v 400.168701 127.243614 -227.48999
v 403.074951 127.004234 -222.48999
v 416.949951 125.832115 -140.98999
v 436.793701 128.191498 -155.48999
v 445.731201 128.310638 -151.48999
v 454.387451 128.481964 -147.98999
v 463.106201 128.701691 -142.48999
v 448.481201 128.459015 -142.48999
v 452.293701 128.561615 -134.48999
v 456.324951 128.546844 -139.98999
v 462.371826 128.324341 -123.23999
v 466.356201 127.930565 -126.48999
v 479.762451 129.090485 -118.48999
v 458.231201 128.218781 -97.4899902
v 451.418701 128.367462 -111.48999
v 442.512451 128.2659 -116.98999
v 430.324951 127.090019 -131.48999
v 412.793701 126.504784 -113.48999
v 403.481201 125.974388 -110.98999
v 399.481201 126.146629 -103.48999
v 480.449951 131.564423 -256.98999
v 474.528076 131.3685 -266.73999
v 477.762451 131.26828 -277.48999
v 481.720795 131.438324 -278.823334
v 486.543701 131.63858 -295.98999
v 497.981201 131.723785 -240.98999
v 491.699951 131.544342 -231.98999
v 494.574951 131.423553 -223.98999
v 492.731201 131.310577 -219.98999
v 496.918701 131.255646 -216.48999
v 490.293701 131.040558 -205.48999
v 478.043701 131.804596 -210.48999
v 497.637451 129.465118 -142.48999
v 416.824951 127.675011 -174.98999
v 559.481201 130.117645 -156.48999
v 577.137451 130.632294 -165.48999
v 603.012451 130.970612 -162.98999
v 607.793701 131.577728 -185.48999
v 557.074951 132.909698 -296.98999
v 549.356201 132.743622 -285.48999
v 568.981201 132.46347 -266.98999
v 566.574951 132.415924 -258.98999
v 559.699951 132.377838 -260.98999
v 561.387451 132.406036 -267.98999
v 554.293701 132.502411 -269.98999
v 513.793701 131.916595 -248.98999
v 517.887451 131.807526 -241.98999
v 516.387451 131.676605 -234.48999
v 513.512451 131.720428 -238.48999
v 511.387451 131.811615 -243.98999
v 508.856201 131.694122 -236.98999
v 507.981201 131.588776 -229.48999
v 548.699951 132.654877 -279.48999
v 544.293701 132.615509 -278.48999
v 541.106201 132.534882 -274.98999
v 547.231201 132.384979 -265.48999
v 552.574951 132.242157 -256.48999
v 546.074951 132.137604 -252.48999
v 540.606201 132.279083 -261.48999
v 534.762451 132.401825 -271.48999
v 538.762451 132.020111 -247.98999
v 533.762451 132.163727 -256.98999
v 532.231201 131.924652 -244.48999
v 527.074951 132.058197 -252.98999
v 523.606201 132.151886 -258.98999
v 519.356201 132.111786 -257.98999
v 510.637451 131.94339 -268.98999
v 516.293701 132.040619 -254.98999
v 520.231201 131.939972 -248.48999
v 525.168701 131.807343 -239.98999
v 554.074951 132.019562 -235.48999
v 584.168701 132.506134 -252.48999
v 576.668701 132.435394 -248.98999
v 569.074951 132.356171 -243.98999
v 561.481201 132.082184 -238.98999
v 510.324951 129.409088 -138.98999
v 523.324951 129.467194 -139.48999
v 535.793701 129.545624 -141.98999
v 546.918701 129.657623 -145.48999
v 544.481201 129.442413 -124.98999
v 358.387451 124.78756 -102.98999
v 379.012451 129.762177 -273.98999
v 87.2624512 123.958519 383.51001
v 83.4499512 124.371422 368.51001
v 78.7312012 124.374046 368.51001
v 74.8562012 124.35244 331.01001
v 93.1062012 122.073631 327.01001
v 31.7937012 119.99575 317.51001
v 6.73120117 119.440392 346.01001
v 37.5124512 119.640465 312.01001
v 89.4499512 123.581322 329.01001
v 114.918701 121.497581 313.01001
v 421.606201 128.675201 -79.9899902
v 374.356201 125.131432 -66.9899902
v 371.903076 124.631279 -51.7399902
v 377.762451 124.731163 -28.9899902
v 384.481201 126.143944 -29.4899902
v 449.074951 124.838951 -23.4899902
v 454.824951 125.100914 -26.9899902
v 459.840576 125.062889 -28.4899902
v 459.606201 128.499054 -49.9899902
v 493.465576 125.064415 -40.4899902
v 498.371826 125.208427 -42.9899902
v 410.793701 128.350433 -83.9899902
v 411.449951 128.519318 -78.4899902
v 514.965576 126.210167 -1.98999023
v 521.887451 126.164757 -9.48999023
v 539.481201 127.938499 16.0100098
v 543.449951 128.166718 9.01000977
v 549.293701 128.298309 7.01000977
v 548.418701 128.294647 2.51000977
v 526.637451 127.574547 4.51000977
v 560.085388 128.569427 26.1766758
v 564.449951 128.748932 17.5100098
v 569.824951 129.102753 -8.98999023
v 578.418701 129.202667 1.51000977
v 584.981201 129.758575 0.0100097656
v 475.074951 127.196922 48.5100098
v 480.043701 127.351891 47.0100098
v 547.793701 128.214813 53.5100098
v 548.918701 128.015717 34.5100098
v 525.637451 129.542816 -84.9899902
v -54.8000488 119.959435 367.51001
v -13.7375488 119.39016 358.51001
v -43.7062988 119.772972 361.51001
v -9.05004883 119.286461 357.51001
v -25.9875488 119.245872 362.01001
v -10.0500488 119.888451 802.51001
v -27.0187988 119.707237 829.01001
v -28.1125488 119.465599 837.51001
v -20.8000488 119.528465 839.01001
v -14.3312988 119.723656 837.01001
v -2.49796557 119.889305 844.51001
v -6.55004883 119.68087 848.51001
v 0.817138672 119.759911 850.51001
v 7.39786768 119.751022 853.176697
v 9.35620117 119.877647 849.01001
v 11.9499512 119.55349 858.51001
v 13.4968262 119.844933 853.01001
v 22.4265137 119.748756 859.63501
v 21.1530762 119.696037 863.26001
v 28.6374512 119.784203 860.01001
v 26.5749512 119.734642 863.51001
v 33.6999512 119.725792 870.01001
v 37.3562012 119.678123 872.01001
v 69.9499512 119.555809 884.01001
v 79.6062012 119.354057 888.01001
v 99.0749512 119.213097 899.01001
v 105.746826 119.195 902.01001
v 103.824951 119.110924 905.51001
v 112.293701 119.230858 904.51001
v 116.918701 119.14669 908.51001
v 122.903076 119.149559 915.01001
v 123.824951 119.254906 917.51001
v 129.606201 119.198631 917.51001
v 134.533279 119.108582 918.01001
v 145.184326 119.39843 927.01001
v 156.856201 119.294334 932.01001
v 166.106201 119.259361 935.01001
v 164.262451 119.193321 940.01001
v 169.168701 119.411888 943.01001
v 190.496826 119.269493 951.51001
v 197.996826 119.836479 960.26001
v 202.012451 119.546227 959.01001
v 214.778076 119.475754 966.01001
v 219.731201 119.538658 968.01001
v 817.731201 144.362274 -1006.98999
v 813.731201 144.60022 -1004.48999
v 812.793701 145.050751 -993.48999
v 814.903076 144.81781 -999.23999
v 809.918701 145.030151 -986.23999
v 805.324951 145.026581 -982.48999
v 801.356201 145.084808 -997.98999
v 808.465576 144.974518 -998.23999
v 802.949951 145.142426 -991.98999
v 796.168701 145.11087 -998.98999
v 796.309326 145.150146 -988.73999
v 798.168701 145.013885 -982.98999
v 790.949951 145.174011 -991.23999
v 699.512451 144.604309 -1006.73999
v 704.012451 144.588654 -1005.48999
v 935.637451 144.677155 -973.98999
v 988.012451 144.684692 -1008.23999
v 1005.57495 144.592865 -1009.48999
v 1013.6062 144.588837 -1006.48999
v 786.762451 144.846588 -1004.98999
v 799.074951 144.533356 -1009.98999
v 58.7624512 130.283478 -331.48999
v 63.6999512 130.150299 -323.48999
v 66.3874512 130.13089 -319.98999
v 70.5124512 130.131165 -314.23999
v 80.6062012 129.891998 -298.48999
v 92.2728653 129.659927 -279.823334
v 95.5258408 129.654388 -278.347137
v 98.5671387 129.774002 -280.98999
v 101.512451 129.937958 -285.98999
v 96.3061981 130.013947 -288.889984
v 96.0437012 130.046356 -292.48999
v 90.2937012 130.222565 -288.98999
v 87.6999512 129.712799 -284.98999
v 79.3874512 124.576256 95.5100098
v 68.9812012 124.532066 102.51001
v 48.4812012 124.416039 115.01001
v 37.0124512 124.260338 121.51001
v 34.6374512 123.899071 138.51001
v 28.6062012 123.918175 142.51001
v 45.5749512 122.511986 212.51001
v 125.231201 122.855614 185.76001
v 113.199951 122.34182 199.51001
v 68.8562012 122.895592 215.01001
v 115.106201 124.059227 181.51001
v 119.481201 123.37606 181.51001
v 124.574951 123.953636 178.01001
v 130.824951 124.531532 173.76001
v 135.653076 125.164513 171.26001
v 97.1999512 123.583809 195.310013
v 74.8405762 122.546684 214.26001
v 77.2937012 123.087578 208.76001
v 79.6062012 122.708092 211.01001
v 80.1843262 123.189354 205.76001
v 85.0124512 122.895531 206.26001
v 85.7103653 123.287865 202.343338
v 89.345787 123.05764 202.51001
v 87.4812012 123.531639 200.01001
v 92.3327637 123.442131 199.01001
v 92.4499512 123.830772 196.01001
v 100.460365 123.875328 191.343338
v 103.731201 123.640221 190.01001
v 129.324951 123.141502 182.51001
v 37.4812012 124.728966 104.01001
v 40.6062012 124.607872 110.01001
v 29.8249512 124.093895 127.01001
v 83.4812012 122.068748 216.51001
v 405.043701 134.30191 -503.98999
v 409.012451 133.710907 -502.48999
v 424.731201 133.336578 -496.98999
v 418.449951 133.450165 -506.48999
v 482.481201 131.908783 -318.48999
v 484.481201 132.014862 -323.98999
v 492.481201 132.139069 -327.98999
v 489.856201 132.156769 -331.48999
v 504.168701 132.394592 -343.98999
v 507.949951 132.510651 -349.98999
v 511.121826 132.628601 -356.23999
v 520.356201 132.676361 -352.98999
v 516.824951 132.7565 -360.98999
v 529.897888 133.009232 -370.98999
v 527.324951 132.814545 -357.98999
v 535.809326 132.943024 -366.23999
v 539.512451 132.986633 -368.48999
v 538.137451 132.941864 -357.98999
v 543.731201 133.001251 -359.48999
v 542.793701 132.983063 -353.23999
v 546.668701 132.986603 -355.98999
v 538.793701 132.879852 -350.48999
v 542.074951 132.894684 -345.23999
v 535.012451 132.720673 -342.48999
v 547.012451 133.04129 -348.98999
v 548.981201 133.025177 -341.98999
v 546.887451 132.924286 -335.98999
v 552.574951 133.086029 -339.48999
v 544.074951 132.702667 -327.48999
v 550.512451 132.897919 -332.98999
v 555.496826 132.922119 -329.73999
v 563.731201 132.9617 -320.48999
v 567.074951 132.940155 -322.98999
v 555.981201 132.934418 -318.98999
v 565.324951 132.848114 -314.48999
v 568.496826 132.801788 -310.73999
v 574.606201 132.754303 -309.48999
v 577.074951 132.575287 -304.98999
v 571.074951 132.63681 -300.48999
v 550.481201 132.756439 -312.48999
v 301.106201 135.075775 -582.48999
v 426.543701 138.293365 -747.48999
v 349.439545 130.627945 -302.156647
v 348.418701 130.874664 -304.98999
v 347.621826 131.103912 -313.73999
v 348.377045 131.255661 -319.98999
v 399.231201 134.211945 -498.98999
v 400.449951 134.432648 -504.48999
v 402.356201 134.411774 -510.48999
v 414.106201 135.098114 -546.98999
v 435.793701 135.912781 -589.98999
v 448.189545 136.154449 -607.823303
v 450.606201 136.235931 -611.98999
v 459.981201 136.449982 -622.48999
v 51.0749512 130.794952 -354.48999
v 51.6999512 131.115326 -361.48999
v 47.6999512 131.107147 -366.48999
v 42.1687012 131.106476 -369.98999
v 39.6999512 131.266998 -377.48999
v 36.3249512 131.297821 -381.98999
v 30.7937012 130.99527 -383.48999
v 24.8718262 131.246582 -394.98999
v 23.8562012 131.413788 -398.48999
v 17.2312012 131.390594 -404.98999
v 14.4603682 131.297394 -409.823334
v 8.51245117 131.301849 -416.23999
v 6.23120117 131.301941 -419.98999
v 3.68432617 131.357025 -427.73999
v -9.37036133 131.648132 -446.98999
v 125.934326 132.57605 -443.23999
v 107.028076 131.886749 -421.48999
v 84.7624512 131.773712 -425.98999
v 57.1374512 131.539276 -400.98999
v 37.5437012 131.349457 -392.98999
v 31.1687012 131.298431 -400.48999
v 17.8249512 131.900787 -454.48999
v 13.2312012 131.651337 -446.98999
v -4.61254883 131.503571 -442.48999
v -10.9562988 131.736481 -450.98999
v 153.449951 132.337372 -427.48999
v 152.137451 132.434845 -445.48999
v 106.637451 131.608002 -387.98999
v 113.668701 131.641449 -388.48999
v 110.637451 131.71933 -395.48999
v 130.340576 132.289703 -431.23999
v 136.418701 132.364105 -435.48999
v 121.387451 132.059265 -422.98999
v 117.481201 131.977509 -418.48999
v 109.449951 132.012604 -407.48999
v 105.887451 132.013947 -402.98999
v 90.5280762 131.350037 -373.48999
v 57.1687012 130.972443 -349.48999
v 26.4187012 131.147003 -390.98999
v -4.73754883 131.440216 -437.98999
v 34.3562012 131.553833 -428.98999
v 38.2312012 131.550934 -424.98999
v 40.8562012 131.528656 -420.98999
v 67.5124512 131.836334 -402.48999
v 73.4812012 131.904083 -407.98999
v 72.2937012 131.902618 -397.98999
v 78.4812012 131.999847 -402.48999
v 77.0437012 131.691925 -392.48999
v 83.2312012 131.843414 -397.48999
v 91.3249512 131.648895 -417.48999
v 117.684326 132.730988 -451.48999
v 121.871826 132.728149 -447.98999
v 793.293701 143.918732 -938.48999
v 810.465576 144.020508 -953.23999
v 817.512451 144.098297 -951.48999
v 828.418701 144.235687 -948.98999
v 833.112427 144.107864 -946.589966
v 842.731201 143.855377 -941.98999
v 805.199951 143.974396 -951.48999
v 928.887451 140.89389 -870.98999
v 924.293701 144.078705 -920.48999
v 928.074951 144.508942 -946.48999
v 977.699951 144.620697 -927.98999
v 972.199951 144.649261 -929.48999
v 967.481201 144.702667 -942.48999
v 969.543701 144.704132 -948.98999
v 950.981201 144.608185 -940.48999
v 946.293701 144.668549 -948.98999
v 929.449951 144.58725 -952.48999
v 931.418701 144.632965 -958.48999
v 972.106201 144.745148 -959.48999
v 995.668701 144.802948 -932.98999
v 996.127014 144.879776 -921.656677
v 999.887451 144.83371 -923.98999
v 1004.7937 144.808075 -920.98999
v 1018.4812 144.698212 -917.98999
v 1019.6687 144.648285 -924.48999
v 919.137451 144.328461 -936.48999
v 936.731201 144.401154 -919.48999
v 938.637451 144.248444 -914.98999
v 937.262451 143.726959 -907.48999
v 874.418701 141.170013 -874.98999
v 802.606201 140.99649 -808.98999
v 807.262451 141.201172 -814.98999
v 810.231201 141.263092 -817.98999
v 825.512451 141.392426 -818.48999
v 836.543701 141.683624 -814.98999
v 845.262451 141.404724 -806.98999
v 854.387451 141.241791 -800.98999
v 858.387451 141.10965 -799.48999
v 863.746826 141.041534 -795.73999
v 876.699951 140.837921 -868.48999
v 898.074951 144.454254 -928.98999
v 880.106201 142.519196 -907.48999
v 796.231201 141.078278 -819.98999
v 783.418701 141.418304 -832.98999
v 772.371826 141.363312 -840.73999
v 779.137451 141.683258 -841.98999
v 789.793701 141.984528 -837.98999
v 789.418701 142.262665 -842.48999
v 783.543701 142.367523 -852.48999
v 773.856201 142.146515 -856.98999
v 767.606201 141.802216 -857.48999
v 759.731201 142.05069 -868.48999
v 763.231201 142.589874 -874.48999
v 779.074951 142.902283 -889.48999
v 781.184326 142.941681 -893.98999
v 778.856201 143.088043 -899.98999
v 781.043701 143.459747 -905.48999
v 786.293701 143.613495 -921.98999
v 787.793701 143.70694 -926.48999
v 793.168701 143.884674 -927.48999
v 830.262451 143.569031 -923.98999
v 834.637451 143.503693 -925.98999
v 847.137451 144.077484 -927.98999
v 846.590576 143.217316 -915.48999
v 862.064514 143.347443 -912.48999
v 862.387451 142.49942 -884.48999
v 858.746826 143.037842 -895.98999
v 856.231201 143.348663 -891.48999
v 856.793701 143.482025 -886.98999
v 851.606201 143.414886 -890.98999
v 849.856201 143.378387 -899.48999
v 844.137451 143.408508 -894.48999
v 836.809326 143.328674 -899.23999
v 821.668701 143.567047 -911.48999
v 817.637451 143.310822 -891.98999
v 820.949951 142.959381 -882.98999
v 824.903076 143.000671 -876.98999
v 837.668701 142.833405 -870.98999
v 845.918701 142.731293 -871.98999
v 846.793701 142.71347 -867.48999
v 850.887451 142.627228 -876.48999
v 854.981201 142.48233 -870.48999
v 856.606201 142.421417 -865.48999
v 860.934326 141.931396 -852.73999
v 857.106201 141.97525 -852.48999
v 860.699951 141.821808 -847.23999
v 858.637451 141.853058 -844.48999
v 856.168701 141.475311 -813.98999
v 845.918701 141.817963 -819.98999
v 838.606201 142.032318 -822.98999
v 833.512451 142.021454 -825.98999
v 839.481201 142.283691 -833.73999
v 843.668701 142.242218 -836.98999
v 835.418701 142.543549 -843.48999
v 825.960388 142.191208 -832.323303
v 866.574951 141.271515 -818.48999
v 866.074951 141.404083 -831.98999
v 865.668701 141.206207 -841.48999
v 866.074951 141.072601 -845.48999
v 869.668701 140.936005 -858.48999
v 779.434326 143.357635 -917.98999
v 773.574951 143.173798 -905.48999
v 763.637451 142.706512 -885.48999
v 777.981201 143.303864 -914.98999
v 816.668701 142.821442 -856.48999
v 665.356201 140.264801 -803.48999
v 683.168701 140.320831 -806.98999
v 689.418701 140.381012 -806.48999
v 696.668701 140.568207 -807.48999
v 702.699951 140.561188 -807.48999
v 707.449951 140.484894 -807.98999
v 721.356201 140.605988 -809.98999
v 742.887451 140.611908 -807.98999
v 752.543701 141.477692 -830.98999
v 738.918701 141.748932 -828.98999
v 726.793701 141.728729 -827.98999
v 717.168701 140.878693 -817.98999
v 668.887451 140.956451 -815.98999
v 726.949951 140.776337 -809.98999
v 196.043701 132.040192 -391.98999
v 234.137451 131.630402 -362.98999
v 195.793701 132.387604 -408.48999
v 168.231201 138.331573 -835.48999
v 175.199951 138.205109 -836.98999
v 182.106201 138.313324 -841.48999
v 197.074951 138.409149 -846.98999
v 209.793701 138.546173 -848.48999
v 218.949951 138.685822 -850.98999
v 253.106201 138.816315 -857.98999
v 282.543701 139.14444 -865.98999
v 282.699951 139.378815 -877.48999
v 275.481201 139.096893 -870.98999
v 278.199951 139.714386 -890.48999
v 257.293701 138.949249 -870.98999
v 251.481201 138.852142 -866.98999
v 232.481201 138.72049 -868.48999
v 220.574951 138.59079 -863.48999
v 213.512451 138.852081 -864.23999
v 205.231201 138.809113 -858.48999
v 201.012451 138.664459 -857.48999
v 193.262451 138.404999 -854.48999
v 185.887451 138.432526 -851.98999
v 146.543701 137.902069 -839.98999
v 133.887451 138.073395 -836.98999
v 126.449951 137.978119 -835.48999
v 118.887451 137.595856 -832.48999
v 91.7312012 137.435272 -824.98999
v 84.4343262 137.66037 -823.48999
v 80.5593262 137.693787 -823.23999
v 158.199951 136.320831 -729.98999
v 154.981201 136.334991 -725.98999
v 176.762451 136.424286 -706.98999
v 180.043701 136.542206 -709.48999
v 176.199951 136.438202 -710.98999
v -130.425049 135.059967 -736.98999
v -136.425049 135.19632 -767.48999
v -132.081299 135.228973 -761.98999
v 200.668701 123.289146 595.51001
v 277.231201 123.294518 613.51001
v 283.699951 123.189415 615.01001
v 295.231201 123.236687 614.01001
v 301.043701 123.413048 619.01001
v 222.981201 123.055443 601.01001
v 302.991608 123.523926 612.343323
v 203.637451 123.4291 585.51001
v 345.668701 123.715538 643.01001
v 352.074951 124.046104 643.01001
v 368.887451 123.959496 639.51001
v 193.043701 123.092613 611.01001
v 436.387451 123.064842 706.51001
v 512.168701 123.499229 675.01001
v 353.824951 123.847862 648.01001
v 240.512451 123.313072 586.51001
v -124.550049 120.568932 450.01001
v -115.987549 120.65786 460.01001
v -138.112549 120.909355 446.51001
v -137.112549 121.020164 443.51001
v -88.9562988 120.099327 400.51001
v -149.237549 119.585289 461.01001
v -98.5500488 119.393883 416.01001
v -103.815674 119.418419 421.51001
v -107.190674 119.325371 425.51001
v -121.018799 119.410301 439.51001
v -123.747963 120.018051 444.843353
v -57.3469238 122.121727 507.51001
v -72.2219238 121.036858 501.26001
v -75.4875488 120.894859 499.01001
v -93.7219238 120.289787 484.26001
v -94.9250488 120.119469 479.51001
v -142.893799 120.770775 450.51001
v -120.956299 120.869957 456.51001
v -102.018799 120.260826 487.51001
v -112.581299 120.601952 464.01001
v 562.231201 143.606598 -999.48999
v 846.824951 135.007538 -321.48999
v 852.293701 135.177521 -324.98999
v 858.981201 135.747833 -329.48999
v 835.418701 137.066071 -516.98999
v 830.981201 136.93222 -513.98999
v 824.637451 136.937286 -504.98999
v 833.699951 136.697784 -490.98999
v 812.481201 134.774261 -333.98999
v 817.012451 135.193756 -362.48999
v 774.606201 132.17334 -218.48999
v 769.715576 133.64978 -227.23999
v 767.918701 133.618073 -232.48999
v 763.059326 135.564362 -412.73999
v 744.856201 135.91925 -389.23999
v 741.965576 135.675018 -386.23999
v 717.606201 134.604645 -354.98999
v 673.449951 132.401398 -224.98999
v 690.168701 132.981171 -247.48999
v 674.762451 132.658112 -239.98999
v 668.012451 132.542023 -252.48999
v 658.824951 132.756195 -266.98999
v 648.418701 132.87326 -279.98999
v 671.668701 133.321075 -295.48999
v 681.543701 133.250824 -279.98999
v 687.887451 133.182953 -267.48999
v 696.981201 133.167999 -252.98999
v 709.012451 132.911346 -227.98999
v 713.887451 133.236359 -230.98999
v 714.387451 133.203461 -250.98999
v 718.512451 133.336517 -255.48999
v 723.949951 133.40799 -257.98999
v 728.012451 133.463776 -259.98999
v 750.762451 133.841904 -244.656662
v 749.262451 133.452576 -240.48999
v 754.449951 132.086273 -218.48999
v 757.731201 130.904449 -210.48999
v 785.731201 131.86026 -118.48999
v 791.356201 132.046783 -124.48999
v 802.543701 132.119843 -138.98999
v 810.199951 132.373505 -147.48999
v -20.2479649 131.824753 -463.48999
v -24.1750488 131.830444 -466.73999
v 12.9187012 131.94754 -490.48999
v 66.6374512 132.465851 -492.98999
v 71.6687012 132.326691 -489.98999
v 64.4499512 132.218597 -485.48999
v 58.7624512 132.125641 -482.98999
v 72.5437012 132.148529 -483.98999
v 78.3874512 132.218658 -483.48999
v 81.5749512 132.249664 -480.98999
v 83.3249512 132.196198 -472.73999
v 88.3562012 132.365723 -473.48999
v 89.4812012 132.343597 -468.98999
v 93.8874512 132.384247 -463.98999
v 79.8874512 132.062103 -462.48999
v -33.9562988 131.96347 -495.48999
v -15.8625488 131.885712 -481.48999
v -16.9562988 131.977875 -497.98999
v -11.3312988 132.144073 -510.98999
v 21.4812012 132.047638 -502.98999
v 35.2937012 132.264374 -510.98999
v 65.2937012 132.559113 -499.98999
v 82.1062012 132.421173 -486.48999
v 131.481201 132.541412 -462.48999
v 54.5124512 132.087982 -479.48999
v 96.0437012 132.507843 -491.98999
v -1.42504883 132.118439 -512.48999
v -10.3000488 132.094757 -503.48999
v 953.449951 134.895477 -312.98999
v -317.425049 125.020409 -9.48999023
v -542.956299 117.934959 975.51001
v -272.612549 118.776756 801.51001
v 530.293701 142.474518 -950.98999
v 561.887451 128.412933 30.0100098
v 802.387451 143.871552 -943.98999
v 875.293701 141.83548 -890.48999
v 848.043701 143.417328 -893.98999
v 770.074951 143.006378 -898.48999
v 752.231201 132.868011 -231.98999
v 95.6062012 132.497894 -469.98999
v 289.074951 127.151451 174.01001
v 159.418701 120.229698 191.01001
v 95.6062012 121.598778 290.01001
v 402.043701 129.703705 186.51001
v 72.3249512 119.822411 270.01001
v -219.112549 126.160851 -128.98999
v -370.987549 117.626854 851.01001
v -383.331299 116.965294 949.01001
v -325.862549 117.693748 898.01001
v -296.331299 118.342003 861.01001
v 53.5437012 122.081871 371.01001
v 777.543701 145.089447 -996.48999
v 685.426331 136.965881 -655.53656
v -551.636047 134.7453 -906.997986
v 506.248108 128.429642 68.7598114
v -558.916931 123.519463 65.8344269
v -942.881409 124.557022 -288.025177
v -441.081573 123.821892 27.1706161
v -123.327576 124.900665 69.013031
v -639.113647 137.845169 -939.105591
v -931.478577 130.992584 -842.974854
v -507.531616 127.785973 -437.567566
v -550.71637 135.342316 -955.73645
v -324.646179 126.626991 -146.332993
v -867.605469 115.421669 729.270203
v -693.559998 124.042427 -139.67662
v -527.38678 119.449814 427.510712
v -333.04718 131.241501 -529.742249
v 807.881531 123.415039 944.497437
v 490.604828 127.453743 47.2902832
v 559.707031 134.642258 -534.303223
v 492.163208 131.636383 -242.801727
v 759.138611 137.250854 -554.04187
v 0.0194233432 122.843605 433.237183
v 226.355194 124.649109 308.85144
v -430.82074 122.5317 202.457581
v 915.172363 126.679688 737.248657
v 843.187012 125.818771 946.633911
v -709.730713 130.84668 -801.847229
v -694.407166 113.952385 978.706177
v 516.517212 121.226944 904.361023
v -454.44516 128.49823 -364.846405
v -419.372742 123.386803 137.920197
v 896.867188 133.220459 -756.109375
v -547.733948 128.842209 -555.954346
v -469.571106 125.787918 -146.750244
v 536.011169 126.263847 188.198944
v 829.274658 139.248764 -590.74823
v -626.411133 120.77401 249.9142
v -514.513428 126.996025 -340.342987
v -552.448486 126.55883 -339.108887
v -603.922058 121.818443 127.811653
v -740.647766 124.243851 -190.354294
v 843.127686 138.162384 -582.895081
v -39.1994858 125.336823 41.6966324
v -885.781738 124.003807 -188.14769
v 833.670776 125.323181 616.131592
v -576.605957 127.260223 -445.798553
v 573.129822 135.4823 -561.874512
v -916.895813 131.401901 -903.743469
v -874.469727 132.483658 -961.9104
v 553.678223 126.487236 169.986786
v -652.679016 123.901863 -49.8259087
v -945.760315 124.628929 -306.72168
v -563.84906 135.450958 -984.942383
v -551.813843 135.037384 -925.497681
v -747.862793 133.942307 -1008.7381
v -922.794983 124.630875 -330.86615
v 321.684784 119.700981 959.1698
v -819.430786 113.842804 894.415771
v -108.290062 125.551849 1.45055628
v -809.694763 113.009766 939.524109
v 698.306152 126.866417 387.796204
v 547.8479 135.606903 -590.885254
v 554.750549 124.26886 677.734375
v -910.160583 125.922523 -472.957336
v 701.898254 129.04274 -118.954033
v -180.12001 128.976379 -324.14801
v -69.9580002 125.323776 11.1533642
v -336.966461 125.269943 -85.9508972
v -278.825562 118.078896 864.79425
v 574.950317 133.9263 -426.420471
v -507.777191 124.194954 -16.1806526
v 125.688446 123.854515 261.514801
v -79.1948166 124.976425 26.0279865
v -658.757324 124.728195 -220.834503
v 162.998093 123.774734 210.777634
v -647.961975 127.021446 -460.456818
v -505.016235 125.804062 -219.240372
v -795.709595 115.198051 841.751587
v 564.537231 137.585846 -664.389771
v -833.132507 132.869705 -833.998291
v 501.329407 121.135635 898.302124
v -830.971924 122.443604 -27.1214447
v 934.121399 140.762405 -793.410095
v -940.677795 126.832077 -536.782227
v -739.44519 124.090637 -174.837738
v -902.792786 123.964935 -229.794708
v -955.389648 123.005936 -93.5913315
v -501.229523 123.587959 83.2910919
v -784.411072 125.475471 -360.585388
v -275.857483 128.91922 -353.459717
v 402.503906 120.665886 913.588257
v 566.90564 126.343628 227.309067
v -387.486328 117.49144 843.266296
v -94.3494263 119.020149 854.9823
v -339.899323 133.915771 -815.285828
v 485.157898 126.72126 165.986496
v 808.832397 125.702232 607.906006
v 641.512817 128.332001 89.9849396
v -120.538429 130.015533 -368.617188
v -841.4021 132.771896 -975.772156
v -502.19577 135.993851 -979.585388
v -588.422852 121.102119 254.27478
v -877.509827 124.270576 -242.417175
v -821.500549 125.002975 -326.358795
v 143.69075 118.850418 972.348145
v -650.505066 123.735764 -104.337395
v -777.234863 127.439072 -557.088257
v -534.870911 121.23381 230.570862
v -900.24408 126.081657 -481.629059
v 687.077698 122.999634 867.265625
v -894.719116 125.81189 -453.741547
v -558.756409 135.266006 -966.172607
v -629.773193 125.967293 -355.006439
v 525.688965 126.274086 197.457611
v -844.030518 124.915344 -225.529266
v -546.329529 125.452629 -238.425568
v -658.61731 131.711044 -794.375366
v -133.853226 125.65094 -24.6390438
v -954.552979 126.256462 -477.142242
v -255.646027 125.650177 -103.215256
v -799.269531 111.698662 965.698792
v -214.924622 118.99305 813.229736
v -156.501877 125.660408 -41.2711487
v -885.906921 127.365562 -602.023499
v -604.184509 127.053238 -444.395844
v -551.810913 118.993668 525.213074
v -24.9093266 121.295265 345.906219
v -863.592834 123.082146 -75.0000687
v -726.087646 133.236343 -933.982422
v -365.157471 126.231178 -122.497383
v -430.757874 116.713188 925.766235
v -467.129517 127.783501 -368.341431
v -567.805115 134.926514 -932.386902
v -693.073792 128.194931 -572.667603
v 788.718384 136.37674 -469.473694
v 185.74559 126.30188 123.309547
v -746.994568 126.002892 -389.722168
v 615.99646 125.945351 408.033905
v -672.645508 124.973465 -278.021637
v -617.287048 124.068039 -50.1663132
v 719.46582 135.261749 -483.095764
v 678.068848 124.124985 980.453064
v 324.563477 126.456604 110.171303
v -674.251099 126.62709 -439.432556
v -461.28479 124.443558 -46.7455826
v -835.395142 126.97657 -548.72821
v -280.160339 127.745621 -229.593506
v -794.650146 128.158585 -630.197571
v -879.791565 126.729012 -528.077942
v -690.028809 123.959114 -93.94487
v -541.515808 120.293732 303.801514
v -551.466248 135.203629 -938.666199
v -590.92688 133.881943 -889.566833
v 654.100098 126.121078 399.026642
v -487.191559 120.634491 355.415802
v -724.163208 123.911339 -135.961182
v -666.3255 128.36499 -578.474548
v 98.6110153 121.747963 315.520325
v -377.841736 129.853592 -529.907654
v 407.333557 127.857452 -287.618652
v 543.797058 127.018982 -466.929565
v 608.456604 135.486923 -577.199829
v 36.8388519 122.605843 477.989899
v -781.235657 122.014313 -49.9653282
v -701.95343 126.716522 -468.355408
v -145.167252 125.070885 30.013607
v 790.966064 124.328842 983.82135
v 557.189392 133.874146 -521.390991
v -396.949799 117.891983 803.989685
v -652.391174 113.599106 816.483704
v 298.634918 125.499382 556.044617
v -117.684654 125.767693 -27.990551
v -168.944275 125.046318 20.9688778
v -923.776611 114.480721 874.934814
v -867.718872 127.600342 -611.183533
v 639.572815 125.972679 413.073456
v -432.273895 123.003365 135.278152
v -365.760223 117.999016 789.026733
v 500.049896 126.781723 -420.03833
v -3.19951844 122.432663 503.613464
v -667.18689 129.590179 -660.097168
v -492.189178 120.526939 422.046936
v -662.738342 124.538712 -192.319992
v -893.042908 125.520966 -418.451752
v -696.469299 123.854675 -82.4526138
v -806.633057 126.725014 -505.365173
v -738.5047 133.669281 -979.376648
v 778.124268 128.110886 457.924591
v 960.649109 124.608994 688.011475
v -666.408813 126.547684 -428.411102
v -851.188599 124.139046 -167.616898
v -653.547485 123.762924 -36.6805534
v -184.384277 128.050903 -273.832794
v -715.180237 124.010963 -152.712036
v 701.652039 135.267548 -461.213226
v -313.355408 127.448463 -183.105209
v -575.749023 127.495552 -461.002777
v -672.082153 116.67804 596.928223
v -808.169067 124.82943 -299.724915
v -784.769409 125.34964 -346.750427
v -177.605545 119.366341 822.197083
v -809.156494 121.955414 5.43762064
v -898.598511 130.61525 -826.59082
v -829.443787 124.890533 -233.019745
v -942.429077 114.485161 943.636108
v -959.151123 128.678772 -662.754944
v 556.575073 121.991745 976.913513
v 800.248718 124.051575 879.812988
v 1020.24048 127.589203 755.59314
v -443.048676 117.401512 845.175354
v -739.476562 112.122414 917.604126
v -413.959808 128.053268 -300.636902
v -885.923767 122.185333 15.5976038
v -674.243286 125.278885 -308.993988
v 486.859467 134.692047 -544.257019
v -648.220154 132.075974 -821.617249
v 252.40004 121.939201 168.11174
v 795.98877 125.839355 573.210327
v -82.0865021 124.8545 51.2518654
v 810.025146 136.100861 -630.977234
v -766.82019 121.826828 -33.8282394
v 116.641731 124.124603 436.499146
v 810.509399 125.857758 579.327393
v -896.374512 126.542099 -503.946503
v -480.185486 117.443573 871.269775
v 520.135071 126.668289 131.76944
v -958.928711 130.095169 -757.25116
v -165.904083 129.066467 -320.660767
v -514.30249 127.157471 -369.771759
v -852.932495 124.721733 -341.28299
v 32.9496193 122.293297 507.187714
v -259.879761 127.423698 -221.742447
v -530.83606 127.019913 -362.385986
v -71.9597931 125.668159 -5.75123119
v 805.164429 138.22821 -552.336609
v -952.868713 123.497597 -167.465149
v -833.268616 125.888771 -428.464935
v -617.637939 125.901527 -345.270355
v -432.249573 117.753296 902.136414
v 464.81311 132.124252 -468.027283
v 194.551987 124.361824 201.307648
v 584.737122 134.786133 -539.729736
v -644.500305 125.556343 -315.848297
v -768.174988 121.937134 2.03300261
v 36.8857727 119.686813 864.527405
v -584.070618 121.893761 135.320541
v -461.289154 123.754547 36.4177322
v -692.618103 125.834946 -352.301758
v -260.998077 127.264549 -208.61673
v 598.536255 127.433006 127.734406
v -919.735168 125.289154 -395.611267
v -283.377869 128.799988 -342.622162
v -793.658142 122.688408 -92.9832611
v -570.298584 125.304474 -232.495346
v -334.387848 117.861908 886.676636
v -656.949768 135.333801 -1010.90527
v -565.15863 127.929848 -484.887207
v -720.357666 122.497849 1.23080266
v -954.344543 131.447861 -852.944458
v -444.911896 122.837524 131.55928
v -733.88739 124.866257 -280.279907
v -832.899292 128.689713 -689.383118
v -507.440369 124.050629 2.34424996
v 863.196472 139.525223 -606.227112
v -851.777039 128.056274 -645.577942
v 645.117126 125.785042 444.085571
v 798.941956 126.22097 506.595093
v -638.525085 133.2883 -895.170288
v -794.457947 127.727554 -598.914917
v -881.00293 125.483482 -404.646606
v -233.811981 127.784683 -268.587219
v -253.5056 125.096786 -48.3053703
v -749.063354 123.67952 -114.363174
v -846.8255 128.445251 -671.314209
v -118.875916 125.261833 35.5383415
v -927.824402 126.710403 -539.67218
v 259.66394 124.632347 213.750275
v -100.508247 125.673889 -9.17897892
v -186.506042 129.953186 -463.587616
v -705.662598 124.902435 -280.925446
v 482.717743 121.069572 912.952271
v -940.561829 123.664841 -116.199104
v 70.2905884 121.957466 501.46106
v 80.5650864 120.947037 243.455154
v -96.4847946 125.056923 30.0455055
v -621.081787 125.605301 -319.803192
v 32.6937866 126.165718 38.5447693
v -345.994171 125.931267 -112.955231
v -641.798706 124.78878 -218.113159
v -102.400154 125.270668 13.2322655
v -781.767212 124.48436 -171.048767
v -861.452637 132.324295 -952.925842
v 662.898071 128.504211 93.800148
v -801.644958 123.385735 -124.378975
v 770.862549 137.567459 -548.03833
v -150.757248 124.726151 53.2987404
v -708.230957 129.20372 -659.919922
v -869.001709 124.747803 -325.075684
v -119.282784 130.235489 -381.729614
v -536.530945 127.583115 -447.993195
v -793.717651 114.873566 793.255737
v -638.896179 133.576309 -908.336304
v -179.483444 129.920029 -411.549316
v -941.132446 127.501717 -600.85022
v -880.028442 128.183029 -673.360657
v -562.732422 128.426422 -524.9151
v -23.6700134 118.61113 897.015259
v -386.965332 117.189308 900.989441
v -964.004639 131.005432 -805.708557
v -587.795837 123.714272 26.8794613
v -402.456451 127.23336 -218.494492
v 495.979523 133.992523 -533.330933
v 669.275574 128.191467 106.570732
v 451.975983 130.960434 -488.487793
v -506.515289 124.591331 -69.6190948
v -564.543762 129.117523 -585.882812
v -666.438965 129.348419 -646.913696
v 103.589455 121.874413 510.407379
v 878.856873 139.614731 -820.491638
v -243.272232 119.108849 841.41333
v 511.167938 132.052017 -289.412994
v -854.987 131.935364 -811.799316
v -776.595398 126.012428 -410.229797
v -265.303833 129.130051 -369.593506
v -934.639099 124.481903 -271.679626
v -615.509399 112.359329 851.458496
v -629.460815 127.412682 -488.745239
v -261.326874 124.207047 3.42010736
v -709.815186 124.585617 -249.325363
v -326.685364 125.549789 -95.3876114
v -530.932373 124.076721 20.9447517
v -437.003906 126.622475 -225.320267
v -775.205566 124.49437 -222.95816
v 280.495789 124.556023 568.221497
v -425.348755 123.43383 65.5328445
v -580.924988 126.490349 -374.953583
v 894.871948 140.783691 -886.109253
v 964.754089 127.657249 732.307739
v -615.704224 127.307808 -471.673279
v -550.842712 124.190132 -27.0549316
v -603.10321 120.935135 257.447754
v 723.2771 130.193344 -71.6035614
v -448.677246 124.224731 -29.4381256
v 640.544067 125.397224 590.425476
v -731.231445 126.98349 -479.093201
v 879.405762 140.136261 -787.421387
v -642.606445 124.599251 -187.250153
v -459.928436 124.2883 -22.5241795
v -760.105286 125.94796 -391.012695
v -237.437286 129.304932 -382.032379
v -693.884521 124.847786 -272.941284
v 679.746338 129.844513 -567.307617
v -806.982361 132.618637 -957.266968
v 762.691895 125.594582 587.683228
v 302.141113 125.583618 568.963501
v -603.235352 139.239243 -973.813843
v -555.637207 119.340317 422.644196
v -891.409973 126.781296 -535.674194
v -929.44635 124.571358 -318.973236
v -876.741272 127.340706 -593.113098
v 777.337219 126.88324 482.306702
v -878.201111 113.335686 958.296753
v 855.047913 139.249023 -616.603882
v -678.914551 122.360229 44.6604958
v -930.014099 127.684845 -616.240601
v -632.390198 124.284294 -148.444427
v -881.699036 127.935898 -657.707886
v -581.581116 134.68013 -928.755371
v -562.207031 134.218094 -882.078613
v -630.112915 125.704002 -329.394348
v -655.747864 128.176727 -561.072693
v -884.134338 116.278946 888.493347
v -354.376556 127.049019 -183.440262
v -407.576721 116.735954 956.767883
v -436.735718 117.08329 862.895508
v -695.16626 131.07103 -803.779358
v -913.838989 125.80481 -454.749054
v 815.2948 127.273483 481.825714
v 327.384613 126.375549 97.3026733
v -648.66571 121.19046 159.398331
v 180.452576 122.985573 161.455811
v 797.57666 136.32312 -496.076965
v -24.9227734 119.367508 358.967957
v -667.433105 126.314903 -406.411438
v -506.51239 126.572838 -324.736664
v -628.095154 129.327942 -626.110474
v -773.18335 133.223831 -768.012329
v -161.778687 124.592834 63.1352386
v 756.577209 126.745331 484.423828
v 744.986206 126.025429 502.106476
v 25.3808594 120.418457 385.606598
v -581.280212 134.177277 -898.534363
v 27.9766235 119.480263 878.447632
v 403.347351 126.634834 84.0625839
v -900.096313 112.989609 978.425171
v -547.722656 122.254646 141.181976
v 198.078964 119.110657 983.685181
v -796.451538 123.906693 -136.475281
v -604.797607 128.079865 -519.346741
v -539.586609 118.796867 501.311401
v -355.772858 128.139267 -257.211151
v -566.356934 126.183151 -313.463318
v -641.246216 129.447266 -638.031616
v 761.965332 127.372391 461.993835
v -754.18457 125.763878 -371.316742
v -171.915359 119.786011 851.931763
v 711.365417 127.033012 389.526031
v -695.967651 113.021255 873.617737
v -549.748352 124.76236 -121.267532
v -713.684631 131.853912 -853.425415
v -105.572708 125.96666 -38.45541
v -917.578491 123.121223 -81.9775543
v -249.96257 128.018646 -276.3302
v 701.274902 135.972748 -503.722168
v 569.603271 125.677826 675.204773
v 220.624863 122.002327 168.413193
v -691.828308 132.152222 -704.814941
v 688.710083 134.924805 -426.731415
v -43.1156883 118.573059 873.80304
v 867.761353 132.502151 -744.490234
v -883.72876 133.172806 -1007.27094
v -672.358582 132.907898 -891.309448
v -450.670044 123.973717 11.0897055
v -750.428223 112.386635 902.830505
v -744.451416 133.330276 -967.625671
v -584.677612 120.991333 266.904968
v -617.070129 128.892563 -589.703918
v -661.24408 125.253914 -306.85437
v -454.871155 123.199844 92.686615
v -476.74472 126.754791 -299.183685
v 744.795776 126.846077 478.527649
v -515.16095 120.473434 422.677246
v -201.147034 124.860962 4.18896675
v -325.463654 125.144379 -79.5298386
v -493.83847 123.843544 49.3250542
v -715.952148 125.740509 -357.176453
v -966.755127 126.409256 -472.177612
v -437.394226 126.237091 -152.580475
v 318.370087 126.239693 534.38739
v -789.008484 128.804367 -675.465942
v -231.892471 129.389969 -358.917023
v 522.405273 132.658585 -349.907196
v -956.432068 123.252357 -109.709656
v 819.707458 140.147476 -754.069214
v -261.003784 129.249924 -382.049011
v 611.993652 130.516846 -549.230835
v -712.842468 123.737961 -97.4437027
v -109.980072 120.901123 411.313019
v -101.209465 125.832184 -23.0508614
v -497.096436 123.319771 95.9665604
v -883.200317 126.532364 -503.934113
v -855.199646 125.683426 -409.577698
v 829.890747 138.682144 -577.145935
v -876.381714 128.86557 -701.719055
v 834.433411 139.426498 -602.885132
v 813.048767 130.448334 -653.585815
v -812.557251 123.736801 -137.295029
v 710.470642 128.938293 -603.293213
v -701.736023 126.012817 -368.742645
v -344.609924 130.444824 -488.634369
v 515.029236 126.389496 143.911957
v -760.038208 125.472176 -347.466858
v -696.712646 133.775467 -960.373901
v 870.089355 132.803802 -221.47554
v -341.022614 127.99469 -246.656372
v -126.964104 130.54808 -394.457214
v 731.869324 137.422165 -546.464539
v -837.979736 122.270599 -4.32890844
v 785.222839 136.441055 -613.26062
v 534.554016 134.58754 -557.169861
v 499.990387 134.76796 -558.410767
v -767.936401 134.423309 -808.632812
v -580.863037 128.258179 -521.095154
v -863.656982 128.127884 -663.851196
v -549.655212 121.216644 237.646545
v -426.275818 117.285362 849.195618
v -617.738281 121.11245 226.808273
v -578.366516 127.030731 -428.646057
v -869.521606 126.774818 -536.329407
v -539.390198 126.808525 -346.530762
v -804.484741 114.004845 881.98877
v 257.966248 125.944374 138.380615
v -797.930115 126.158432 -452.379486
v -645.665527 124.140335 -155.463913
v -488.588531 126.587425 -293.41687
v -657.260681 126.02433 -374.411194
v -496.451569 120.655846 317.031677
v -776.867249 129.393524 -723.022217
v -844.284912 125.330116 -352.644867
v -760.038025 129.76973 -733.065491
v 527.757141 121.417374 876.61792
v 569.692078 133.591537 -525.642944
v 461.245422 133.372604 -533.209717
v -30.4796257 126.383896 31.8680744
v 864.210205 125.428131 622.918823
v -656.833679 135.341324 -908.244019
v -680.236389 126.497581 -427.697205
v -767.677856 124.188461 -163.436447
v 448.629913 128.39357 -150.534531
v -448.47113 121.836807 235.541107
v -507.848541 124.012871 23.266468
v -434.228607 123.415184 42.0335426
v -864.96582 124.715912 -286.645386
v -218.514313 128.942474 -323.28009
v -677.629517 132.213013 -856.789307
v -970.881409 123.395042 -188.117279
v -875.56604 112.183884 983.311401
v -942.307495 126.236938 -487.989502
v -433.489227 123.207405 119.314384
v 814.717041 137.088135 -536.291565
v -960.099731 130.636688 -784.691833
v -171.706818 125.693039 -56.771286
v -631.613403 125.214867 -282.191315
v -946.735107 132.476013 -927.23291
v -910.832581 114.605286 877.6297
v -192.14679 128.819626 -318.772827
v -578.179871 129.784332 -620.979614
v -815.6698 128.320206 -649.313171
v 750.484741 136.81871 -527.980286
v -508.293152 120.613792 274.935303
v 719.9104 129.281082 131.736008
v -858.679321 111.980804 980.152222
v -601.057495 127.944283 -506.715271
v -578.290161 127.838676 -485.976318
v 18.8630638 121.257515 272.49939
v -970.928284 114.520187 840.975098
v 657.924072 123.286957 963.771973
v -943.029785 127.617714 -614.203979
v -652.270386 132.225296 -839.252808
v -500.012421 120.485703 352.388702
v -855.541443 122.678986 -36.6529121
v -645.010132 122.488266 75.2885361
v -913.628357 126.483528 -504.83902
v 684.437805 126.247925 469.140259
v -840.853577 123.150993 -100.858826
v -412.421082 124.657295 -49.2566261
v -741.026733 125.831665 -371.970154
v -179.073669 124.791992 35.6864433
v -844.998108 124.841034 -309.755646
v 656.074097 125.973618 451.397888
v -517.382141 129.09787 -518.95697
v 706.205811 126.378181 456.284241
v -458.648499 125.730598 -120.633698
v -121.704605 125.334206 17.1028862
v -532.401917 128.392914 -502.571899
v 698.483765 134.333099 -562.992554
v -486.621094 121.374939 191.785828
v -850.875671 123.777557 -149.09465
v -369.702148 124.871277 -72.1174393
v -463.858887 131.040237 -629.84668
v -490.817841 127.888084 -408.873108
v -614.751221 124.843307 -222.260315
v 820.910034 136.578918 -484.210571
v -969.331909 115.681549 654.28009
v 386.156403 120.553032 920.698364
v 928.593384 124.444916 668.401978
v 723.495239 124.742462 975.071899
v -712.9151 123.832802 -129.102219
v -916.238037 132.368637 -954.009644
v 730.536072 135.865097 -578.936462
v -607.609253 133.25885 -846.010193
v -173.37854 129.264618 -335.974304
v 547.797607 137.47998 -658.214111
v 475.915253 133.49115 -519.969299
v 933.775269 141.260437 -780.161987
v -862.404419 124.80706 -304.59964
v -953.831421 114.006523 937.051941
v 1022.73291 130.419037 307.647095
v 304.015289 124.14637 803.40741
v 606.255615 127.113754 225.68959
v -579.435242 126.070518 -320.072388
v -199.977051 129.782898 -450.253113
v 676.799316 136.194092 -645.414795
v -856.230469 124.428825 -328.319092
v -874.181152 115.002724 861.242188
v 564.066589 124.236855 687.060425
v -490.711243 120.738701 342.538116
v 144.373993 119.509911 924.640503
v -706.937988 131.857239 -759.667542
v -760.638184 133.274078 -781.120422
v -677.685303 123.553505 -78.3373032
v 174.17363 125.750778 150.144974
v 559.649597 124.460754 663.273682
v -735.971924 123.620918 -112.888191
v 724.459106 130.32666 -177.92131
v -598.81427 133.246552 -855.819885
v -341.371094 118.405815 837.484314
v -970.787781 130.654831 -794.419373
v -447.85614 123.385826 63.1324196
v 741.670654 127.580048 436.963318
v -652.772766 125.68692 -341.25
v -462.580048 121.255402 279.993958
v -654.260681 126.348633 -406.622742
v 681.841492 126.487862 395.043549
v 822.291016 126.816101 518.484619
v -632.247375 124.49527 -135.010162
v -644.658264 117.511063 683.132629
v -572.922668 134.998108 -944.917664
v 515.511719 133.764191 -507.939209
v -899.269897 132.274811 -956.214355
v 593.049438 126.461739 243.092163
v -734.938354 122.40181 -20.7574272
v -807.950623 122.643929 -73.5924683
v -723.795898 130.534714 -786.930603
v 577.741211 124.865707 629.621399
v -610.166382 127.524483 -483.625122
v -451.449799 126.563148 -248.686661
v -721.806763 133.467987 -961.370972
v 81.0424957 122.946602 470.60434
v -934.815063 123.464554 -170.247574
v 796.669861 136.382538 -511.118225
v -872.440613 124.366531 -257.031555
v -155.870682 130.518784 -454.69812
v 740.334412 127.010796 466.132751
v -929.770569 124.525887 -303.937164
v 588.933472 122.547729 985.703613
v -68.8367386 118.673965 871.956604
v -544.409973 124.012787 -6.9935627
v 703.683716 130.015961 -30.4571953
v -408.102356 127.38768 -267.129028
v -384.625854 118.060974 799.197937
v -214.491226 129.392624 -393.772583
v -760.403503 115.992157 804.160339
v 51.4872093 122.562691 384.46936
v -532.558228 123.808807 64.3243256
v -405.758209 127.187248 -235.910187
v 875.049255 140.129028 -807.347778
v -565.462646 124.948792 -155.770584
v -651.148926 128.791687 -602.581543
v -840.689697 113.651344 926.167236
v -704.321533 123.022141 -44.2260666
v -572.084961 125.915016 -292.66925
v -23.8858929 125.54493 65.5511475
v -611.402588 121.237373 215.258179
v 856.513733 138.151505 -581.258423
v -542.480347 124.390511 -47.829174
v -807.712036 113.527641 926.50946
v -767.493408 132.377991 -920.796326
v 769.271606 126.627197 492.720215
v -578.899414 126.63707 -393.549805
v -640.02533 124.255539 -168.119064
v -515.437683 120.432457 296.028259
v -201.7854 129.646942 -365.726471
v -867.039124 122.770065 -43.0836601
v 866.80188 124.792976 661.098938
v -315.572083 118.270103 833.72052
v -475.352448 127.025871 -320.461731
v -588.905701 118.899956 445.903381
v 809.72998 126.414497 495.686554
v -561.132996 121.206055 244.340057
v -755.117249 122.126266 -18.3207607
v -453.01413 125.996407 -148.371216
v -149.048615 129.288757 -324.145416
v -532.608459 124.09935 -1.138556
v -607.702881 124.960983 -239.513367
v -926.260315 130.62854 -805.038086
v -763.905273 115.075516 879.085999
v -962.252808 113.869347 918.604553
v -483.437347 121.607697 252.091827
v -611.751038 120.990082 246.798996
v 269.204803 124.417168 145.153641
v -179.91098 129.771576 -448.128235
v -336.171936 126.814766 -160.362122
v -918.489075 126.649544 -517.285217
v 105.047005 120.341888 224.129578
v -711.268433 124.459023 -236.232162
v -910.794373 124.512314 -317.751831
v -610.218994 122.052505 104.412804
v 4.26848841 122.331406 514.466125
v -873.308838 115.497536 788.146179
v -341.959015 118.162491 798.465454
v -611.586548 134.205551 -928.102722
v -600.605469 126.745163 -417.250702
v 627.141113 127.57177 235.435242
v -786.99939 133.255554 -772.771179
v -175.339569 129.980301 -371.443329
v -710.620178 124.699326 -262.474457
v -773.762085 126.983192 -516.67334
v -701.191833 134.527039 -992.52301
v 79.2159805 118.347443 965.27002
v -158.991684 130.179779 -370.143585
v -88.2386932 125.086288 16.4488163
v -830.264526 132.167404 -915.24884
v 501.168579 140.403976 -824.580078
v 272.095917 139.445969 -884.879517
v 405.80719 120.433411 942.992065
v -824.325623 126.522202 -497.855774
v -876.084473 122.215065 33.3327637
v -224.216904 130.629959 -453.280304
v -795.921143 126.127243 -430.84613
v -815.963379 122.382507 -39.0451126
v -448.368103 121.92646 262.333313
v -166.624359 130.408463 -432.237946
v -813.911987 132.487152 -945.841797
v 799.467224 124.208359 855.505798
v -544.894287 127.336891 -434.524963
v -859.272095 124.437088 -256.650543
v -454.390564 117.358902 870.500244
v -970.200562 123.278236 -129.066223
v 898.831299 124.916756 656.127075
v -227.208771 129.251709 -390.335571
v -581.89325 121.823051 150.378189
v -212.00293 119.406754 840.688049
v -844.694092 115.700493 745.687195
v -775.141479 124.664177 -195.985077
v -573.738586 135.050201 -958.066772
v -344.054352 127.717155 -224.222046
v 781.7547 136.223709 -458.290344
v -854.295044 122.811195 -50.0008049
v 872.761902 124.52433 676.930176
v -567.248901 123.191048 83.2804413
v -936.776489 122.53299 -46.7124519
v -493.799011 125.089874 -105.211182
v -697.687866 116.644096 635.969604
v -404.937836 116.830772 943.861023
v 759.395508 135.062042 -616.866211
v -726.514832 124.56131 -252.511566
v -756.547485 133.541977 -995.342468
v 680.897095 135.107391 -437.33728
v -717.165161 118.026329 755.232666
v -461.431854 121.681984 233.179596
v 672.637085 127.80352 641.474792
v 942.071045 125.080482 645.109375
v -72.9821167 126.010941 -24.4931068
v 147.051132 118.845253 985.086792
v 678.441772 126.065475 487.5784
v -813.571838 127.854195 -612.798462
v -618.606445 113.78331 802.58252
v -187.468674 129.79068 -401.071716
v -572.438171 134.47673 -908.747498
v -658.854553 125.091507 -287.654236
v 8.41192818 122.029175 532.330444
v -9.03939342 126.047508 45.1026001
v -651.919739 125.028305 -269.349152
v -729.901672 122.579597 -36.4487495
v -836.183105 132.033325 -903.473755
v -830.58313 113.840942 909.188843
v -531.259644 125.695656 -265.084198
v -509.676453 128.393951 -474.729248
v -637.501282 132.744568 -858.32605
v -958.000671 123.45018 -181.119339
v -366.627319 117.676155 853.364807
v 821.101746 126.145988 559.561951
v -418.798584 123.978928 -24.6101971
v 798.802734 136.697449 -526.408447
v -633.803711 125.820076 -342.040436
v -519.777161 127.481819 -427.014526
v 38.5073547 121.65535 538.689636
v -911.221619 122.289375 -25.4901333
v 538.521667 130.85289 -482.660828
v -289.888184 127.662392 -220.709702
v -188.812332 124.732048 44.559082
v -627.355164 124.801659 -218.426071
v 618.984558 126.102928 696.170959
v 69.4908676 118.577354 953.38208
v -728.281006 113.83326 964.833862
v -939.677063 131.425049 -869.239014
v -539.843567 127.044876 -379.822357
v -689.090576 126.014793 -364.993652
v -312.426056 118.035538 880.35321
v -533.742859 119.232674 451.947693
v -602.400391 112.495026 850.149292
v -546.998108 125.496826 -261.694
v -924.457947 131.819214 -920.3797
v -651.725769 126.243134 -393.695129
v -747.610901 133.391647 -914.686462
v 770.147522 136.595444 -496.116821
v -202.346832 129.136353 -334.858337
v -277.219177 124.875847 -39.6695709
v -524.80072 127.883354 -458.798798
v -644.74585 125.147713 -283.255768
v -760.397156 123.96817 -151.974136
v -860.464233 123.853432 -158.128647
v -544.709351 119.74614 396.484192
v -145.414398 129.875824 -351.626038
v -516.371033 116.351685 974.818726
v -622.294312 124.430565 -126.375748
v -274.141602 129.22113 -381.06604
v -872.390442 113.962479 930.179321
v -823.621033 114.251785 881.600952
v -595.203979 126.088348 -353.101074
v 779.829224 138.284882 -557.670654
v -462.926514 117.310684 859.277588
v 883.045227 126.078018 602.675171
v -400.769806 128.054077 -300.456024
v -971.53418 126.100029 -452.966614
v -683.700317 136.048477 -960.60376
v -419.172058 124.884232 -74.65242
v 709.232483 123.022217 825.054138
v -183.810272 129.975479 -381.533661
v 82.6442642 118.253014 952.548096
v -764.776917 125.589165 -362.71347
v -880.568909 127.529587 -614.087219
v 581.929504 124.96563 691.411255
v -198.915176 125.566177 -65.7490845
v -929.333435 132.458298 -943.518677
v -590.241699 121.905739 123.680893
v -766.886719 134.608719 -882.861572
v 60.8116646 120.959663 542.341309
v -680.407104 124.070816 -104.704521
v 570.775146 124.155205 698.391296
v -767.80896 125.736679 -377.586731
v -464.448853 122.060265 186.565979
v 642.549316 128.756149 656.73291
v -649.227539 132.981949 -885.151978
v -900.294739 131.159805 -893.287781
v -553.362854 127.416229 -445.066345
v -794.496338 113.777939 919.560181
v -579.368164 123.679848 37.9883003
v -344.861328 117.27858 915.15863
v -662.330688 122.301079 49.8239937
v 453.738068 130.726593 -460.990295
v -289.002655 132.454285 -615.764404
v 635.043579 125.664528 428.703918
v 675.696167 126.243294 412.15271
v -361.583893 126.555931 -135.173538
v -820.39679 132.270508 -934.320068
v -324.006805 128.742767 -306.733948
v -235.015991 127.117378 -198.894455
v 459.157837 128.602081 -142.616333
v -515.88739 128.768097 -496.192566
v -527.428955 127.20153 -388.653503
v -491.987152 120.767815 329.425934
v -85.0573273 125.622643 -4.32012892
v -700.365784 125.684967 -341.647675
v -711.329102 131.804214 -724.445801
v -449.27887 124.263184 -14.7686348
v -38.9444809 126.464272 -0.596120656
v -781.200134 129.065857 -693.257812
v -803.756531 124.924263 -212.546341
v 866.003845 138.89772 -653.44574
v 972.829102 125.620338 683.035522
v 734.816406 130.076965 -623.380493
v -241.40625 127.21772 -211.200134
v 991.977844 130.248779 310.516541
v 15.6006489 126.619858 29.8296795
v -958.955383 129.961929 -743.832886
v -452.973511 122.928581 142.373566
v -729.698608 126.770386 -460.932251
v 810.009521 126.144753 513.747925
v -944.768066 123.278107 -103.15657
v -425.775208 127.997658 -319.051941
v -835.412964 133.04982 -873.112366
v 791.004211 123.170479 937.511414
v -802.425171 128.719849 -676.288757
v -579.836304 125.962891 -306.904755
v -471.242432 121.69561 257.075562
v -235.630051 124.919243 -28.1779575
v 782.674744 127.271912 470.265259
v 623.118103 129.170349 657.226074
v -475.389862 121.065262 283.066071
v -582.74115 122.577194 102.410919
v -886.358276 131.363205 -900.693787
v -801.112915 122.415802 -58.5617561
v -835.462036 122.977005 -80.6913223
v -544.392883 119.238731 444.193115
v 318.83783 126.891342 547.544189
v 813.117249 126.395744 537.093201
v -369.100922 117.69133 840.424622
v -687.063232 123.178696 -40.2497635
v -479.290466 126.045624 -222.364594
v -546.079651 126.567558 -322.738739
v 650.625854 123.173241 983.954834
v 462.696625 128.084396 -129.92897
v 629.967285 127.356262 178.645081
v -887.105286 132.157089 -948.266968
v 820.023743 138.332504 -603.540894
v -414.831909 126.923302 -201.002533
v -96.0610428 119.70594 407.019562
v 445.690704 132.765778 -501.669495
v -605.945923 134.411652 -943.042969
v -16.4113274 118.784019 886.020325
v -261.614532 127.0858 -195.455673
v -602.650146 123.837532 -9.24219608
v -547.88446 128.356461 -509.313904
v -461.280609 121.216118 345.578278
v -474.0466 136.27887 -991.946411
v 711.253723 135.252518 -452.124023
v -364.724548 130.295776 -477.903687
v -190.770401 124.909813 12.8882236
v 267.604797 121.821655 176.720688
v -799.34906 125.978355 -412.405029
v -914.245667 124.626404 -302.166748
v 803.712708 125.373276 632.63916
v -533.234863 127.221489 -413.919647
v -717.679932 126.532372 -436.876038
v -357.122131 127.269867 -196.323669
v -828.788208 124.640778 -261.912781
v -792.454468 121.218185 23.1126842
v -531.199463 122.96801 112.909958
v -502.895996 120.500168 300.061371
v 523.321655 126.123268 163.588821
v -501.336029 126.254501 -268.317566
v -795.284546 133.448029 -981.61084
v -145.117966 125.523315 -17.8091297
v 574.774841 128.141815 661.302368
v -512.488281 135.068481 -915.976562
v 145.01944 120.477089 196.674698
v -727.696472 124.10421 -192.764145
v 749.557861 127.712326 447.515533
v -788.564148 132.753479 -958.49469
v 738.829285 135.17775 -447.115601
v -793.560364 124.714027 -279.103882
v -531.888367 127.426727 -432.427826
v -441.320251 126.798599 -264.039154
v 596.41687 126.800613 216.933105
v -602.905457 124.05748 -33.9198341
v -589.677307 127.035492 -435.400848
v 131.236038 118.987228 965.956238
v -871.319885 124.453621 -204.409424
v -721.904663 131.311325 -828.674194
v -612.997437 126.729988 -421.722717
v -818.733643 132.792572 -963.223816
v -698.825012 125.055695 -292.185364
v -479.250366 126.96228 -333.046295
v -179.633713 129.821716 -434.957092
v -393.358521 117.088921 912.508179
v -524.836304 119.222794 466.119171
v 718.169373 135.259933 -463.337311
v 605.340515 130.162323 18.5873795
v -685.990967 124.811661 -262.393768
v 592.243469 127.823669 100.379486
v 667.818359 128.71701 58.5473785
v 168.335175 118.884071 979.343079
v 655.440552 131.46196 -0.185328647
v 751.259644 125.85672 567.988586
v -718.444336 125.654854 -344.240265
v 488.644958 132.378098 -481.837463
v 558.583984 127.088417 105.045547
v 712.31189 132.137939 -590.047424
v -444.747467 121.575928 326.917725
v -553.715149 124.661842 -82.3282394
v 777.980591 136.560928 -506.877014
v 809.194031 144.409683 -1010.45477
v -895.350464 123.591599 -121.005676
v -295.566589 124.927193 -42.4497299
v 702.798401 135.264816 -490.002625
v -954.388733 131.158386 -827.358826
v -809.073242 132.807907 -878.106445
v -203.787811 129.55101 -385.151886
v 909.333069 136.605621 -837.649475
v 891.18103 136.002838 -837.525574
v 673.809937 127.957993 628.315918
v 678.218506 132.650711 -548.909851
v 390.363831 126.154282 81.857666
v -577.636047 124.05159 11.3648596
v -965.798157 123.466492 -164.938004
v -760.356628 125.35305 -334.297028
v 647.969238 128.093338 135.822357
v -206.481445 124.28791 40.8286514
v -666.116699 126.176567 -388.047882
v -237.619553 118.763123 828.99884
v -473.15332 127.793228 -380.058411
v -859.924927 125.467941 -390.925049
v -510.531189 127.931595 -454.703766
v -796.989319 133.02652 -764.177246
v -393.689941 117.235535 880.873291
v -622.041138 113.328445 816.886292
v -598.363159 121.113335 245.15712
v -516.306702 122.96891 117.753418
v -547.651428 119.121452 457.243805
v -724.684448 123.473358 -91.6766434
v -615.376526 133.045258 -818.682983
v -628.382324 122.413612 74.5486603
v -519.196777 119.438774 440.479309
v -408.853607 127.735207 -288.49588
v -516.607117 125.86837 -248.59433
v -901.185181 131.31601 -907.309631
v 120.152863 121.907112 482.627869
v 145.328537 123.342873 174.62236
v -572.466248 119.08033 440.876038
v -804.649841 122.196136 -19.1654835
v -436.486267 126.316292 -167.08522
v -538.009644 119.114822 466.221283
v 653.551025 125.922577 426.603455
v 663.526367 135.245331 -462.930176
v -734.081665 123.020844 -69.2125015
v -506.263794 125.498093 -184.177429
v -735.066223 122.589668 -48.568428
v -541.152039 119.37603 420.877167
v -970.308044 129.821411 -750.618286
v -685.364075 131.0224 -786.344482
v -501.185699 122.6922 129.879013
v -673.009338 124.901817 -264.636139
v -750.348999 124.299217 -218.38118
v 83.8030472 121.084183 523.48053
v -178.573883 125.053261 6.30214691
v 90.9229507 122.138626 209.801102
v -769.623962 132.946823 -958.588806
v -711.844666 126.285767 -407.04892
v 846.869629 139.279099 -595.488647
v -416.230011 126.963615 -218.263763
v -617.368896 133.531265 -889.967529
v 494.912201 121.17421 881.925049
v -741.679565 124.997581 -290.901886
v -468.431824 122.823364 142.656876
v -679.030518 117.798203 695.850952
v -133.599625 125.18364 23.7098999
v -693.368286 129.481705 -672.956299
v -872.965454 123.321037 -130.57016
v -695.577148 131.977875 -851.78125
v 185.089905 118.859589 985.874451
v -742.106628 130.913284 -804.813721
v -799.268738 113.676712 894.126099
v 51.8041229 122.328094 512.32959
v -551.43866 136.215469 -995.52771
v -590.94165 128.627121 -555.285339
v -944.340088 123.83728 -224.605865
v -788.234314 124.784363 -197.441666
v -753.841431 133.799835 -799.423401
v -931.41272 123.508842 -183.080475
v -475.333344 124.499397 -48.2287636
v 505.301453 132.110748 -310.622772
v 828.721802 126.11869 571.312622
v -894.152649 126.680023 -516.952759
v 503.568451 127.461617 129.652267
v -956 124.632553 -286.819244
v 874.078064 126.767761 572.826904
v -888.21698 128.811981 -695.932251
v -25.8416729 126.35025 0.779674351
v 674.477356 128.781601 73.4723587
v -785.124634 123.594902 -124.998787
v 714.312683 135.256439 -496.404816
v -202.794205 124.948273 -9.83546829
v -511.89325 127.35627 -398.414551
v -819.692139 133.271957 -1005.50922
v -397.984314 116.973 927.397644
v -483.410828 136.124451 -982.680908
v -374.847412 125.679863 -100.070633
v -416.309998 127.1091 -248.336624
v -743.140259 132.20607 -790.202271
v -520.673218 119.395538 453.59549
v -659.683533 124.226082 -159.82373
v -53.453804 124.951981 85.0023193
v -313.101044 131.580963 -571.324463
v -168.100952 130.055923 -459.572876
v 167.691437 119.1343 966.180481
v -475.52771 116.673347 961.828613
v -248.338333 124.318542 1.21906483
v -860.130554 127.850838 -634.242065
v -967.077271 122.533554 -74.6689758
v -801.951233 112.119507 952.80719
v -574.899048 122.121597 121.789284
v -520.212952 127.095055 -351.34079
v -648.571655 125.256256 -298.509735
v -497.74295 128.554932 -450.51944
v -516.81073 125.24736 -147.136856
v -674.077881 131.62674 -819.54303
v -790.628174 124.743385 -213.630722
v -740.510315 128.099411 -592.191101
v -712.835938 130.585342 -771.411133
v -618.040527 133.896133 -908.915649
v -745.110962 126.729172 -474.169342
v -449.715393 125.094696 -85.1170349
v -469.432007 117.190475 950.152344
v -482.659058 116.443001 950.750977
v -217.035522 127.983704 -279.19635
v -176.072678 128.725784 -308.550262
v 45.8616104 125.944328 38.9015694
v -620.778809 124.876945 -241.11734
v -909.524719 132.464767 -965.344666
v 853.581177 127.647896 516.297119
v -504.687836 119.418701 527.18457
v -875.565063 125.732742 -420.39975
v -650.173584 136.191635 -992.899536
v -777.919189 133.161713 -982.364502
v -781.505127 128.074249 -626.430298
v -534.641235 123.568108 77.3306656
v -320.657776 128.173615 -275.849243
v -558.472351 125.552322 -268.166473
v 797.305603 123.414734 921.138245
v -622.365479 125.634949 -306.691406
v -870.602295 133.232224 -1008.39081
v 516.362793 133.412552 -535.748047
v 49.4423752 118.566032 940.710571
v 886.664307 127.430405 552.724609
v 909.101318 127.480164 575.89325
v -355.103943 117.625877 906.880066
v -447.230988 123.724075 39.9250717
v -558.570496 127.56974 -457.166565
v -778.112976 122.896309 -101.239014
v -859.903748 122.419746 -11.4466629
v -317.840027 126.14167 -117.806061
v 15.52911 119.397964 874.133179
v -679.049072 123.296616 -52.3242455
v -961.286194 127.084099 -549.767761
v -545.077148 127.03759 -391.912445
v -913.089539 131.222137 -890.149292
v -809.431091 113.801941 906.556641
v -724.510986 123.488228 -105.174644
v 676.921326 135.256622 -469.455566
v -539.216797 128.551407 -522.433411
v -471.901764 117.036697 884.903748
v -138.922897 130.334091 -378.71814
v -957.798218 122.02951 -22.2919426
v -939.876709 122.980057 -75.7756882
v 787.592773 139.90274 -752.456543
v 43.9582672 119.944283 291.922699
v -432.340607 117.6306 837.503845
v -581.602051 128.450317 -537.242493
v -568.289734 121.083076 263.91452
v -853.144165 125.47937 -379.415955
v 157.782135 136.082153 -708.993774
v 79.8978195 118.328201 986.993469
v -361.671936 130.308441 -550.327087
v 126.665817 119.174492 978.31427
v -221.00798 118.984764 824.915833
v -753.862061 124.366234 -188.017044
v -947.888428 126.574966 -513.30011
v 654.913635 126.321312 379.997681
v -258.560272 127.899933 -255.863953
v 822.682495 124.303398 927.701477
v -457.379395 135.900818 -971.225708
v -345.917969 118.054596 772.108154
v -795.507385 131.991699 -890.609863
v -172.338821 125.253792 -12.2755966
v -474.01651 121.724792 195.616409
v 465.123474 132.205383 -512.47345
v 559.402649 121.889381 884.259033
v -485.023193 117.209984 886.124329
v 902.08667 126.392586 805.497009
v -473.261566 126.68644 -272.702423
v 763.367065 132.71579 -178.828156
v -461.723175 122.761185 154.257858
v -566.837769 125.305511 -219.263855
v -519.52533 124.061722 14.3538857
v -474.483673 123.015495 99.2814484
v 733.63031 123.60463 821.265381
v -728.280823 125.919518 -382.240356
v -510.00116 123.391907 93.3163834
v -775.875671 127.765724 -597.805054
v -747.623535 123.261192 -95.2354126
v 733.845825 127.119896 452.872986
v -899.727783 123.534264 -169.335846
v -964.609741 125.433456 -429.249176
v 826.081177 126.59623 534.755981
v -580.998413 127.629356 -473.085175
v -960.885132 131.373001 -839.127808
v -725.172424 122.457413 13.4937305
v 154.844513 124.146355 434.11145
v -738.221191 127.250763 -520.569031
v 658.253967 127.883171 173.117371
v -723.821228 126.994476 -489.987152
v -700.828125 126.836403 -481.814423
v 846.224243 124.979462 653.2948
v -638.492493 121.164673 168.431091
v -963.715454 126.938232 -536.820251
v -699.254517 127.849701 -548.619263
v 790.841614 137.725723 -573.641907
v -520.51709 125.250412 -163.895035
v -868.337097 123.488045 -142.904297
v 903.417603 124.434776 676.060181
v -916.73822 122.115929 -13.5277224
v 481.65567 125.802696 602.085388
v -392.359894 116.886002 950.212158
v -786.278259 124.413788 -158.671066
v -944.271545 131.109314 -835.796753
v -821.049072 123.163452 -107.921997
v -947.101807 128.587967 -676.208374
v 59.9390068 118.982262 932.746948
v -312.016907 125.46788 -94.9982452
v 641.745178 126.283913 380.385559
v -805.780762 133.175415 -973.653198
v 143.106613 124.140511 255.532684
v -540.738342 124.047646 9.22818947
v 798.704102 133.10849 -181.846344
v -582.592773 123.422585 53.6563492
v -712.996765 124.106995 -197.134964
v -139.928253 130.48703 -392.113464
v 958.998596 126.217613 638.488892
v -818.977356 125.029724 -206.609436
v 859.250183 131.258774 -733.79303
v -881.346863 125.957565 -468.125732
v -696.395752 124.403259 -222.17337
v -736.463562 114.116089 843.909058
v 329.814514 119.769554 979.710388
v -914.88739 133.021729 -993.261108
v -802.830627 122.103645 -6.11760187
v -698.070068 122.995872 -31.3982124
v -938.376831 114.320862 866.309998
v 833.158203 125.206772 634.127319
v -231.182739 125.102112 -40.5774422
v 659.264221 126.009491 414.733459
v -574.224304 120.938766 275.675659
v -553.362549 126.097336 -296.499969
v -817.854858 126.001076 -457.963806
v -670.454041 125.118515 -293.900116
v 453.849152 130.180954 -447.819519
v -506.736389 123.917526 52.008213
v -592.919617 127.216507 -451.224854
v -444.505402 123.359215 100.816391
v 821.057068 126.730774 502.719086
v -797.807983 128.494461 -653.098022
v -787.259949 111.759071 959.876282
v -961.404297 114.679657 829.52356
v -529.460693 121.460609 215.171738
v -598.004883 124.932854 -177.048615
v -805.847656 126.237396 -465.386658
v -597.001526 125.242683 -261.625702
v -365.082703 125.285858 -91.2354736
v -296.782898 125.616806 -109.790901
v -545.797791 134.570908 -895.188477
v 802.253052 139.563583 -567.177551
v -791.780884 124.574692 -233.072906
v -439.8013 122.336861 192.820053
v -358.869934 125.042671 -79.6203003
v -243.590958 129.331924 -370.383484
v -789.054077 122.23793 -63.8659592
v -897.758728 124.734222 -291.151886
v -683.377686 125.062622 -291.320221
v -872.484253 122.377937 -15.952631
v -916.533264 126.061859 -484.576019
v -786.997925 125.617805 -377.357574
v -262.423279 125.678932 -114.512566
v -513.359558 127.38765 -415.509308
v -470.925598 123.882393 25.0281658
v -846.715393 112.632217 954.755615
v 233.457153 124.496315 193.657898
v -598.764282 113.754868 799.003906
v -700.026245 130.798141 -776.895691
v -772.764832 125.454399 -352.176056
v -331.658508 128.13092 -268.60022
v -364.802216 130.103149 -528.037231
v 667.755493 128.75647 -556.100708
v 877.194824 125.526474 620.691589
v -546.249084 120.550385 291.509216
v -781.595093 113.570389 912.007996
v -867.909546 125.590187 -406.100708
v 578.715576 140.582428 -816.711548
v -787.663696 122.059822 -21.0623245
v -428.735382 123.471107 105.148491
v -764.060791 124.998657 -296.582184
v 162.181107 119.560791 936.053101
v 69.5105286 119.586372 914.260742
v -268.595001 127.730606 -236.021881
v 55.158432 121.026443 554.878113
v -420.672791 123.907394 5.05848074
v -61.2987137 124.66526 59.9957848
v 855.768738 126.159729 588.847107
v -481.489746 121.708611 174.295486
v -625.639832 125.41256 -293.931702
v -140.030365 130.11409 -365.592377
v -907.725952 131.024414 -877.091187
v -913.227539 130.652054 -824.878845
v -847.1297 126.886772 -542.557129
v -887.920654 123.848633 -104.677567
v 814.821716 139.753387 -586.359009
v -432.102539 122.342384 238.524017
v 43.8402214 121.022064 561.62207
v -216.873108 127.36335 -236.082397
v 720.571472 126.474533 468.046509
v -571.915771 121.790398 161.187149
v -672.576904 125.593231 -335.740082
v -338.911774 124.99514 -71.0307007
v -286.946991 118.358101 847.732727
v -605.051514 133.385529 -830.902588
v -165.770508 124.679543 50.5806999
v -702.784119 127.706543 -535.92749
v -860.881836 122.459251 8.67976761
v -815.040039 122.512337 -52.1863022
v 522.204712 130.435593 -459.799347
v -774.907837 125.309067 -337.039734
v -728.608765 112.674873 910.176453
v 857.067566 124.323059 738.010986
v -441.22818 135.576126 -967.77063
v -734.968994 131.365616 -779.885315
v -925.795715 128.022781 -635.679565
v -848.685913 112.196594 967.774536
v -968.529541 122.82843 -104.510193
v -622.437927 126.164406 -372.787354
v -177.631287 125.324898 -24.345129
v 787.282837 136.654602 -590.416748
v -244.923553 129.254166 -356.984436
v -631.869812 129.743927 -647.813049
v 885.43689 138.840851 -600.493042
v -679.213989 127.195435 -497.400452
v -545.317688 124.15657 24.8424606
v 797.405396 126.271996 534.233582
v -827.286499 113.483078 926.707336
v -587.040405 121.682495 167.583847
v 801.300903 136.77829 -616.97583
v -560.814026 122.022667 149.658798
v -943.960449 122.160004 -26.1265545
v 779.053833 124.523346 827.089905
v -569.807617 126.693115 -382.019226
v -693.292175 116.661537 601.651917
v -544.351135 125.801125 -276.4534
v -279.486786 127.419594 -212.599014
v 573.494141 127.701988 85.8171463
v -591.721069 134.251022 -912.254395
v -205.828995 125.147957 -33.4642143
v -447.519257 121.641029 301.315002
v 595.409973 135.892792 -574.445251
v -729.507385 127.789253 -555.697266
v -678.771362 128.510498 -591.865112
v -343.620789 128.70108 -293.649353
v 691.20282 135.267181 -474.691681
v -835.683533 124.917419 -323.751007
v -592.179993 124.635963 -200.52124
v -627.01886 121.52034 159.482941
v -465.562775 122.215919 173.439835
v -525.133789 122.168159 162.06189
v -764.142944 126.509972 -443.024933
v 699.58374 131.904938 -579.804565
v -813.952698 114.471367 872.654846
v -599.931213 121.922874 112.64138
v -918.036011 123.766991 -208.739334
v 792.121216 137.852417 -549.486145
v -234.092606 129.204758 -342.684845
v -143.448944 125.272675 7.49175835
v 771.415283 135.012436 -622.270752
v -556.876343 121.613129 197.006165
v 65.4006348 118.393257 965.904785
v -247.995178 127.101021 -196.635941
v -890.775391 125.147652 -367.978821
v -288.041016 128.907608 -358.477844
v -962.682739 122.364784 -51.9859734
v -428.961578 126.720581 -214.886093
v -195.858826 129.509125 -413.46048
v -413.139313 123.880005 70.465332
v -423.03653 123.461128 35.0797043
v 825.572571 134.243073 -650.546143
v -776.027893 122.323212 -65.839798
v -865.836121 127.915543 -646.116394
v -129.792664 129.763077 -349.691467
v -802.15332 126.75174 -517.754639
v -793.182678 133.55545 -795.493225
v -788.09082 134.200241 -807.630127
v -300.117798 131.848984 -573.682251
v 340.273438 127.703232 140.368912
v -485.591858 126.600288 -277.341095
v -573.455627 119.189056 427.739441
v 1014.76892 127.448372 714.527832
v -861.591492 116.268417 902.648315
v -53.2895927 118.564934 886.130432
v -601.160034 124.887474 -190.880905
v -461.884552 122.926605 129.590607
v -566.248108 125.24955 -200.482483
v 631.756165 135.042496 -609.832764
v -552.022888 128.999069 -568.410034
v 567.943787 126.815361 144.20285
v 1003.06128 130.116058 317.637054
v -863.170288 112.540878 967.779663
v -386.322968 117.94101 812.261902
v -723.96167 127.373199 -515.336365
v -825.981812 125.855049 -416.925262
v 752.621948 136.355927 -514.987061
v -853.484314 132.75296 -900.66333
v -555.795227 124.750809 -96.9715805
v 787.513489 135.465607 -626.240295
v -571.645447 121.991913 139.804916
v -447.974335 126.101067 -160.64032
v -695.577026 116.827988 588.502319
v -710.089294 123.195549 -56.0695457
v 891.808655 136.520889 -824.299927
v -606.395874 121.660973 140.750626
v -478.784973 125.731842 -172.291138
v -219.301178 124.979889 -26.3499775
v -856.252014 129.199997 -730.90271
v 796.449402 124.120148 797.278748
v -522.012756 124.039734 31.8064175
v -864.133728 127.372017 -584.632996
v -461.358063 124.618889 -64.1219254
v 646.449707 127.621437 178.961472
v 639.460144 126.786423 678.023682
v 635.442993 135.118713 -465.531616
v -204.478287 124.65506 17.3758621
v -250.329056 124.945122 -35.5206909
v -538.992554 121.5923 204.504028
v 744.233582 130.509995 -87.7233047
v -415.64917 123.758446 -11.5493279
v -177.750443 130.185852 -473.428741
v 611.981018 128.620575 664.267334
v -560.182922 122.146545 133.312485
v -479.781128 123.983925 12.2463646
v -934.066101 124.806946 -341.608948
v -64.3482971 119.95575 379.315979
v -590.730591 129.241974 -606.247437
v -688.890869 125.273758 -308.60434
v 137.456223 123.847679 267.438019
v -608.656128 124.412384 -129.621048
v -730.383118 129.333328 -701.767212
v -970.52356 123.490959 -210.452469
v -572.086304 124.670616 -105.394096
v -132.744476 125.527275 -11.1528664
v -483.444122 124.302017 -22.1747398
v -840.686646 124.599525 -267.56842
v -93.5649567 119.26107 841.832336
v 667.261658 126.149734 400.513367
v 771.68573 136.437988 -588.058655
v 621.036926 128.267288 106.006081
v -966.840454 123.850662 -237.130814
v -595.926697 124.453918 -126.226471
v -851.916016 125.833366 -428.535431
v -302.400391 124.625984 -15.7738171
v -771.227173 112.541977 899.367554
v -420.827515 123.54084 115.685173
v 843.116638 138.066788 -622.079773
v -284.355072 118.422989 831.00824
v -474.032654 124.425285 -35.1191559
v 1008.75995 127.243355 749.139832
v -876.662231 128.424667 -686.094482
v -817.932129 113.663193 916.621216
v -858.49115 125.22438 -353.222595
v 911.199951 134.375717 -805.453674
v -527.616089 120.232407 316.03595
v 662.206787 129.233841 -540.623596
v -304.889771 125.007095 -51.757309
v -748.021851 124.632866 -260.660034
v 777.937927 123.071571 935.830078
v 299.50058 123.573921 788.11969
v -582.377563 120.523514 291.319061
v 662.932068 128.093475 118.117043
v 801.006653 125.711281 597.307861
v -970.826538 127.258736 -566.669556
v -630.58252 126.623322 -421.05014
v 473.466736 125.982361 591.757874
v -497.809082 120.872169 266.961212
v 708.207031 130.048447 -75.8376083
v 956.818481 128.662537 721.44397
v 788.746155 136.108002 -486.300659
v 582.738708 125.929245 675.255005
v 746.632263 136.408218 -590.958862
v 267.184448 125.265251 270.178345
v -706.316895 123.97052 -142.965195
v -794.357666 112.087883 941.863586
v 744.252136 130.841278 -179.248108
v -868.538025 124.663246 -339.809601
v 513.824097 135.305359 -590.773438
v -326.944366 131.502777 -573.813416
v -855.794434 126.03154 -463.66095
v -957.190002 124.696785 -313.272736
v -794.289124 129.371231 -722.917847
v -678.157776 116.48037 619.406982
v -44.7881927 124.956993 63.26511
v -533.193115 124.769646 -82.8982925
v 801.08844 137.110123 -539.373352
v -454.830017 122.813644 118.459534
v 767.787598 131.465515 -128.88121
v -909.625122 124.590454 -331.205017
v -815.177917 129.243652 -719.27356
v -896.321167 114.822853 883.641541
v 446.666626 129.082687 -425.657013
v -848.532288 127.068176 -555.655212
v 680.659424 128.969437 61.8396225
v -897.123962 128.497101 -669.97699
v -479.901276 122.303825 154.948914
v -561.745178 121.37278 231.181122
v -456.511292 123.919533 22.8980637
v -955.170837 123.99057 -243.243256
v -830.334167 128.168259 -642.847229
v -915.515503 125.196198 -383.131378
v -522.77533 127.282051 -405.910034
v -644.394897 123.861092 -89.8396606
v 106.995033 121.874519 297.224731
v -666.142517 123.640923 -49.6966553
v 710.963379 134.833786 -573.774292
v -797.759155 125.810898 -399.328094
v 547.951538 121.716095 893.07196
v 884.348206 140.88382 -878.182251
v -367.54129 130.339554 -455.534485
v 776.588562 137.038223 -575.838928
v -801.262207 124.867889 -193.963928
v -935.434631 125.541153 -429.450653
v 281.348572 125.628899 184.962341
v -464.972687 125.895409 -169.72168
v -643.036133 129.953186 -654.801697
v 528.205627 135.868774 -611.912842
v -774.200623 124.158508 -151.990417
v -806.615906 114.344131 790.620178
v 576.991516 136.000595 -578.603271
v -877.4729 127.111961 -573.586182
v -842.930603 114.012245 904.536682
v 463.89386 130.476379 -482.793549
v 597.160889 134.952545 -630.161499
v -829.686279 125.934853 -441.1427
v -599.540833 128.381683 -540.273315
v -639.461914 127.890289 -530.605225
v -891.048462 131.047791 -883.469299
v -895.082764 114.869049 869.180115
v -956.996094 125.028511 -374.301636
v -856.585205 132.276321 -841.356445
v -755.642822 128.464996 -656.637939
v -929.750793 124.534454 -290.043945
v -28.2155991 121.181747 462.550598
v -782.605225 128.728836 -663.953247
v 500.153351 126.543228 172.13739
v -774.151123 127.768677 -583.366333
v -913.699707 124.67173 -289.003967
v -810.093018 126.034508 -447.318909
v 843.890564 137.789383 -566.973145
v 785.350586 123.404541 891.050415
v 978.0448 129.876587 320.453491
v -634.429565 126.065765 -367.329803
v -631.96051 128.99501 -605.956177
v -549.726746 124.460899 -58.8312759
v 49.8960457 122.276543 371.392487
v -861.158569 125.826775 -437.923431
v 636.226318 127.640228 149.624191
v -932.67865 114.401146 901.2677
v -661.636475 117.815018 679.158081
v -926.844177 127.403313 -572.936584
v -301.708405 131.879379 -586.760193
v 425.551636 133.519745 -503.263794
v -580.210999 125.068489 -206.019211
v -811.754456 126.778976 -527.542664
v -841.080566 127.460815 -580.486267
v -621.683899 129.225769 -614.601868
v 855.440918 136.124969 -745.128052
v 661.906189 129.436157 633.775085
v -575.927795 125.085167 -184.192596
v 565.323608 135.815002 -572.483887
v 53.0649261 123.270439 410.007568
v -481.2789 124.100502 -0.841957688
v 793.398926 124.579605 810.088196
v 759.054749 136.353973 -567.193176
v -493.210175 116.298454 974.771667
v -499.548645 125.675728 -198.971481
v -416.903107 123.599724 20.6745491
v 871.856812 140.636215 -854.560486
v 124.008865 123.266212 238.474716
v -916.203979 125.614609 -429.623291
v -892.185059 115.197296 903.185608
v 603.617065 127.994553 -520.362488
v -913.339478 127.98291 -628.270691
v -357.768829 133.663422 -829.354126
v -747.638733 126.70475 -487.098969
v -970.196533 114.586472 702.228943
v -637.381592 124.060844 -103.209572
v 626.545044 134.855927 -434.475983
v 662.273743 126.028816 437.187622
v -774.342957 132.729813 -946.29071
v -649.528381 127.952782 -541.539307
v -823.050354 114.927536 769.498596
v 327.887421 127.759491 144.873138
v -434.507202 124.011169 4.67520952
v 786.561401 135.911102 -442.251007
v 1001.42267 127.01017 719.047241
v 1021.71472 127.62989 742.422974
v -789.853943 129.202652 -710.513611
v 528.743164 130.898499 -473.826477
v -853.651184 127.387268 -576.552124
v -784.69519 112.835915 928.341614
v -915.698853 126.918564 -551.850952
v -542.179138 121.466057 218.606781
v -855.424133 115.937447 734.279724
v -847.870544 129.127914 -720.694458
v -517.270935 123.995255 44.0975685
v -735.069702 128.03804 -580.19342
v -707.914734 130.467712 -703.341736
v 534.556702 126.216095 170.469254
v -599.925903 127.74369 -491.910217
v -567.223511 124.665672 -90.4182205
v -768.61084 128.636139 -654.315002
v 489.753204 126.896637 148.81871
v -486.539276 123.864594 36.7606812
v -548.843079 124.930862 -146.788208
v -836.353394 114.600319 885.861633
v -326.786743 131.486679 -560.640076
v 279.931549 125.395851 198.063187
v 415.272339 127.534531 -165.541931
v -619.473083 128.054062 -528.70459
v -652.434326 128.383621 -573.821777
v -325.290924 127.104698 -177.534698
v -438.398804 124.644379 -59.4799232
v 521.414734 133.73732 -484.50116
v 558.895874 127.689713 -485.694611
v -678.195923 129.341339 -652.857849
v -735.984131 129.227493 -689.837708
v -751.625488 127.234116 -528.712708
v 434.655029 129.481308 -384.446381
v 836.800476 124.32399 905.394653
v 812.948059 123.781013 770.319458
v -524.065186 121.610252 201.713501
v -519.248535 135.424332 -933.05896
v 42.5285149 122.293648 498.142639
v 333.397583 126.566933 126.969933
v 388.55423 126.604607 94.9050827
v -943.892639 114.489517 845.958801
v -701.509521 111.379486 923.288086
v -665.780151 128.590149 -594.478333
v 732.058594 123.183289 884.778625
v 643.686035 133.215485 -615.195435
v -720.19812 123.993797 -179.315689
v -487.887939 124.854965 -86.804245
v -887.111694 114.822174 858.691467
v -449.142853 124.387108 -51.8589745
v 34.7293777 120.985039 376.333618
v 894.170593 138.965378 -853.650024
v 967.568054 144.812393 -981.625488
v 850.002991 124.258453 749.131958
v -645.615173 129.181427 -625.605835
v -524.770386 126.884796 -331.932892
v 355.482635 120.150459 954.825684
v 572.191345 122.118797 922.429749
v -803.800537 128.297882 -640.356262
v -576.785522 125.00061 -162.505081
v 421.659485 128.592957 -368.02652
v -137.08812 130.646164 -405.347351
v 810.854492 133.027679 -176.752563
v 535.443481 126.634872 -450.432617
v 963.653442 129.535095 330.701843
v -352.622803 132.727936 -733.619507
v -960.763611 127.645706 -609.786255
v 476.996552 134.879013 -552.993591
v 784.161926 123.151993 920.28009
v 735.309998 131.761261 -168.87912
v -664.509949 131.58638 -809.526489
v 704.052368 128.930405 140.428833
v -714.221069 123.95359 -167.575485
v -839.601624 127.262756 -565.338562
v -420.228668 132.099472 -677.348206
v -843.233521 117.51442 853.701965
v -628.336731 127.637505 -503.613647
v -844.50415 132.944366 -883.417908
v -25.0322533 125.838982 82.7256317
v 699.04425 128.566391 -596.723633
v 837.105957 124.648827 773.738037
v 764.150146 123.333397 883.456116
v -657.17511 127.202644 -483.969421
v -786.460632 127.732529 -578.671875
v -513.779541 124.714851 -80.9510117
v 747.716187 125.815361 530.006226
v -561.782654 126.844872 -398.217682
v -592.924622 129.975739 -634.006226
v 518.273987 127.499611 -445.198914
v -589.072388 128.968246 -582.728271
v -761.949463 127.785942 -578.398621
v -568.435791 128.512604 -536.790649
v -432.423096 123.758499 18.1871758
v -367.042053 132.687393 -719.106567
v -538.527466 125.546585 -251.604202
v -639.942383 127.614014 -509.848175
v 955.498474 127.667435 745.284668
v -431.617859 116.634529 938.914001
v -741.694153 127.08847 -507.861633
v -36.8514099 120.647934 351.986084
v -914.870178 127.510384 -593.775024
v -320.335449 131.219727 -536.970398
v 473.0177 134.219543 -540.449463
v 564.651062 128.005035 76.0559082
v -852.993958 132.858032 -867.635925
v -926.368713 115.35511 939.952148
v 750.37915 130.056244 -646.933777
v 883.729736 125.134697 931.912354
v 735.636719 123.22995 900.668335
v -726.998169 129.090286 -667.413696
v 274.0336 119.231575 968.652405
v 270.613647 124.954002 229.826477
v 720.253601 129.246185 98.436554
v -758.262451 127.906593 -592.546448
v 524.307556 132.395493 -326.434906
v -720.303772 127.312012 -502.679657
v 578.177612 126.487724 220.491119
v 34.3083344 120.200882 306.74881
v -914.382751 114.613213 864.94281
v -764.404053 128.187729 -631.575684
v -928.003174 114.466408 853.342957
v 623.542725 139.959335 -806.367737
v 274.847412 119.372787 983.632324
v 868.47406 140.260208 -639.211914
v 45.40625 121.894577 356.335815
v -662.362915 127.630638 -524.307617
v 862.524841 140.96254 -785.09198
v -765.260803 132.382965 -903.461792
v 658.365967 132.407257 -512.862366
v 690.587769 124.252411 973.334595
v 8.9710741 119.746941 850.332642
v -825.867249 127.883705 -617.529358
v -961.41925 125.213661 -410.649811
v -798.903259 126.994431 -530.519958
v -815.331482 128.589615 -673.648438
v -962.151123 127.536522 -594.455994
v -697.070312 114.016579 963.705688
v -845.842224 128.299408 -658.177551
v -934.70343 128.142548 -645.385559
v -686.914368 127.814804 -543.965698
v 749.990784 127.612297 415.18573
v 901.716431 139.945312 -871.452271
v -782.847229 128.464142 -640.180481
v 488.188843 131.67215 -500.202423
v -861.715393 114.331123 746.181885
v -722.788635 128.226807 -586.033142
v 8.06221867 122.910278 422.540588
v 524.612549 127.792114 52.1166801
v -947.215576 125.015938 -365.475433
v -674.289185 127.679573 -530.572815
v -650.583435 127.347916 -495.900146
v 393.393127 130.346176 -319.629364
v -808.109802 128.505554 -661.432678
v 511.769226 134.945267 -577.765381
v -190.402649 125.171417 -21.1158543
v 966.424194 127.219475 759.010864
v 296.935883 119.590919 957.264893
v 280.979248 119.622551 954.026184
v 437.437286 130.595505 -402.563965
v -498.036743 130.784454 -614.601685
v -858.262695 127.578537 -600.32428
v -787.396606 127.583855 -565.531677
v 700.759705 122.796379 890.331665
v -562.200195 131.889877 -677.388489
v -844.161377 132.859573 -845.704224
v -889.436768 124.742561 -309.483063
v 519.071167 132.257767 -314.346832
v 632.381226 127.925415 137.02565
v -654.281311 127.481522 -508.543976
v 416.795471 120.683311 929.507568
v 488.903442 133.839935 -522.203491
v 565.781738 136.60527 -611.436768
v 824.664246 124.778778 942.412476
v -950.855225 114.311127 862.085205
v -826.326782 127.161263 -561.742249
v 958.97522 144.782089 -991.611572
v -949.031677 128.394775 -647.205933
v -732.241211 113.67543 979.090759
v 621.686646 130.711731 -558.15625
v 328.337158 119.894569 939.188721
v -197.087677 124.626488 31.5979481
v 696.985229 129.020691 -160.538895
v 513.879395 121.246124 928.406616
v 642.309448 130.09285 626.882141
v 661.486206 128.671082 75.6609421
v 540.16925 135.928024 -606.393127
v 506.517609 121.208954 939.332031
v 572.350952 122.352783 939.695618
v -703.761475 127.561264 -522.790405
v 685.536499 136.557449 -510.545715
v -535.585266 122.296104 146.304825
v 649.798462 127.659607 211.893982
v -222.22142 125.269051 -50.2327766
v 816.273865 125.591652 822.150085
v -832.114197 127.985611 -629.795105
v 861.711548 141.069077 -803.761047
v -527.84082 132.916046 -675.079895
v 760.205688 126.156891 503.846527
v 837.807556 124.440651 888.873413
v 541.149292 134.87619 -568.571655
v 627.213806 135.301514 -597.375427
v -684.341736 115.43454 943.937378
v -944.253601 125.114716 -381.711243
v 463.592468 121.106682 862.954285
v 499.873383 126.894012 157.325027
v 945.347534 141.983032 -786.53833
v -770.109741 133.064606 -971.753662
v -887.781799 127.663261 -645.049744
v 873.694275 125.434471 883.855286
v 585.472046 122.744759 967.632568
v 803.123596 124.869225 821.739685
v 474.753632 129.341019 -342.259918
v 675.262634 128.317368 122.771973
v 787.305847 123.72847 873.912048
v 2.17753053 120.867157 335.406708
v 646.438843 127.764618 227.021072
v 190.909882 122.36615 188.760071
v 414.268372 120.537605 953.089233
v -802.160034 127.923431 -619.379456
v 538.515747 126.348816 201.132736
v -99.8392639 119.428093 419.637421
v 514.676819 127.439705 43.4727936
v 476.197662 120.863983 884.35498
v -706.881653 114.002647 987.354919
v 532.513367 126.370506 149.367477
v -910.702026 124.981804 -362.505371
v 628.514099 127.82708 116.851501
v 470.331299 132.188019 -225.63942
v 531.420349 121.447533 903.045593
v 35.1806793 120.856796 282.136505
v -701.64856 113.251183 936.347595
v -903.127319 125.636162 -431.223206
v 288.751221 119.493164 967.587708
v 830.144165 133.338135 -198.361725
v 698.214233 129.147003 23.0829887
v 685.805908 129.167633 27.5122013
v 696.144104 128.668076 117.895737
v -172.626801 130.209808 -399.203064
v -924.651978 125.465538 -416.547394
v -622.979858 128.346634 -554.222046
v 534.564392 126.598587 136.355804
v -503.144958 120.18409 429.357452
v 562.291504 122.08149 901.739502
v 757.727905 123.041862 921.784912
v -949.99469 127.521576 -585.886719
v 526.418823 121.338486 924.367188
v 518.01001 132.178314 -300.670441
v 71.8732758 120.35952 253.351105
v -253.865509 125.495697 -85.8910065
v 593.157715 127.044319 159.444489
v 940.778503 124.365723 676.556274
v -719.551758 126.702194 -452.529999
v 460.9245 120.882469 971.385681
v 535.22052 121.528435 889.690186
v -33.7625084 126.164307 -12.918293
v 607.773865 136.533264 -604.048462
v 718.075928 136.2117 -509.32666
v 543.399353 127.567703 100.912361
v 671.657471 123.099007 944.975586
v 821.497986 139.991623 -741.015076
v 505.707336 121.147057 984.618896
v 501.493103 131.777756 -280.475037
v 971.02301 127.407654 743.894104
v -170.9991 130.307205 -384.589081
v 450.154663 130.523819 -218.76001
v 940.160645 144.710388 -981.192444
v 463.658875 120.832191 880.310181
v 367.082092 120.29982 948.581543
v 939.800293 127.859459 731.677246
v -176.019028 124.691338 61.8844604
v 761.518066 137.4534 -714.493774
v -706.574463 113.980034 973.657349
v 636.891235 130.883438 -575.854614
v 483.958008 140.639801 -844.479492
v 607.271729 128.021088 73.2355423
v 907.022705 125.348526 711.129944
v 484.241364 131.399506 -280.152039
v 769.456909 135.627884 -422.473877
v 520.945068 134.186203 -561.723206
v 758.969788 123.398056 871.343201
v 708.894043 129.007843 124.516273
v 822.009155 124.502571 879.08728
v -370.035278 128.062836 -259.886322
v 999.01355 126.427765 937.121704
v -355.624603 130.511719 -537.483826
v 479.294647 128.824936 64.6334991
v 521.920959 121.374947 890.573242
v 884.151123 136.677368 -726.901062
v 487.057831 121.01535 925.391724
v 602.922791 135.235306 -563.641785
v 345.206879 119.98259 965.260559
v 938.675354 142.532883 -879.160156
v 959.338989 144.768219 -967.277283
v 900.577393 138.627426 -733.341858
v 493.582245 121.100319 936.836731
v -965.782715 132.365891 -906.914978
v 543.380249 121.693993 878.424927
v 946.96936 144.711868 -962.744324
v -714.339905 114.216995 953.406982
v 612.222717 131.128784 649.08075
v 511.378876 132.300919 -329.862549
v 930.509399 127.033134 894.514038
v -596.149109 125.538284 -274.769226
v 305.320129 119.637291 976.975647
v 873.711548 143.914764 -921.403931
v -774.032532 124.561684 -252.677399
v 252.523376 122.882111 184.561951
v 825.795349 125.40036 838.350586
v 632.587646 122.343605 887.77655
v 570.468445 121.877823 891.40918
v -634.732788 117.645714 643.595459
v -356.632843 117.657249 870.090759
v 865.841125 141.19606 -816.715027
v 893.825256 139.630676 -665.890808
v 678.140503 122.836037 876.943604
v 855.818237 127.290474 831.714844
v 621.076721 122.196007 895.082153
v 844.801819 124.491348 962.368958
v 422.122345 120.624603 977.155396
v 537.697449 121.531708 917.561584
v 460.312714 131.661453 -234.231873
v 482.689301 131.54747 -257.322998
v 668.862854 122.821671 857.286743
v 680.721802 122.689301 897.656372
v 713.631104 129.969101 -99.1693878
v 538.4823 132.719254 -337.092896
v -394.31485 128.817459 -385.307709
v 833.408752 124.917236 863.657532
v 817.609192 141.782852 -822.557678
v 446.964569 127.90654 -246.060394
v -328.757233 131.462219 -592.42218
v 534.51001 132.476822 -314.659424
v -7.06299591 122.972244 480.897736
v 456.213989 120.783981 947.705261
v -17.7419701 126.719765 35.2259178
v 834.546326 125.72065 933.279907
v 728.327332 135.720383 -496.709381
v 343.164185 120.015656 942.205627
v 873.051392 125.909958 869.148315
v 473.304108 131.053299 -272.785461
v 544.363098 121.648911 906.19873
v 833.251038 124.713188 955.240051
v 495.42041 128.265305 59.5291939
v 950.964905 126.56456 844.610413
v 612.977844 122.171143 920.594482
v 849.015625 125.518761 858.972351
v 917.509277 137.98764 -761.177124
v 403.243408 120.514603 960.301514
v 872.945618 125.542557 924.336243
v 826.773193 124.321892 896.843506
v 479.929626 128.06282 99.3551788
v 962.832397 126.538277 851.72644
v 969.143311 125.936935 912.905457
v 512.360291 127.888306 57.1012154
v 683.808777 129.388565 -160.734528
v 598.235413 123.637253 944.40387
v 481.945435 140.765594 -857.498657
v 986.687805 126.151283 932.374084
v 303.981049 119.747147 945.93042
v -827.199463 132.646988 -945.596619
v 808.288818 140.014053 -747.499695
v 835.623718 141.703781 -817.332947
v 778.382019 135.721024 -430.992615
v 965.094116 126.383034 880.920776
v 522.920105 128.207108 65.7649689
v 641.590454 122.574554 870.186401
v 419.16153 127.853065 -180.645767
v 925.828979 141.077881 -881.738464
v 559.327026 122.086617 941.661743
v 263.030823 119.737526 948.342712
v 936.358215 141.611084 -866.221863
v -379.617584 132.527557 -715.181641
v 364.568604 120.075546 980.201416
v 686.387268 122.765747 843.257141
v 903.646118 126.041084 987.483459
v 676.679688 128.951599 -601.880432
v 287.723175 119.505905 980.841736
v 671.340271 129.270493 -156.476944
v 571.744507 122.539009 966.519958
v 585.232239 122.259438 920.558716
v 623.016296 122.309914 929.12616
v 600.097473 134.96254 -645.303589
v 952.145386 125.786537 931.484375
v 694.855713 135.792786 -646.383545
v 617.355957 122.212402 881.711731
v 623.305908 134.765182 -470.846283
v 629.48761 122.763184 940.592712
v 928.456909 140.292511 -855.762512
v 654.198547 122.682869 874.005249
v -541.739624 127.761536 -460.092712
v 656.573914 133.075867 -626.745239
v 627.871948 122.386703 871.292725
v -519.660645 127.732857 -444.432953
v 768.047363 135.736237 -440.642365
v 440.516998 128.52269 -173.616089
v 203.729904 138.637527 -850.184082
v 604.767151 123.165466 955.868469
v 508.507324 130.761826 -376.959717
v 889.567932 125.778847 982.281311
v 739.708191 133.937973 -704.508362
v 787.145203 130.699387 -218.983215
v 643.245728 122.414436 901.455566
v 425.690338 128.89917 -192.052444
v 599.8349 122.05555 919.687256
v 902.945801 126.049896 974.327759
v 528.026367 121.900917 845.636414
v 616.632141 123.456032 950.129211
v 715.410889 133.514847 -645.271851
v 568.79187 122.535683 952.807373
v 892.270386 126.432022 889.313538
v 916.643433 126.216362 976.591309
v 716.809448 134.16893 -662.755066
v 393.91449 126.827324 -156.978638
v 892.170532 126.90757 836.87616
v 645.563782 122.528008 885.508362
v 748.979492 132.799179 -672.158813
v -546.773682 119.130974 620.024536
v 1022.35248 126.732407 948.44458
v 761.621521 136.058426 -674.255798
v 996.954346 126.14814 924.110962
v 1016.97437 126.700653 864.265564
v 1019.88495 126.949318 961.910156
v 702.881958 133.063904 -636.274231
v 686.048462 133.912338 -631.451477
v 708.949585 129.449493 -624.604675
v 876.157104 138.953079 -661.842163
v 987.627197 126.738037 845.326965
v 755.153503 135.008484 -685.803589
v 962.608948 126.644745 838.447571
v 579.844238 127.007896 -474.817566
v 1024.17212 126.021027 922.587341
v 1009.7486 126.762344 953.497009
v 910.778809 126.559311 795.598267
v 1003.25122 126.756844 855.74646
v 825.884338 136.46698 -706.658813
v 701.434937 129.033752 -613.777832
v -283.503021 133.876221 -783.196899
v 992.447815 126.515472 878.894958
v 607.166321 131.927887 -473.833954
v 928.610046 127.254112 870.790222
v 743.572998 130.487946 -658.20813
v 937.346191 126.684151 843.962646
v 935.494202 126.91494 859.562866
v 892.155518 125.945198 966.549927
v 957.697815 125.737144 919.536316
v 438.179413 129.804153 -224.359589
v 550.104858 131.052032 -418.690613
v 912.152283 128.156433 862.773621
v 604.745483 126.959282 -486.106079
v 635.67627 128.011902 -526.568298
v 1018.21588 126.046097 906.013733
v 898.900696 126.579391 787.061035
v 554.292725 127.611198 -438.494934
v 977.310913 126.525421 875.548767
v 525.580322 126.172043 -418.824921
v 614.2771 127.402382 -495.277405
v 939.425598 126.756676 815.028381
v 949.247131 126.722755 824.584534
v 911.300049 127.588783 884.522461
v 911.749756 126.996483 843.312439
v 515.818604 126.98452 -406.719849
v 890.738281 126.927345 759.527344
v 616.837708 127.371101 -516.132263
vt 0 0 0
vt 0.82908082 0.821929336 0
vt 0.210240245 0.947722971 0
vt 0.739446878 0.459599912 0
vt 0.206597939 0.461063325 0
vt 0.014519698 0.63808167 0
vt 0.26554513 0.480404913 0
vt 0.424501628 0.459473222 0
vt 0.166479543 0.963784695 0
vt 0.0202239435 0.91569531 0
vt 0.23230347 0.712890208 0
vt 0.210700274 0.972104251 0
vt 0.323791891 0.567200124 0
vt 0.0521765053 0.129179478 0
vt 0.139242738 0.563870251 0
vt 0.222370923 0.280134708 0
vt 0.319589317 0.759000659 0
vt 0.890339017 0.0215120129 0
vt 0.731621325 0.470340014 0
vt 0.766189754 0.761282265 0
vt 0.732401013 0.615458667 0
vt 0.865955412 0.771156549 0
vt 0.486205965 0.277270079 0
vt 0.599430382 0.33949399 0
vt 0.270678103 0.3927176 0
vt 0.944011331 0.125188231 0
vt 0.908000648 0.0204432551 0
vt 0.13115333 0.895121217 0
vt 0.138818935 0.0043990938 0
vt 0.744584024 0.0415903032 0
vt 0.258859992 0.676511467 0
vt 0.276404947 0.425002396 0
vt 0.93485415 0.872240722 0
vt 0.212192208 0.772113204 0
vt 0.251293182 0.5674088 0
vt 0.75433588 0.399850488 0
vt 0.901040971 0.789518833 0
vt 0.172833979 0.368977368 0
vt 0.228810847 0.664253712 0
vt 0.209833786 0.663636208 0
vt 0.184084147 0.430059195 0
vt 0.115687102 0.589221776 0
vt 0.907971025 0.785590231 0
vt 0.466586709 0.473138243 0
vt 0.0430837832 0.588117898 0
vt 0.903240144 0.185777098 0
vt 0.197749004 0.717007756 0
vt 0.772904515 0.77507472 0
vt 0.0275189877 0.946094751 0
vt 0.048742611 0.975192666 0
vt 0.763173819 0.408961087 0
vt 0.15969345 0.518922389 0
vt 0.0130794821 0.647434592 0
vt 0.204130664 0.986714602 0
vt 0.210151285 0.956977367 0
vt 0.112077765 0.998618364 0
vt 0.0245679095 0.659512818 0
vt 0.647119105 0.0141721927 0
vt 0.0762758628 0.0465653837 0
vt 0.432024121 0.493271351 0
vt 0.0811462849 0.0239999481 0
vt 0.835523963 0.300001889 0
vt 0.760257244 0.789587379 0
vt 0.76371032 0.154960304 0
vt 0.0308882631 0.730593979 0
vt 0.837320924 0.553503752 0
vt 0.396091163 0.656152129 0
vt 0.45119977 0.488417506 0
vt 0.317628711 0.536993921 0
vt 0.346713722 0.0613835678 0
vt 0.773815215 0.707313836 0
vt 0.232180625 0.502091348 0
vt 0.549071908 0.36317423 0
vt 0.446579009 0.480976462 0
vt 0.156652808 0.604469538 0
vt 0.56773597 0.388555467 0
vt 0.162053183 0.724340677 0
vt 0.233561814 0.603672028 0
vt 0.0881424099 0.072910659 0
vt 0.768606007 0.826358199 0
vt 0.0694215968 0.911204815 0
vt 0.736986279 0.0446212217 0
vt 0.0705023929 0.507564485 0
vt 0.953490496 0.890900493 0
vt 0.0156220272 0.76252234 0
vt 0.116288647 0.581459641 0
vt 0.034574002 0.608951807 0
vt 0.00826243497 0.540816069 0
vt 0.235456079 0.452330619 0
vt 0.09379448 0.674379885 0
vt 0.348198473 0.670815289 0
vt 0.687548757 0.0369743817 0
vt 0.769790828 0.380285621 0
vt 0.292356163 0.0721529424 0
vt 0.438997924 0.0662920102 0
vt 0.316161573 0.901843846 0
vt 0.728896439 0.410962224 0
vt 0.890814662 0.189891934 0
vt 0.807112992 0.44898203 0
vt 0.425896853 0.678397834 0
vt 0.0652847216 0.98212713 0
vt 0.234972715 0.984034777 0
vt 0.191837609 0.366796017 0
vt 0.047221832 0.615266144 0
vt 0.0752404556 0.657258034 0
vt 0.558077574 0.00757972524 0
vt 0.160780981 0.546191812 0
vt 0.0973844081 0.772680402 0
vt 0.218627006 0.378653884 0
vt 0.0358489826 0.734932005 0
vt 0.82990694 0.0601472557 0
vt 0.0386128835 0.72098124 0
vt 0.206678271 0.977324963 0
vt 0.171152085 0.671589017 0
vt 0.749172211 0.395218849 0
vt 0.0639698654 0.60681808 0
vt 0.212894842 0.613269389 0
vt 0.156722844 0.89138341 0
vt 0.419236124 0.506322742 0
vt 0.00868101977 0.732687473 0
vt 0.358309239 0.545630455 0
vt 0.0863615423 0.0109060574 0
vt 0.37868014 0.0871787369 0
vt 0.407906145 0.514642894 0
vt 0.0430211797 0.79515928 0
vt 0.183952868 0.716306031 0
vt 0.21015273 0.231259108 0
vt 0.473735332 0.320957363 0
vt 0.0541838147 0.531515777 0
vt 0.122970782 0.961221933 0
vt 0.303526163 0.555276334 0
vt 0.270709574 0.0308823138 0
vt 0.252514631 0.67825985 0
vt 0.202151597 0.960423708 0
vt 0.139485985 0.780474067 0
vt 0.880752742 0.728851318 0
vt 0.57911545 0.432311416 0
vt 0.112512097 0.688955545 0
vt 0.794348478 0.289877981 0
vt 0.149705216 0.633077323 0
vt 0.177398309 0.519092739 0
vt 0.846109092 0.735665679 0
vt 0.825400352 0.00352524244 0
vt 0.648559153 0.438883781 0
vt 0.148902014 0.713823199 0
vt 0.255438447 0.517381489 0
vt 0.0682896823 0.768498421 0
vt 0.346045971 0.608851194 0
vt 0.0886724144 0.809253335 0
vt 0.0460803881 0.758168101 0
vt 0.141009226 0.540992975 0
vt 0.21530287 0.342020273 0
vt 0.210325181 0.963564873 0
vt 0.190584973 0.939002872 0
vt 0.813409865 0.294383883 0
vt 0.242478594 0.316200197 0
vt 0.123933509 0.5620116 0
vt 0.152866811 0.783378959 0
vt 0.535526454 0.336157888 0
vt 0.297180831 0.75908339 0
vt 0.689964771 0.637878358 0
vt 0.758230746 0.727578521 0
vt 0.790576696 0.782741189 0
vt 0.504624903 0.254882485 0
vt 0.0953829959 0.518992186 0
vt 0.135043919 0.728291869 0
vt 0.413576305 0.478982687 0
vt 0.881877065 0.00184025243 0
vt 0.764930248 0.754822969 0
vt 0.287622064 0.0918010548 0
vt 0.15983744 0.0855509266 0
vt 0.635588408 0.215835601 0
vt 0.427324444 0.507999301 0
vt 0.401681811 0.483507305 0
vt 0.0240768585 0.0563107617 0
vt 0.0521197543 0.799741626 0
vt 0.806142569 0.287356973 0
vt 0.269951165 0.426324099 0
vt 0.303224623 0.099286288 0
vt 0.736346245 0.704121232 0
vt 0.484595686 0.242064297 0
vt 0.152435884 0.824210763 0
vt 0.239978537 0.282867968 0
vt 0.154661253 0.590205014 0
vt 0.0394514054 0.703327477 0
vt 0.137787387 0.535243928 0
vt 0.0826779082 0.746805966 0
vt 0.116759166 0.983930349 0
vt 0.875452995 0.264920175 0
vt 0.966761053 0.14981918 0
vt 0.152825132 0.70830965 0
vt 0.0603890009 0.577847362 0
vt 0.159258991 0.512346447 0
vt 0.393957943 0.630981922 0
vt 0.128427222 0.570391238 0
vt 0.837197781 0.724718928 0
vt 0.329440147 0.585595369 0
vt 0.198177695 0.724613667 0
vt 0.149987057 0.195383564 0
vt 0.0819095224 0.643934488 0
vt 0.093615219 0.667458892 0
vt 0.39734903 0.082692802 0
vt 0.0814155713 0.49127686 0
vt 0.0366721898 0.907499135 0
vt 0.0712668598 0.610565126 0
vt 0.0147459637 0.0219429471 0
vt 0.00638077501 0.825540245 0
vt 0.764622927 0.00529590109 0
vt 0.886520624 0.053870447 0
vt 0.99657166 0.116011426 0
vt 0.264561027 0.0711979046 0
vt 0.116272971 0.0349653959 0
vt 0.279112786 0.644390643 0
vt 0.0430127382 0.486194313 0
vt 0.148905963 0.648571253 0
vt 0.729747653 0.766261637 0
vt 0.161924005 0.905011117 0
vt 0.612459421 0.409899086 0
vt 0.884389818 0.207248464 0
vt 0.445132434 0.468358248 0
vt 0.891411364 0.809643447 0
vt 0.102594323 0.510919631 0
vt 0.544546247 0.275638252 0
vt 0.891653657 0.204188392 0
vt 0.0377847478 0.746096194 0
vt 0.245983362 0.0581441671 0
vt 0.746393859 0.428079307 0
vt 0.0064920336 0.872812033 0
vt 0.403202653 0.65440762 0
vt 0.228916317 0.678975284 0
vt 0.0595166199 0.664723814 0
vt 0.502679288 0.240276262 0
vt 0.356191367 0.604923725 0
vt 0.220645428 0.675280571 0
vt 0.450198382 0.496874034 0
vt 0.888979852 0.770303488 0
vt 0.00952352025 0.577771485 0
vt 0.069353506 0.708336592 0
vt 0.177222759 0.666718602 0
vt 0.269963324 0.0427031405 0
vt 0.718719065 0.728127718 0
vt 0.583520889 0.393292844 0
vt 0.778711021 0.76399684 0
vt 0.163784862 0.652000189 0
vt 0.101916581 0.492979944 0
vt 0.504648328 0.0615170524 0
vt 0.194014832 0.42630282 0
vt 0.255436271 0.475778997 0
vt 0.139713928 0.670235991 0
vt 0.355631918 0.598357558 0
vt 0.785614192 0.430097908 0
vt 0.0260986201 0.691901565 0
vt 0.344436437 0.665393829 0
vt 0.0891686529 0.540511906 0
vt 0.20090428 0.610302806 0
vt 0.318918675 0.0504368842 0
vt 0.157557011 0.999702454 0
vt 0.203475535 0.736561894 0
vt 0.125837207 0.493381292 0
vt 0.00878523942 0.920682549 0
vt 0.263628989 0.428184479 0
vt 0.119068958 0.63420707 0
vt 0.0695382506 0.838860989 0
vt 0.232349128 0.492824286 0
vt 0.918010354 0.797262132 0
vt 0.0600946695 0.81694746 0
vt 0.808916092 0.271843135 0
vt 0.885867059 0.240572751 0
vt 0.166773945 0.941806078 0
vt 0.0887685269 0.793604255 0
vt 0.0454743989 0.696421504 0
vt 0.369231761 0.628357768 0
vt 0.359380037 0.518161774 0
vt 0.111477181 0.551207185 0
vt 0.0625716671 0.829822063 0
vt 0.426728547 0.476218909 0
vt 0.0220519602 0.763967991 0
vt 0.616093159 0.387068391 0
vt 0.43591699 0.4985888 0
vt 0.392896533 0.72590673 0
vt 0.133188456 0.634530008 0
vt 0.727675796 0.0372925103 0
vt 0.0156800505 0.552125573 0
vt 0.521359086 0.24314104 0
vt 0.526498914 0.372208476 0
vt 0.43792972 0.478966743 0
vt 0.175499961 0.653978586 0
vt 0.502551258 0.474714935 0
vt 0.313112617 0.550502837 0
vt 0.165136352 0.603108108 0
vt 0.434970528 0.487377554 0
vt 0.0951170847 0.579564154 0
vt 0.0552544333 0.970698297 0
vt 0.817811131 0.44707346 0
vt 0.0851732343 0.55621767 0
vt 0.871820331 0.76815325 0
vt 0.410779893 0.46733433 0
vt 0.131903589 0.824121952 0
vt 0.0514780097 0.656616151 0
vt 0.426524997 0.684957385 0
vt 0.217796534 0.718105555 0
vt 0.0891388506 0.0971707255 0
vt 0.166588336 0.948392272 0
vt 0.396409571 0.69987458 0
vt 0.0153945936 0.794572473 0
vt 0.0459618941 0.830845773 0
vt 0.204689264 0.756585896 0
vt 0.474355221 0.0452650152 0
vt 0.292616785 0.0432769023 0
vt 0.0039527975 0.897052824 0
vt 0.192151248 0.480550528 0
vt 0.284867287 0.603298903 0
vt 0.734310031 0.760795832 0
vt 0.82100141 0.440684974 0
vt 0.712297201 0.738363147 0
vt 0.232811868 0.528823972 0
vt 0.20378314 0.787084877 0
vt 0.152810037 0.817615628 0
vt 0.538016796 0.238665655 0
vt 0.925844491 0.904448152 0
vt 0.364499271 0.0730798617 0
vt 0.741908073 0.638775885 0
vt 0.0584888607 0.900099635 0
vt 0.0977042615 0.699214518 0
vt 0.353477955 0.678886294 0
vt 0.0186429285 0.629904747 0
vt 0.178287566 0.0680547953 0
vt 0.171308368 0.738491833 0
vt 0.355467439 0.492286086 0
vt 0.1311111 0.618722141 0
vt 0.322771847 0.541714668 0
vt 0.220597222 0.483519375 0
vt 0.26758498 0.606713533 0
vt 0.0983995497 0.605531871 0
vt 0.626514256 0.209744096 0
vt 0.273415476 0.461214185 0
vt 0.195588425 0.68156755 0
vt 0.933855951 0.937273324 0
vt 0.968814552 0.127659976 0
vt 0.178190112 0.72995162 0
vt 0.210637093 0.507531226 0
vt 0.184493765 0.365208745 0
vt 0.848015606 0.529816628 0
vt 0.261745393 0.508723378 0
vt 0.806628406 0.198636562 0
vt 0.120397575 0.73366344 0
vt 0.926119089 0.887904704 0
vt 0.164732233 0.587668955 0
vt 0.256116956 0.50526464 0
vt 0.10595347 0.689601123 0
vt 0.3674182 0.685108721 0
vt 0.139080405 0.63053596 0
vt 0.826239407 0.777792692 0
vt 0.0825031921 0.972869873 0
vt 0.867732882 0.200008363 0
vt 0.637342393 0.209372938 0
vt 0.184427649 0.981147408 0
vt 0.208238631 0.28256917 0
vt 0.0402682647 0.761968017 0
vt 0.0212405436 0.65356338 0
vt 0.0476063043 0.790701807 0
vt 0.875059247 0.252723008 0
vt 0.0468760058 0.0146089317 0
vt 0.913934052 0.802453101 0
vt 0.146569148 0.471655548 0
vt 0.0209565386 0.802271426 0
vt 0.169842958 0.568256378 0
vt 0.0451261476 0.823015451 0
vt 0.195260212 0.958607078 0
vt 0.204952106 0.935256898 0
vt 0.170982182 0.658776641 0
vt 0.158158258 0.7746737 0
vt 0.0439078771 0.0495280921 0
vt 0.308919281 0.585763037 0
vt 0.282305926 0.0153737217 0
vt 0.26771915 0.0623334199 0
vt 0.138439223 0.896087766 0
vt 0.0290481709 0.721485257 0
vt 0.894047499 0.252963632 0
vt 0.649970412 0.445321351 0
vt 0.161701098 0.414257973 0
vt 0.576467633 0.41322872 0
vt 0.88518405 0.742159605 0
vt 0.473728627 0.314423233 0
vt 0.152312726 0.697304428 0
vt 0.232813329 0.656446576 0
vt 0.171991512 0.807208896 0
vt 0.0994111374 0.878195286 0
vt 0.405266374 0.462413669 0
vt 0.864674032 0.251663923 0
vt 0.858875632 0.242818147 0
vt 0.498893052 0.301097244 0
vt 0.195410728 0.943488955 0
vt 0.50019151 0.0545534641 0
vt 0.687970817 0.451944679 0
vt 0.0359229408 0.00453968579 0
vt 0.212197885 0.423370689 0
vt 0.585285246 0.00190836785 0
vt 0.0877712443 0.562268794 0
vt 0.183646142 0.753800273 0
vt 0.216267943 0.243215919 0
vt 0.308220834 0.622666895 0
vt 0.202876106 0.650807083 0
vt 0.165412724 0.81317246 0
vt 0.867369473 0.262884557 0
vt 0.108915322 0.679748178 0
vt 0.400195539 0.0678180233 0
vt 0.842056811 0.299136549 0
vt 0.138038322 0.056969624 0
vt 0.211184546 0.554661155 0
vt 0.129175395 0.920923173 0
vt 0.433383495 0.513234317 0
vt 0.0271774828 0.535006285 0
vt 0.361152411 0.632231236 0
vt 0.837008953 0.745984018 0
vt 0.771140337 0.156225711 0
vt 0.596563816 0.409748256 0
vt 0.140109032 0.846580803 0
vt 0.830723524 0.707469463 0
vt 0.464627594 0.0568769239 0
vt 0.920293748 0.866428316 0
vt 0.0441108122 0.997884393 0
vt 0.149848759 0.939874589 0
vt 0.260748476 0.488449395 0
vt 0.110794388 0.0423558876 0
vt 0.113784291 0.978051901 0
vt 0.193711177 0.360477775 0
vt 0.177506834 0.788996458 0
vt 0.1554088 0.647500992 0
vt 0.258646905 0.447630525 0
vt 0.247704625 0.643663645 0
vt 0.858780384 0.254613459 0
vt 0.228486866 0.28255263 0
vt 0.385572433 0.491901457 0
vt 0.323382974 0.533781767 0
vt 0.239153475 0.469322115 0
vt 0.128041074 0.672674596 0
vt 0.00257682987 0.730203867 0
vt 0.267389715 0.570325375 0
vt 0.645460844 0.226669669 0
vt 0.0914946496 0.831898987 0
vt 0.370191991 0.673545301 0
vt 0.747529566 0.669038057 0
vt 0.00774096884 0.548879385 0
vt 0.896254778 0.871220291 0
vt 0.355629057 0.685117126 0
vt 0.79234612 0.768749654 0
vt 0.129596695 0.542743206 0
vt 0.431178629 0.288237631 0
vt 0.435566187 0.505528212 0
vt 0.23752369 0.445989728 0
vt 0.0443751439 0.746090055 0
vt 0.0583825223 0.698888302 0
vt 0.901349187 0.782714307 0
vt 0.0477861352 0.845032036 0
vt 0.903621614 0.795590341 0
vt 0.892923892 0.820953488 0
vt 0.0797143281 0.562678814 0
vt 0.84160924 0.795794487 0
vt 0.135152698 0.678460538 0
vt 0.313805073 0.738436401 0
vt 0.743839741 0.422005028 0
vt 0.10598702 0.667817295 0
vt 0.137665614 0.974424243 0
vt 0.921458542 0.604790211 0
vt 0.31559962 0.617386878 0
vt 0.422682405 0.691324234 0
vt 0.852313876 0.767365932 0
vt 0.0669967234 0.496162504 0
vt 0.879004061 0.800780773 0
vt 0.753606975 0.772721291 0
vt 0.736316442 0.773341954 0
vt 0.102035947 0.898515582 0
vt 0.195619434 0.754674911 0
vt 0.054151725 0.826088667 0
vt 0.211231142 0.375114262 0
vt 0.272951722 0.0691867769 0
vt 0.177172571 0.380536139 0
vt 0.1968683 0.70842731 0
vt 0.0512179434 0.762295902 0
vt 0.216366217 0.667348981 0
vt 0.083752647 0.0527820028 0
vt 0.615243912 0.424772084 0
vt 0.0870315954 0.7202999 0
vt 0.163201988 0.571767807 0
vt 0.24177976 0.64077878 0
vt 0.157401472 0.681296229 0
vt 0.237846255 0.335401833 0
vt 0.0975682884 0.85568893 0
vt 0.0638425872 0.670407593 0
vt 0.105987117 0.860713065 0
vt 0.750206769 0.0554687753 0
vt 0.771184683 0.756950021 0
vt 0.716934323 0.760735214 0
vt 0.470948786 0.478055 0
vt 0.91851753 0.182381779 0
vt 0.157615066 0.948346198 0
vt 0.145907879 0.707952559 0
vt 0.102165297 0.575756013 0
vt 0.710623384 0.569301903 0
vt 0.261848509 0.376167476 0
vt 0.232144922 0.482357949 0
vt 0.268973291 0.472969741 0
vt 0.0534969717 0.637391448 0
vt 0.376884401 0.655717969 0
vt 0.147211984 0.922605872 0
vt 0.000512677652 0.588102698 0
vt 0.0481941923 0.00209533609 0
vt 0.0148067791 0.738113761 0
vt 0.269343168 0.434309959 0
vt 0.893758535 0.762276947 0
vt 0.00590618048 0.886539221 0
vt 0.400299847 0.522396863 0
vt 0.170231551 0.635163248 0
vt 0.0125918612 0.957845449 0
vt 0.030552106 0.0549626499 0
vt 0.39007476 0.653463125 0
vt 0.196961686 0.804642141 0
vt 0.0781573132 0.818815947 0
vt 0.861626267 0.758119226 0
vt 0.231922537 0.356460571 0
vt 0.846331477 0.428096056 0
vt 0.0566417724 0.00367573323 0
vt 0.185517147 0.747481287 0
vt 0.196906492 0.73710674 0
vt 0.49563247 0.357679158 0
vt 0.000489229744 0.0732991025 0
vt 0.815322876 0.0118699782 0
vt 0.0144454231 0.801252604 0
vt 0.159897864 0.913833261 0
vt 0.236064941 0.317714512 0
vt 0.058211498 0.512332559 0
vt 0.163529828 0.456333876 0
vt 0.0291535202 0.746542811 0
vt 0.8285864 0.25930953 0
vt 0.0655591413 0.544451654 0
vt 0.27988252 0.518637657 0
vt 0.115497522 0.680075109 0
vt 0.396614611 0.47614488 0
vt 0.0634857938 0.648952305 0
vt 0.814397395 0.268185139 0
vt 0.227375716 0.753605306 0
vt 0.839475751 0.265740752 0
vt 0.25675723 0.554343998 0
vt 0.425313473 0.485441327 0
vt 0.219862118 0.745408654 0
vt 0.835612774 0.77563405 0
vt 0.242763981 0.39805612 0
vt 0.06054556 0.568581641 0
vt 0.301252723 0.530073762 0
vt 0.254150748 0.809077859 0
vt 0.240664512 0.6985358 0
vt 0.178666845 0.605182827 0
vt 0.896856546 0.73622334 0
vt 0.00128781586 0.1666933 0
vt 0.679370999 0.0334175229 0
vt 0.950725198 0.159628808 0
vt 0.848124743 0.00621714257 0
vt 0.129560366 0.558580399 0
vt 0.0278480295 0.971240401 0
vt 0.851647079 0.783610046 0
vt 0.182239622 0.917213738 0
vt 0.399463594 0.662068248 0
vt 0.760232091 0.823268771 0
vt 0.724272847 0.754111648 0
vt 0.953317523 0.884273171 0
vt 0.0547783114 0.646373034 0
vt 0.00904192124 0.025236696 0
vt 0.99781853 0.340096503 0
vt 0.638279915 0.0920923203 0
vt 0.789475679 0.381095707 0
vt 0.196333691 0.654113293 0
vt 0.386157632 0.719236135 0
vt 0.824765146 0.816865861 0
vt 0.0578667969 0.658238649 0
vt 0.0488869995 0.0631605163 0
vt 0.768370628 0.15029493 0
vt 0.240717858 0.322642267 0
vt 0.558419347 0.0314454772 0
vt 0.132550433 0.874020815 0
vt 0.105686881 0.884752512 0
vt 0.147184044 0.533185303 0
vt 0.573326588 0.41888696 0
vt 0.766161025 0.162194312 0
vt 0.118026167 0.550469339 0
vt 0.848607004 0.58300215 0
vt 0.186639324 0.922120988 0
vt 0.315425277 0.0750453621 0
vt 0.000559516542 0.891405404 0
vt 0.262156129 0.46241501 0
vt 0.857217073 0.275406033 0
vt 0.159646556 0.664707422 0
vt 0.254790515 0.353930026 0
vt 0.158902258 0.697410047 0
vt 0.827287436 0.296376407 0
vt 0.897547424 0.234625012 0
vt 0.169914335 0.561535835 0
vt 0.163705826 0.152259827 0
vt 0.199591577 0.96669209 0
vt 0.74408102 0.748093665 0
vt 0.0363363512 0.972343326 0
vt 0.78286922 0.372390121 0
vt 0.118543223 0.504380882 0
vt 0.0820188299 0.530811667 0
vt 0.124117233 0.887659073 0
vt 0.775211394 0.179028809 0
vt 0.180960417 0.735930502 0
vt 0.260358393 0.618402481 0
vt 0.125112295 0.974922895 0
vt 0.52673775 0.258577168 0
vt 0.0185548514 0.579163373 0
vt 0.884730339 0.749683976 0
vt 0.0497576855 0.622577012 0
vt 0.4082219 0.721459806 0
vt 0.856548667 0.260813981 0
vt 0.0210783612 0.646041632 0
vt 0.780810237 0.000898640719 0
vt 0.45176062 0.0578006133 0
vt 0.213855073 0.497495532 0
vt 0.83821404 0.509233296 0
vt 0.28204298 0.627628386 0
vt 0.293787092 0.0941981152 0
vt 0.378896952 0.690981746 0
vt 0.105804317 0.0917156786 0
vt 0.511952758 0.30166617 0
vt 0.219783902 0.461818695 0
vt 0.283215612 0.612011075 0
vt 0.923939705 0.897872865 0
vt 0.203323424 0.571921229 0
vt 0.160458893 0.795438528 0
vt 0.0656411052 0.0306816883 0
vt 0.133859321 0.516121089 0
vt 0.200010642 0.64040482 0
vt 0.474247307 0.461205035 0
vt 0.180342004 0.386314094 0
vt 0.914667308 0.784771562 0
vt 0.214820355 0.517923594 0
vt 0.0821381584 0.0305105206 0
vt 0.102257557 0.954625428 0
vt 0.871024489 0.247513607 0
vt 0.196601719 0.690870285 0
vt 0.166023478 0.578098595 0
vt 0.228348464 0.345908821 0
vt 0.385253042 0.676951766 0
vt 0.0524598137 0.51554966 0
vt 0.919813991 0.163282171 0
vt 0.328331232 0.0769282132 0
vt 0.248401105 0.654308021 0
vt 0.191596076 0.270933747 0
vt 0.891263783 0.246029735 0
vt 0.205489367 0.371765852 0
vt 0.108448729 0.503161967 0
vt 0.259575844 0.568219721 0
vt 0.411634654 0.656150818 0
vt 0.219758794 0.49456659 0
vt 0.182192773 0.613813579 0
vt 0.0228343941 0.89671737 0
vt 0.104052529 0.054234121 0
vt 0.00482913805 0.0344649516 0
vt 0.244356632 0.367888033 0
vt 0.180167675 0.370535761 0
vt 0.620865881 0.421383858 0
vt 0.396195769 0.718173146 0
vt 0.318026155 0.574218094 0
vt 0.0267219562 0.752768993 0
vt 0.538745999 0.381876111 0
vt 0.130384088 0.612172246 0
vt 0.0305711962 0.652952313 0
vt 0.180934101 0.441764474 0
vt 0.488331556 0.236635268 0
vt 0.04932338 0.0997267962 0
vt 0.315131187 0.0945645496 0
vt 0.180249944 0.958280444 0
vt 0.185743287 0.702726722 0
vt 0.799923658 0.376220495 0
vt 0.0924997032 0.880575895 0
vt 0.398482561 0.679811597 0
vt 0.130708367 0.625299811 0
vt 0.0991216302 0.752462924 0
vt 0.135424912 0.990506709 0
vt 0.52582401 0.0111205531 0
vt 0.406660616 0.67916137 0
vt 0.442054808 0.485768437 0
vt 0.0708562881 0.951850355 0
vt 0.736905932 0.906493306 0
vt 0.622312188 0.936658025 0
vt 0.689201295 0.0222651176 0
vt 0.073827222 0.743049443 0
vt 0.0479348302 0.47732228 0
vt 0.374031723 0.72075057 0
vt 0.0880365968 0.709527791 0
vt 0.0780104399 0.513529301 0
vt 0.261900008 0.362764746 0
vt 0.402842373 0.710224092 0
vt 0.0790366456 0.967154443 0
vt 0.886129856 0.0660301223 0
vt 0.213612765 0.711368203 0
vt 0.0563452467 0.622386456 0
vt 0.258887291 0.0585291386 0
vt 0.000853246776 0.558562338 0
vt 0.935836732 0.165769339 0
vt 0.37253499 0.68926239 0
vt 0.195104063 0.418770254 0
vt 0.380141735 0.0734427124 0
vt 0.0636379197 0.120966889 0
vt 0.0984315798 0.592038512 0
vt 0.199183419 0.973270059 0
vt 0.31408298 0.606164098 0
vt 0.877269149 0.723256826 0
vt 0.0588350557 0.519009888 0
vt 0.922795415 0.155362606 0
vt 0.202429891 0.452335954 0
vt 0.017573677 0.51736486 0
vt 0.239173204 0.546628952 0
vt 0.137177795 0.175853148 0
vt 0.28362599 0.0218304042 0
vt 0.86608392 0.80258441 0
vt 0.122757085 0.620316088 0
vt 0.10773325 0.991917133 0
vt 0.826815069 0.712775052 0
vt 0.127434209 0.11619176 0
vt 0.255364865 0.37734884 0
vt 0.822682977 0.173099175 0
vt 0.957467318 0.171280965 0
vt 0.449686885 0.506249666 0
vt 0.559758544 0.00120721001 0
vt 0.825586796 0.250085831 0
vt 0.079206802 0.800549448 0
vt 0.176738262 0.0925049782 0
vt 0.392414987 0.694633245 0
vt 0.199833959 0.948598087 0
vt 0.156604156 0.637896061 0
vt 0.490404278 0.227698624 0
vt 0.481674254 0.471434414 0
vt 0.16007328 0.62873888 0
vt 0.121062808 0.512230515 0
vt 0.067895487 0.945959687 0
vt 0.0706969053 0.0391751491 0
vt 0.220433518 0.626605392 0
vt 0.231230512 0.73148036 0
vt 0.167286098 0.923374712 0
vt 0.006956283 0.584601998 0
vt 0.30279085 0.0671011508 0
vt 0.89695251 0.214076087 0
vt 0.276692152 0.506308258 0
vt 0.885797262 0.757332861 0
vt 0.169135824 0.66510278 0
vt 0.226177618 0.707611144 0
vt 0.505459547 0.224517465 0
vt 0.03035748 0.506748438 0
vt 0.75559181 0.735448182 0
vt 0.341179609 0.604407072 0
vt 0.391742855 0.471706331 0
vt 0.172361732 0.603264689 0
vt 0.795843363 0.145737365 0
vt 0.52095902 0.0170674808 0
vt 0.121873558 0.0113387294 0
vt 0.0161226373 0.928833961 0
vt 0.216139391 0.684003115 0
vt 0.141478568 0.676585138 0
vt 0.329905063 0.0536001697 0
vt 0.219191298 0.267910093 0
vt 0.184845358 0.0687097311 0
vt 0.212560341 0.624909401 0
vt 0.0237360001 0.954417109 0
vt 0.160170332 0.690943062 0
vt 0.112203769 0.951569021 0
vt 0.871462703 0.742179573 0
vt 0.384972155 0.661509931 0
vt 0.347517312 0.513841748 0
vt 0.223664582 0.723511159 0
vt 0.163662031 0.635695696 0
vt 0.105807453 0.570022047 0
vt 0.0557488948 0.573100865 0
vt 0.213705331 0.295655757 0
vt 0.413452655 0.669898033 0
vt 0.227881521 0.00634378195 0
vt 0.174893394 0.557216525 0
vt 0.34905684 0.684625268 0
vt 0.0497827902 0.0286746863 0
vt 0.0741796941 0.0529760495 0
vt 0.188445389 0.670635879 0
vt 0.876305938 0.772971749 0
vt 0.254617184 0.0641432479 0
vt 0.927939653 0.192508668 0
vt 0.28571099 0.644300222 0
vt 0.000186127407 0.720593572 0
vt 0.144175068 0.97453922 0
vt 0.276505381 0.53134191 0
vt 0.840989828 0.0812635571 0
vt 0.394245088 0.684859276 0
vt 0.527539015 0.0174846929 0
vt 0.103616476 0.675444484 0
vt 0.0456915125 0.801194191 0
vt 0.777306497 0.148118436 0
vt 0.386688888 0.526887953 0
vt 0.0212970227 0.965992332 0
vt 0.190927729 0.432125598 0
vt 0.102561019 0.93564862 0
vt 0.516617298 0.222690701 0
vt 0.14582248 0.546375394 0
vt 0.771726549 0.144626677 0
vt 0.102099717 0.682884812 0
vt 0.253855616 0.40066734 0
vt 0.807631612 0.165466309 0
vt 0.161420062 0.936794281 0
vt 0.0358236805 0.940864265 0
vt 0.209376395 0.716641486 0
vt 0.0887493491 0.0339869 0
vt 0.196367204 0.474993348 0
vt 0.313679338 0.0361887962 0
vt 0.15486525 0.469072551 0
vt 0.713178754 0.724607348 0
vt 0.341622591 0.802033246 0
vt 0.803876698 0.279537827 0
vt 0.824213207 0.287817568 0
vt 0.305313826 0.561617553 0
vt 0.075792633 0.961390674 0
vt 0.324111789 0.647440672 0
vt 0.368629515 0.593493938 0
vt 0.715889871 0.565340936 0
vt 0.228123486 0.742217362 0
vt 0.222349823 0.688420892 0
vt 0.240079597 0.329201639 0
vt 0.443646252 0.496158183 0
vt 0.135838151 0.664906263 0
vt 0.130353749 0.856401205 0
vt 0.26144439 0.501385033 0
vt 0.466714203 0.49429518 0
vt 0.0954007804 0.840799272 0
vt 0.0841169357 0.60032326 0
vt 0.919414699 0.820883214 0
vt 0.972854137 0.15230839 0
vt 0.853788137 0.805843115 0
vt 0.365432739 0.599649906 0
vt 0.982433319 0.338661075 0
vt 0.494000435 0.479074657 0
vt 0.00647869194 0.866099477 0
vt 0.259596169 0.422774643 0
vt 0.121164382 0.724578381 0
vt 0.891403556 0.23699455 0
vt 0.0135758836 0.54560107 0
vt 0.273202091 0.653602839 0
vt 0.0682807863 0.930771589 0
vt 0.881896138 0.0250067841 0
vt 0.0847829431 0.832310557 0
vt 0.196133032 0.647526145 0
vt 0.250457108 0.36539492 0
vt 0.368322313 0.508093059 0
vt 0.877729416 0.258746743 0
vt 0.797911167 0.165219575 0
vt 0.248382375 0.35239318 0
vt 0.194679886 0.442765951 0
vt 0.0427953973 0.944569111 0
vt 0.0854393989 0.523292482 0
vt 0.0682562292 0.534362793 0
vt 0.213863641 0.271789342 0
vt 0.645694911 0.22008796 0
vt 0.892958224 0.225316048 0
vt 0.301553458 0.0735744685 0
vt 0.142492741 0.514131963 0
vt 0.246431127 0.605234861 0
vt 0.213019788 0.655447125 0
vt 0.811671913 0.00177347148 0
vt 0.717660248 0.558993936 0
vt 0.801337481 0.404629797 0
vt 0.0424216911 0.968367577 0
vt 0.896413207 0.795918465 0
vt 0.27867651 0.594548523 0
vt 0.438141614 0.290385425 0
vt 0.709153056 0.744957268 0
vt 0.183071703 0.965754271 0
vt 0.477986425 0.050765235 0
vt 0.355323553 0.591773689 0
vt 0.184720397 0.498620391 0
vt 0.212116942 0.748781383 0
vt 0.255440563 0.321121424 0
vt 0.249054313 0.990218341 0
vt 0.842000902 0.720172048 0
vt 0.303742707 0.733068347 0
vt 0.390763313 0.487549663 0
vt 0.620065629 0.405592442 0
vt 0.0863217488 0.700302601 0
vt 0.0288446806 0.645155907 0
vt 0.888253629 0.177519202 0
vt 0.219445407 0.701060355 0
vt 0.127176762 0.712544322 0
vt 0.307545841 0.592207968 0
vt 0.0715948418 0.625018954 0
vt 0.0897707716 0.482434869 0
vt 0.220463604 0.437513769 0
vt 0.234622449 0.343891263 0
vt 0.747987926 0.412161678 0
vt 0.235402808 0.628222942 0
vt 0.0883550718 0.985047936 0
vt 0.413600922 0.502906084 0
vt 0.773727417 0.163180396 0
vt 0.229823872 0.95221442 0
vt 0.558742225 0.395610422 0
vt 0.122165971 0.590427339 0
vt 0.861162603 0.270127296 0
vt 0.0917169079 0.973484039 0
vt 0.855795741 0.717666686 0
vt 0.0892175585 0.633618712 0
vt 0.220118999 0.710319042 0
vt 0.265425682 0.626082659 0
vt 0.784553885 0.385476172 0
vt 0.184592694 0.510965407 0
vt 0.191210076 0.711806357 0
vt 0.551847041 0.0107772816 0
vt 0.0503183454 0.596252799 0
vt 0.12506333 0.908541381 0
vt 0.179544181 0.704963744 0
vt 0.0766246021 0.975849688 0
vt 0.136608928 0.640162706 0
vt 0.246451169 0.660603464 0
vt 0.39633444 0.711584389 0
vt 0.289418608 0.0375146382 0
vt 0.22364679 0.260820806 0
vt 0.845460474 0.72578156 0
vt 0.789017916 0.484698653 0
vt 0.143029153 0.625259519 0
vt 0.782465935 0.443782121 0
vt 0.820272446 0.464708656 0
vt 0.57040596 0.00408049254 0
vt 0.814080417 0.494089693 0
vt 0.862013936 0.209860623 0
vt 0.126794338 0.66620326 0
vt 0.730640948 0.735036254 0
vt 0.76562798 0.441447914 0
vt 0.84253037 0.789168417 0
vt 0.263711274 0.330456376 0
vt 0.209200159 0.535181701 0
vt 0.875381052 0.747562289 0
vt 0.890995622 0.999477148 0
vt 0.0382970497 0.554530144 0
vt 0.338339001 0.515232503 0
vt 0.837771177 0.739120841 0
vt 0.00876313634 0.907883406 0
vt 0.0814572945 0.933269978 0
vt 0.384251326 0.68666929 0
vt 0.941090167 0.91303128 0
vt 0.932009637 0.912969291 0
vt 0.823269784 0.179681867 0
vt 0.825475156 0.768589199 0
vt 0.681475759 0.453047693 0
vt 0.197233707 0.488311708 0
vt 0.00305556459 0.57650727 0
vt 0.105827726 0.661229134 0
vt 0.810342908 0.426051825 0
vt 0.382903874 0.473572493 0
vt 0.152971283 0.688117981 0
vt 0.367327034 0.0792902261 0
vt 0.249501199 0.684121251 0
vt 0.0560186692 0.689557254 0
vt 0.230802923 0.721462607 0
vt 0.0875021741 0.87627697 0
vt 0.289252788 0.0533400178 0
vt 0.175020054 0.0853495449 0
vt 0.186864957 0.371357143 0
vt 0.227913737 0.43509084 0
vt 0.212233543 0.265260726 0
vt 0.123672761 0.539858222 0
vt 0.178354055 0.903543234 0
vt 0.17184791 0.456704021 0
vt 0.226467937 0.273647159 0
vt 0.281667143 0.638317108 0
vt 0.227763459 0.618356287 0
vt 0.0353782289 0.947878778 0
vt 0.546302736 0.252562344 0
vt 0.55889684 0.406642139 0
vt 0.199819893 0.273448676 0
vt 0.083670035 0.503584504 0
vt 0.267843902 0.577581406 0
vt 0.217056826 0.260769755 0
vt 0.813135147 0.280588567 0
vt 0.818125427 0.725577831 0
vt 0.118971772 0.528620541 0
vt 0.232937708 0.586131811 0
vt 0.118479252 0.518293381 0
vt 0.215484828 0.283453137 0
vt 0.000799504865 0.869493902 0
vt 0.143342733 0.887365937 0
vt 0.235478014 0.429025054 0
vt 0.149523184 0.626381278 0
vt 0.110834025 0.603242159 0
vt 0.52811867 0.232125804 0
vt 0.396864623 0.490844339 0
vt 0.531680465 0.389043987 0
vt 0.101191752 0.973531127 0
vt 0.130095869 0.697623253 0
vt 0.909842908 0.791890264 0
vt 0.277977109 0.603183508 0
vt 0.177357346 0.939203382 0
vt 0.733776093 0.0528138652 0
vt 0.115170941 0.639520764 0
vt 0.251863152 0.422632903 0
vt 0.146511108 0.145897418 0
vt 0.419363022 0.48213616 0
vt 0.139338642 0.830643535 0
vt 0.0494951457 0.559314728 0
vt 0.138233662 0.920100689 0
vt 0.578787446 0.000813188963 0
vt 0.114957288 0.896605015 0
vt 0.0863619596 0.0467102975 0
vt 0.512111247 0.237704068 0
vt 0.21033898 0.992009878 0
vt 0.190577567 0.771778584 0
vt 0.0137899667 0.606356084 0
vt 0.091881901 0.592767179 0
vt 0.109086953 0.89390856 0
vt 0.0202568918 0.585583031 0
vt 0.248410672 0.518123448 0
vt 0.73897332 0.649386108 0
vt 0.900764346 0.208197802 0
vt 0.0388962403 0.752602637 0
vt 0.73810637 0.429138422 0
vt 0.00795710459 0.637478411 0
vt 0.923454046 0.207440287 0
vt 0.0418655649 0.842137218 0
vt 0.473268896 0.493606955 0
vt 0.82360357 0.457242429 0
vt 0.0934375152 0.556527674 0
vt 0.843531311 0.742323577 0
vt 0.384748399 0.498917252 0
vt 0.230121553 0.693303943 0
vt 0.0761451274 0.997003019 0
vt 0.287104517 0.0300662015 0
vt 0.244369864 0.985583305 0
vt 0.298678756 0.544057369 0
vt 0.277937084 0.618227422 0
vt 0.114440195 0.889295697 0
vt 0.225729361 0.267085791 0
vt 0.156189471 0.573948801 0
vt 0.459455967 0.451474577 0
vt 0.329567373 0.779802084 0
vt 0.402103722 0.723898411 0
vt 0.570083916 0.0106650721 0
vt 0.248313457 0.0128421318 0
vt 0.361964941 0.493387163 0
vt 0.0559158176 0.811276674 0
vt 0.00241571362 0.531350136 0
vt 0.0850200206 0.0173550881 0
vt 0.198602915 0.433071911 0
vt 0.225959629 0.66975522 0
vt 0.161748141 0.643326521 0
vt 0.23720026 0.719369471 0
vt 0.22766158 0.567602217 0
vt 0.148988694 0.90397352 0
vt 0.0906843767 0.600865781 0
vt 0.115755841 0.790240645 0
vt 0.129599959 0.879895568 0
vt 0.177021354 0.948682189 0
vt 0.113454387 0.731200278 0
vt 0.261226028 0.536576748 0
vt 0.251362801 0.0186831523 0
vt 0.244745955 0.0183836911 0
vt 0.377624184 0.633665085 0
vt 0.398115844 0.648349226 0
vt 0.509138584 0.474536508 0
vt 0.17565155 0.614615977 0
vt 0.0312063694 0.97691077 0
vt 0.913200378 0.235719264 0
vt 0.233726069 0.230272844 0
vt 0.0481946878 0.704302013 0
vt 0.160946801 0.990695119 0
vt 0.0970420688 0.985424876 0
vt 0.0952482074 0.807368815 0
vt 0.218741894 0.455312371 0
vt 0.325787157 0.631990612 0
vt 0.206820354 0.628147244 0
vt 0.885048449 0.0331974775 0
vt 0.174857795 0.647419453 0
vt 0.0506773219 0.998444676 0
vt 0.744506717 0.762005031 0
vt 0.510929763 0.0234064162 0
vt 0.929750085 0.217496425 0
vt 0.940974236 0.205906332 0
vt 0.308555484 0.0403301269 0
vt 0.262468845 0.474024534 0
vt 0.206771255 0.722694576 0
vt 0.0969450921 0.544641793 0
vt 0.0560292527 0.499723166 0
vt 0.327196687 0.552929521 0
vt 0.493964672 0.0567117557 0
vt 0.146501839 0.520172238 0
vt 0.00531274173 0.769018352 0
vt 0.213521302 0.690051198 0
vt 0.0294230748 0.939294279 0
vt 0.0812782347 0.0404919274 0
vt 0.123759523 0.546610594 0
vt 0.824826121 0.728842199 0
vt 0.216452956 0.755344391 0
vt 0.250127286 0.0513237678 0
vt 0.416699976 0.683450758 0
vt 0.00705757737 0.50514853 0
vt 0.0160227995 0.531903744 0
vt 0.880189657 0.870413482 0
vt 0.50818634 0.347962707 0
vt 0.269917816 0.0750356019 0
vt 0.195249707 0.762752652 0
vt 0.201909214 0.361973733 0
vt 0.0594107695 0.683799863 0
vt 0.565126777 0.848671079 0
vt 0.526165128 0.000253392122 0
vt 0.305269778 0.769298255 0
vt 0.549560785 0.00459517213 0
vt 0.375636965 0.081332773 0
vt 0.109076664 0.588052511 0
vt 0.0120149041 0.750775456 0
vt 0.813816845 0.303903162 0
vt 0.356851429 0.621993005 0
vt 0.897743225 0.0299142133 0
vt 0.257392168 0.979852915 0
vt 0.313150704 0.107749805 0
vt 0.0882435516 0.93952477 0
vt 0.399983704 0.500137925 0
vt 0.249069422 0.39613986 0
vt 0.718874216 0.750361919 0
vt 0.766037464 0.0516462922 0
vt 0.243563294 0.0507131927 0
vt 0.937465191 0.0910470337 0
vt 0.249447063 0.630416393 0
vt 0.868070722 0.583455801 0
vt 0.255219162 0.416829497 0
vt 0.202635556 0.60368371 0
vt 0.226303607 0.486816466 0
vt 0.248835698 0.444331408 0
vt 0.853194833 0.0831588954 0
vt 0.121873662 0.685212791 0
vt 0.231068075 0.447315454 0
vt 0.0980643108 0.793049097 0
vt 0.112197474 0.541638494 0
vt 0.853302717 0.267447203 0
vt 0.036107257 0.578707218 0
vt 0.00365007436 0.708728909 0
vt 0.899443507 0.226485252 0
vt 0.195551693 0.730657876 0
vt 0.0055133095 0.913770795 0
vt 0.12342862 0.487246722 0
vt 0.563657224 0.27683267 0
vt 0.116900995 0.754411697 0
vt 0.815487742 0.407395005 0
vt 0.124104589 0.739113212 0
vt 0.13560687 0.735024691 0
vt 0.90952003 0.167186216 0
vt 0.166790292 0.409739345 0
vt 0.00409745798 0.762541413 0
vt 0.136394054 0.768443823 0
vt 0.881814837 0.780961394 0
vt 0.225807458 0.575985491 0
vt 0.0518104807 0.565484881 0
vt 0.938130975 0.155797794 0
vt 0.027597798 0.500764251 0
vt 0.727144599 0.192803696 0
vt 0.289918125 0.0186532568 0
vt 0.0928604603 0.573372245 0
vt 0.0138242552 0.912104487 0
vt 0.0754663348 0.547984958 0
vt 0.0124084512 0.832270265 0
vt 0.516180754 0.0273902323 0
vt 0.330109745 0.54151988 0
vt 0.80722928 0.30370909 0
vt 0.0831042826 0.981067061 0
vt 0.557785332 0.36616677 0
vt 0.215691775 0.489380598 0
vt 0.885748029 0.584965706 0
vt 0.194754124 0.467155427 0
vt 0.129519522 0.592613816 0
vt 0.416197121 0.69015187 0
vt 0.965935349 0.174592853 0
vt 0.0765027031 0.597353399 0
vt 0.916036189 0.861076593 0
vt 0.0453023612 0.728176892 0
vt 0.137824178 0.605139196 0
vt 0.117780223 0.0718314201 0
vt 0.651185989 0.00389676914 0
vt 0.0285236984 0.990876019 0
vt 0.0845800862 0.497057319 0
vt 0.136986569 0.509703994 0
vt 0.0167730972 0.0606253222 0
vt 0.902983665 0.17677474 0
vt 0.370547056 0.514295876 0
vt 0.81599319 0.286526561 0
vt 0.198940441 0.356090218 0
vt 0.209376529 0.64232111 0
vt 0.0770642012 0.72309351 0
vt 0.150801525 0.641020536 0
vt 0.713234305 0.718018711 0
vt 0.232701272 0.467979938 0
vt 0.18958807 0.719722211 0
vt 0.263832361 0.443563581 0
vt 0.896930099 0.242511734 0
vt 0.0870926827 0.820709348 0
vt 0.0923693404 0.0138187781 0
vt 0.00525363069 0.0790277049 0
vt 0.221333444 0.386357278 0
vt 0.187044203 0.582565546 0
vt 0.0830708146 0.726806819 0
vt 0.187546134 0.624875307 0
vt 0.303563595 0.539637566 0
vt 0.337730527 0.548919916 0
vt 0.213160783 0.941815257 0
vt 0.887523413 0.777727664 0
vt 0.0901077464 0.610591769 0
vt 0.266185582 0.397538751 0
vt 0.3066715 0.533827066 0
vt 0.364339828 0.679281354 0
vt 0.0914718211 0.525946021 0
vt 0.0370923132 0.639645755 0
vt 0.144336462 0.639729977 0
vt 0.0497358292 0.501977265 0
vt 0.0277003441 0.736406207 0
vt 0.0925004408 0.682770133 0
vt 0.354918927 0.551281929 0
vt 0.229388058 0.701855719 0
vt 0.250615627 0.481476665 0
vt 0.062626712 0.0163804125 0
vt 0.602983236 0.397119582 0
vt 0.186664343 0.094295226 0
vt 0.136008024 0.88263917 0
vt 0.0996205285 0.670173109 0
vt 0.320284039 0.628364265 0
vt 0.303703874 0.758147717 0
vt 0.820241034 0.772186399 0
vt 0.925013065 0.183495939 0
vt 0.212935045 0.348169476 0
vt 0.0952031761 0.037764892 0
vt 0.0520243719 0.697148919 0
vt 0.775698721 0.902557075 0
vt 0.0921673477 0.50453341 0
vt 0.271721303 0.441396475 0
vt 0.10397473 0.642362297 0
vt 0.567327321 0.0257363468 0
vt 0.520968795 0.0366379395 0
vt 0.351831555 0.612067044 0
vt 0.513789237 0.21641916 0
vt 0.275754571 0.491466463 0
vt 0.455531508 0.463984072 0
vt 0.91429472 0.199426174 0
vt 0.245330915 0.406805664 0
vt 0.1732198 0.641036391 0
vt 0.41614598 0.676884592 0
vt 0.0321062021 0.932761908 0
vt 0.0293540396 0.906642795 0
vt 0.0624194667 0.765411258 0
vt 0.0420138128 0.546361923 0
vt 0.893810868 0.787323117 0
vt 0.270036906 0.374675333 0
vt 0.508127272 0.213045478 0
vt 0.377705425 0.612097204 0
vt 0.846662164 0.259856671 0
vt 0.200095296 0.413363099 0
vt 0.149739534 0.661951005 0
vt 0.316655576 0.529530048 0
vt 0.34265098 0.0699185878 0
vt 0.18351914 0.909656167 0
vt 0.4032695 0.468694031 0
vt 0.134628385 0.762094855 0
vt 0.0555399731 0.489654958 0
vt 0.0784723386 0.520103157 0
vt 0.747429132 0.724011719 0
vt 0.0985484719 0.662601173 0
vt 0.12170957 0.038681116 0
vt 0.914944351 0.124806896 0
vt 0.265471786 0.97812438 0
vt 0.118527912 0.884134591 0
vt 0.023066774 0.811995804 0
vt 0.0616410114 0.00986768212 0
vt 0.0016891954 0.546278238 0
vt 0.174821571 0.680483878 0
vt 0.397336155 0.506175756 0
vt 0.880034566 0.789353073 0
vt 0.36367321 0.672578454 0
vt 0.170103267 0.818065584 0
vt 0.929136157 0.794393718 0
vt 0.146419346 0.742821634 0
vt 0.21340096 0.481569558 0
vt 0.885098457 0.226746589 0
vt 0.0723460466 0.030411534 0
vt 0.192529187 0.410163164 0
vt 0.887047112 0.802639186 0
vt 0.205648929 0.419130147 0
vt 0.0139799044 0.507066786 0
vt 0.875918031 0.0802451819 0
vt 0.201149881 0.685102105 0
vt 0.139376745 0.193020552 0
vt 0.213884503 0.632292867 0
vt 0.346382916 0.600349724 0
vt 0.773086727 0.451066941 0
vt 0.190187678 0.95035243 0
vt 0.383230209 0.510737419 0
vt 0.262324661 0.343264163 0
vt 0.784050107 0.781363368 0
vt 0.121260025 0.771984696 0
vt 0.146640778 0.790077627 0
vt 0.314299852 0.640895069 0
vt 0.831970572 0.731461644 0
vt 0.0681454092 0.655953467 0
vt 0.189958125 0.594307721 0
vt 0.172529966 0.414215624 0
vt 0.253298372 0.407233715 0
vt 0.223497972 0.412925482 0
vt 0.103933632 0.715620279 0
vt 0.836163044 0.784044266 0
vt 0.0790162981 0.0574512966 0
vt 0.18608056 0.437648118 0
vt 0.0269486047 0.598418832 0
vt 0.882454932 0.768877566 0
vt 0.369091362 0.665425122 0
vt 0.414435863 0.490249276 0
vt 0.872096837 0.805288076 0
vt 0.207618773 0.395444632 0
vt 0.518912852 0.0108029954 0
vt 0.362136602 0.592364073 0
vt 0.0405857228 0.678078473 0
vt 0.34210363 0.673325598 0
vt 0.00461408542 0.520002961 0
vt 0.271608114 0.601493835 0
vt 0.388217777 0.700830698 0
vt 0.279523253 0.458746701 0
vt 0.274572134 0.476448387 0
vt 0.899188876 0.819432795 0
vt 0.0979881734 0.526933372 0
vt 0.0530615896 0.817216814 0
vt 0.42126739 0.668930173 0
vt 0.0849189013 0.753003836 0
vt 0.0894064903 0.89194262 0
vt 0.0919537097 0.898014069 0
vt 0.336062282 0.7809816 0
vt 0.656418085 0.423777431 0
vt 0.243278831 0.632736921 0
vt 0.19932498 0.280020297 0
vt 0.993834555 0.13655436 0
vt 0.0551849641 0.0424470305 0
vt 0.459538072 0.050710164 0
vt 0.185465813 0.589485168 0
vt 0.255138487 0.429169357 0
vt 0.20293054 0.594288349 0
vt 0.802232325 0.799065888 0
vt 0.210046709 0.778344154 0
vt 0.770310163 0.421859503 0
vt 0.987977803 0.335099012 0
vt 0.0543951914 0.00986510143 0
vt 0.292938083 0.0876628682 0
vt 0.12403433 0.7517941 0
vt 0.0729987472 0.702563882 0
vt 0.862695456 0.751619339 0
vt 0.059240602 0.944553971 0
vt 0.208159596 0.542507052 0
vt 0.880149961 0.807273805 0
vt 0.200230509 0.42405957 0
vt 0.262097001 0.57435739 0
vt 0.138233736 0.199598655 0
vt 0.130973965 0.522045791 0
vt 0.932323694 0.906353116 0
vt 0.182846636 0.423586488 0
vt 0.246683985 0.580185711 0
vt 0.376490772 0.507178605 0
vt 0.0578560494 0.859631181 0
vt 0.88462019 0.0951582268 0
vt 0.225059286 0.478085816 0
vt 0.0539132282 0.786459684 0
vt 0.25540182 0.526074052 0
vt 0.80958271 0.404471517 0
vt 0.806086242 0.15481554 0
vt 0.804076612 0.726879239 0
vt 0.383905917 0.485304743 0
vt 0.360969126 0.511766255 0
vt 0.216565132 0.39169383 0
vt 0.85849911 0.537880599 0
vt 0.278267711 0.499774516 0
vt 0.397276521 0.730829716 0
vt 0.792339742 0.161697209 0
vt 0.205964655 0.427307427 0
vt 0.24618566 0.487870753 0
vt 0.0189295188 0.664886951 0
vt 0.454005986 0.304244101 0
vt 0.190683186 0.797272384 0
vt 0.141578481 0.648376405 0
vt 0.554958761 0.360211134 0
vt 0.181715921 0.558839917 0
vt 0.120821968 0.845056057 0
vt 0.00069169153 0.599275887 0
vt 0.200009972 0.546720386 0
vt 0.419790775 0.499576181 0
vt 0.244353235 0.505089879 0
vt 0.0656426251 0.627848148 0
vt 0.439390391 0.0728702843 0
vt 0.819993973 0.293640137 0
vt 0.87223208 0.788173437 0
vt 0.796870053 0.440967411 0
vt 0.00253415876 0.612621725 0
vt 0.188083827 0.557141781 0
vt 0.0600251406 0.708371878 0
vt 0.334920406 0.501887858 0
vt 0.100389719 0.0440882631 0
vt 0.275677174 0.436125487 0
vt 0.907965422 0.80519253 0
vt 0.343947589 0.0782850459 0
vt 0.249061331 0.511565387 0
vt 0.990828514 0.119239703 0
vt 0.0476458445 0.837215841 0
vt 0.0770255625 0.0354571044 0
vt 0.0567359366 0.670696616 0
vt 0.942024171 0.89692533 0
vt 0.222256228 0.335899979 0
vt 0.817465246 0.764443994 0
vt 0.333675086 0.51988858 0
vt 0.111998193 0.624392152 0
vt 0.875359893 0.0258478597 0
vt 0.636021376 0.0997400582 0
vt 0.19486177 0.348264575 0
vt 0.817828059 0.434908926 0
vt 0.886899889 0.195193648 0
vt 0.000540077919 0.777473509 0
vt 0.17074725 0.704627395 0
vt 0.723048091 0.197970062 0
vt 0.23716718 0.360449612 0
vt 0.840476811 0.531934857 0
vt 0.964844823 0.133094564 0
vt 0.88076669 0.737269044 0
vt 0.777711332 0.156200588 0
vt 0.85969913 0.789624274 0
vt 0.619855285 0.358840287 0
vt 0.132861122 0.565515399 0
vt 0.088818714 0.0228296369 0
vt 0.858508468 0.583665967 0
vt 0.0517099574 0.663986802 0
vt 0.743236899 0.78953141 0
vt 0.322642267 0.781047165 0
vt 0.0580849648 0.725943446 0
vt 0.00736178597 0.650711715 0
vt 0.0888529941 0.855636656 0
vt 0.146947712 0.184138566 0
vt 0.463790923 0.46234861 0
vt 0.219466314 0.53546685 0
vt 0.886940837 0.763818622 0
vt 0.258667499 0.434737593 0
vt 0.870282114 0.558469772 0
vt 0.0311561525 0.659682333 0
vt 0.0784033686 0.853813767 0
vt 0.0378114246 0.0519552082 0
vt 0.709641218 0.706932008 0
vt 0.061717853 0.771963656 0
vt 0.826696157 0.46306172 0
vt 0.0374098793 0.829153061 0
vt 0.246125564 0.41648379 0
vt 0.205183148 0.378348589 0
vt 0.257826418 0.482542276 0
vt 0.00837188773 0.615679502 0
vt 0.0708214343 0.815581441 0
vt 0.0282094702 0.685658574 0
vt 0.224677801 0.697053492 0
vt 0.163837582 0.538939297 0
vt 0.539720476 0.345310301 0
vt 0.152958333 0.518857718 0
vt 0.841855764 0.781027675 0
vt 0.0871171206 0.693760931 0
vt 0.760309041 0.0472376272 0
vt 0.92859149 0.933307767 0
vt 0.302333683 0.721878171 0
vt 0.874684811 0.782060444 0
vt 0.0853647143 0.591027498 0
vt 0.018244965 0.708829761 0
vt 0.626940787 0.401469588 0
vt 0.253593594 0.578900337 0
vt 0.164517313 0.821561635 0
vt 0.75043118 0.800106525 0
vt 0.0989022404 0.570030212 0
vt 0.0826865211 0.0984891504 0
vt 0.774836421 0.783443332 0
vt 0.0472402759 0.780933499 0
vt 0.0645200759 0.0415023789 0
vt 0.718259215 0.735514462 0
vt 0.784926116 0.809235394 0
vt 0.0711455643 0.714678645 0
vt 0.18627584 0.764268816 0
vt 0.166305348 0.759432316 0
vt 0.0404491127 0.935952485 0
vt 0.038431 0.0591895394 0
vt 0.00745884748 0.681241512 0
vt 0.0576893948 0.91488564 0
vt 0.108185805 0.822480261 0
vt 0.0210882649 0.639091492 0
vt 0.472081333 0.262605965 0
vt 0.094697848 0.826139748 0
vt 0.736398041 0.407885283 0
vt 0.098927021 0.785826087 0
vt 0.0291178282 0.638571203 0
vt 0.0809470862 0.717768371 0
vt 0.908352613 0.777625322 0
vt 0.879067898 0.0482488945 0
vt 0.975463331 0.333690107 0
vt 0.168822765 0.677753806 0
vt 0.170057923 0.797126591 0
vt 0.21119535 0.523427367 0
vt 0.511156797 0.30820784 0
vt 0.0554015264 0.713068247 0
vt 0.804468513 0.419147491 0
vt 0.0196236037 0.0431377143 0
vt 0.155212477 0.154248089 0
vt 0.0225423202 0.780608535 0
vt 0.33526659 0.787523866 0
vt 0.699078441 0.745754778 0
vt 0.195945591 0.597058058 0
vt 0.080115959 0.757900298 0
vt 0.0654455647 0.784385324 0
vt 0.175198749 0.801451683 0
vt 0.914130628 0.866747379 0
vt 0.817314982 0.176950946 0
vt 0.198088259 0.586139321 0
vt 0.768999457 0.780382037 0
vt 0.512741983 0.28889069 0
vt 0.2454364 0.494418234 0
vt 0.883094192 0.0887502804 0
vt 0.865913391 0.777735353 0
vt 0.239467755 0.00636735559 0
vt 0.236296952 0.593532503 0
vt 0.277640402 0.483654588 0
vt 0.922342658 0.921491086 0
vt 0.548231721 0.37470001 0
vt 0.0278651025 0.708916068 0
vt 0.0398805328 0.0421782807 0
vt 0.788155794 0.754308403 0
vt 0.0292980224 0.808289528 0
vt 0.307222307 0.908881605 0
vt 0.112189859 0.737668335 0
vt 0.000855287013 0.142706886 0
vt 0.167346001 0.545627594 0
vt 0.799625516 0.711343706 0
vt 0.817498744 0.275293827 0
vt 0.0988310575 0.967379034 0
vt 0.161269605 0.764902174 0
vt 0.0744651631 0.109055243 0
vt 0.650221944 0.421524227 0
vt 0.268833965 0.49165827 0
vt 0.879673719 0.715233088 0
vt 0.987158 0.134293526 0
vt 0.997309089 0.122599825 0
vt 0.0910716727 0.849431574 0
vt 0.750699997 0.731028795 0
vt 0.0591571182 0.782417238 0
vt 0.0936523378 0.0295939781 0
vt 0.0281177629 0.770060539 0
vt 0.214971051 0.384638906 0
vt 0.0582702085 0.126673475 0
vt 0.0620488785 0.854524493 0
vt 0.227431357 0.471937209 0
vt 0.118477523 0.784238815 0
vt 0.132061779 0.845843792 0
vt 0.753608227 0.408719718 0
vt 0.186083212 0.740075111 0
vt 0.202442586 0.539228678 0
vt 0.101698563 0.82131815 0
vt 0.73119539 0.419550449 0
vt 0.242804885 0.475607455 0
vt 0.211637408 0.567427754 0
vt 0.0678103119 0.0508446321 0
vt 0.322721124 0.774457335 0
vt 0.626232028 0.394915849 0
vt 0.693936229 0.576809347 0
vt 0.176304743 0.758481562 0
vt 0.159815863 0.781051457 0
vt 0.3234694 0.582808733 0
vt 0.266887188 0.523751795 0
vt 0.747033954 0.736368835 0
vt 0.765783966 0.736965775 0
vt 0.146928623 0.820589244 0
vt 0.118020065 0.83908838 0
vt 0.11019551 0.758485675 0
vt 0.703632534 0.686316431 0
vt 0.904805839 0.0410732217 0
vt 0.892873645 0.108644567 0
vt 0.224032566 0.393089741 0
vt 0.226442084 0.960759819 0
vt 0.507471144 0.244801089 0
vt 0.65297842 0.430480301 0
vt 0.680570543 0.446520686 0
vt 0.014013865 0.0708059967 0
vt 0.135266006 0.0321220271 0
vt 0.153139621 0.791384935 0
vt 0.852408588 0.0513863787 0
vt 0.808200359 0.801748633 0
vt 0.125917003 0.583699703 0
vt 0.24213022 0.537420809 0
vt 0.0424184687 0.0644364879 0
vt 0.261512458 0.519939482 0
vt 0.503569603 0.305736035 0
vt 0.933505237 0.921035647 0
vt 0.970222294 0.985055268 0
vt 0.911410332 0.119243667 0
vt 0.163227156 0.80695641 0
vt 0.223679736 0.660046458 0
vt 0.664026439 0.0163453445 0
vt 0.772435009 0.032551419 0
vt 0.084094882 0.814335287 0
vt 0.19765918 0.575290143 0
vt 0.697131455 0.678102255 0
vt 0.417617857 0.696772099 0
vt 0.891826332 0.582417488 0
vt 0.754051924 0.71932596 0
vt 0.968263924 0.328563422 0
vt 0.309796602 0.860990167 0
vt 0.00557409553 0.799042583 0
vt 0.724813819 0.770632148 0
vt 0.878473341 0.033626765 0
vt 0.854035139 0.578478873 0
vt 0.153775051 0.898962796 0
vt 0.838398516 0.42374751 0
vt 0.128907025 0.577826619 0
vt 0.0661854371 0.776807725 0
vt 0.275976747 0.832840502 0
vt 0.064368546 0.0669324622 0
vt 0.171870694 0.745929837 0
vt 0.0637329221 0.935926914 0
vt 0.47367382 0.452613473 0
vt 0.835893154 0.792508006 0
vt 0.904958546 0.106934495 0
vt 0.868462443 0.0520479716 0
vt 0.157444283 0.7361027 0
vt 0.092769213 0.783477664 0
vt 0.229177922 0.534492671 0
vt 0.860241294 0.228861287 0
vt 0.205164373 0.693205416 0
vt 0.189585552 0.811158597 0
vt 0.745462835 0.716707706 0
vt 0.191512674 0.785506904 0
vt 0.105030924 0.783340991 0
vt 0.201836139 0.762526631 0
vt 0.26987651 0.484898865 0
vt 0.302583396 0.853730202 0
vt 0.216797799 0.61986208 0
vt 0.166064978 0.74904871 0
vt 0.964184523 0.121168233 0
vt 0.270279348 0.0243051518 0
vt 0.115163632 0.748054802 0
vt 0.467761338 0.317915916 0
vt 0.0285322834 0.791033089 0
vt 0.325948387 0.762616456 0
vt 0.722823322 0.76435703 0
vt 0.768662989 0.455950022 0
vt 0.0594859049 0.928031981 0
vt 0.0227801763 0.023785796 0
vt 0.861573517 0.817625701 0
vt 0.928282022 0.0278077275 0
vt 0.854198635 0.0434375592 0
vt 0.122515306 0.827870727 0
vt 0.623281598 0.00942855794 0
vt 0.621570766 0.379026234 0
vt 0.846503198 0.444754124 0
vt 0.106875353 0.790418506 0
vt 0.748481154 0.657296181 0
vt 0.125864193 0.745462596 0
vt 0.775429606 0.383696288 0
vt 0.50335902 0.340545863 0
vt 0.0287761502 0.0613092706 0
vt 0.103803009 0.809942842 0
vt 0.021962529 0.0671120957 0
vt 0.798123538 0.897382498 0
vt 0.623688638 0.00193481205 0
vt 0.920650303 0.813762784 0
vt 0.508910775 0.315739959 0
vt 0.154849082 0.756281972 0
vt 0.917674363 0.886739314 0
vt 0.103374399 0.945953906 0
vt 0.815543771 0.750556409 0
vt 0.831662893 0.00708627608 0
vt 0.490684003 0.0686179847 0
vt 0.0730560347 0.802916169 0
vt 0.0052461368 0.699424565 0
vt 0.0865447596 0.759389758 0
vt 0.0783265382 0.830989718 0
vt 0.00487999571 0.79137367 0
vt 0.137486711 0.0119030923 0
vt 0.0630635768 0.823250413 0
vt 0.0186106972 0.816851199 0
vt 0.142567202 0.766115904 0
vt 0.861379206 0.286300302 0
vt 0.93727994 0.929941058 0
vt 0.0945768282 0.814247251 0
vt 0.730412722 0.744223356 0
vt 0.0551229939 0.120719425 0
vt 0.124621123 0.787160099 0
vt 0.490229368 0.282621026 0
vt 0.748633742 0.467925608 0
vt 0.0123515306 0.676826119 0
vt 0.148882985 0.759416163 0
vt 0.160741776 0.742071033 0
vt 0.682991147 0.653891683 0
vt 0.0819392055 0.824878812 0
vt 0.742208838 0.783024013 0
vt 0.390947282 0.504560232 0
vt 0.96965009 0.114301719 0
vt 0.634738445 0.0151251107 0
vt 0.626756132 0.0167452972 0
vt 0.705024242 0.695379734 0
vt 0.237053305 0.801451564 0
vt 0.0568501949 0.794309258 0
vt 0.0923010111 0.776904285 0
vt 0.836751342 0.0486084931 0
vt 0.204955488 0.832860589 0
vt 0.0639043897 0.917060733 0
vt 0.0412553847 0.648815989 0
vt 0.74586159 0.651249051 0
vt 0.802545011 0.425449848 0
vt 0.158891916 0.748396158 0
vt 0.694698215 0.0290106907 0
vt 0.730770111 0.755229414 0
vt 0.769228637 0.799868345 0
vt 0.898734629 0.0225550197 0
vt 0.0105307959 0.0627387911 0
vt 0.0728261471 0.775008678 0
vt 0.965923667 0.990050852 0
vt 0.0114430143 0.817761958 0
vt 0.119892478 0.00420671701 0
vt 0.797195077 0.773214817 0
vt 0.650446892 0.024167737 0
vt 0.387603104 0.478190154 0
vt 0.834863186 0.574306548 0
vt 0.743264437 0.0295614954 0
vt 0.807511568 0.18039915 0
vt 0.817104816 0.456147611 0
vt 0.756416023 0.797345161 0
vt 0.739581764 0.0240960512 0
vt 0.77251482 0.0239141546 0
vt 0.134139448 0.755523026 0
vt 0.829135835 0.749397635 0
vt 0.218269587 0.420807987 0
vt 0.811257958 0.387997031 0
vt 0.375029922 0.519125938 0
vt 0.89453727 0.0827163309 0
vt 0.069930993 0.80905211 0
vt 0.917267501 0.896078587 0
vt 0.222143799 0.831705809 0
vt 0.866489172 0.241947696 0
vt 0.905309558 0.0493379608 0
vt 0.756906152 0.778425157 0
vt 0.799960077 0.792834163 0
vt 0.143854186 0.0217921939 0
vt 0.0138332332 0.684948146 0
vt 0.718108416 0.062304005 0
vt 0.73625803 0.415295184 0
vt 0.959106445 0.887462914 0
vt 0.100948751 0.980116785 0
vt 0.0420832187 0.816683173 0
vt 0.92326194 0.0518482774 0
vt 0.779078722 0.00993870944 0
vt 0.887958944 0.0829215795 0
vt 0.723691761 0.665212512 0
vt 0.823996425 0.432580352 0
vt 0.88004607 0.0568223819 0
vt 0.487285525 0.326209754 0
vt 0.809577405 0.380429685 0
vt 0.581698954 0.39956978 0
vt 0.693434 0.0172140077 0
vt 0.0849155635 0.80384165 0
vt 0.75558877 0.393380314 0
vt 0.436251611 0.284073353 0
vt 0.743663371 0.472249717 0
vt 0.72441417 0.0515982956 0
vt 0.132578582 7.2576564e-05 0
vt 0.752586126 0.41927591 0
vt 0.0306174178 0.675340295 0
vt 0.800610483 0.435542017 0
vt 0.721479535 0.606873155 0
vt 0.752039313 0.0422483385 0
vt 0.503795326 0.352858156 0
vt 0.135196507 0.0255890321 0
vt 0.0344066806 0.709716439 0
vt 0.630644023 0.00996113941 0
vt 0.901476026 0.593227506 0
vt 0.835478008 0.48244974 0
vt 0.82927072 0.480233967 0
vt 0.834442377 0.435019612 0
vt 0.39983961 0.693698347 0
vt 0.0236390028 0.702374876 0
vt 0.174550474 0.771246612 0
vt 0.753612161 0.425785005 0
vt 0.23449789 0.279210895 0
vt 0.767482579 0.0429017022 0
vt 0.865249634 0.0328739919 0
vt 0.0109612364 0.787086844 0
vt 0.749537349 0.0315822475 0
vt 0.745330751 0.644407511 0
vt 0.522150874 0.367258042 0
vt 0.359199971 0.53696394 0
vt 0.782923341 0.414234877 0
vt 0.956820786 0.155549616 0
vt 0.126240343 0.72037518 0
vt 0.716773748 0.0080611892 0
vt 0.753940344 0.0489293635 0
vt 0.469306529 0.500459373 0
vt 0.790235162 0.796172321 0
vt 0.845413804 0.748787761 0
vt 0.758031845 0.443515539 0
vt 0.822192907 0.02127284 0
vt 0.897150636 0.864689827 0
vt 0.739176393 0.00144128909 0
vt 0.737068176 0.634304643 0
vt 0.97195065 0.121863902 0
vt 0.400653899 0.686387718 0
vt 0.711386144 0.603431761 0
vt 0.956511676 0.984838605 0
vt 0.718141675 0.0536216944 0
vt 0.66982913 0.0194689557 0
vt 0.956331432 0.127975345 0
vt 0.398142695 0.463039339 0
vt 0.867145658 0.851422608 0
vt 0.132732242 0.00692478381 0
vt 0.804801166 0.782068372 0
vt 0.72829634 0.916447997 0
vt 0.789983988 0.457360923 0
vt 0.939934552 0.138254136 0
vt 0.728437901 0.634143114 0
vt 0.871117175 0.705339611 0
vt 0.746799052 0.774999082 0
vt 0.865870953 0.0581074283 0
vt 0.840820491 0.43170771 0
vt 0.89740634 0.0542334691 0
vt 0.301086009 0.624005139 0
vt 0.985952735 0.0252017528 0
vt 0.308294982 0.762873471 0
vt 0.725963414 0.461664081 0
vt 0.747287214 0.0484876148 0
vt 0.928492904 0.857629299 0
vt 0.729846954 0.0310696755 0
vt 0.787808478 0.775958896 0
vt 0.658886075 0.0111252889 0
vt 0.955768704 0.933796942 0
vt 0.96610564 0.977877617 0
vt 0.936710119 0.860851347 0
vt 0.733110785 0.025344301 0
vt 0.00306329504 0.947681308 0
vt 0.758022249 0.0545647964 0
vt 0.959917784 0.975609899 0
vt 0.128847614 0.0170550402 0
vt 0.79246068 0.169294268 0
vt 0.742013574 0.659010768 0
vt 0.95168364 0.0465162471 0
vt 0.187972561 0.631450355 0
vt 0.638932705 0.00526480796 0
vt 0.923270464 0.954929352 0
vt 0.0989863425 0.620398939 0
vt 0.612521052 0.40166986 0
vt 0.899300456 0.0746120065 0
vt 0.802648306 0.0498866811 0
vt 0.771573067 0.0480694622 0
vt 0.168671042 0.172038287 0
vt 0.307790577 0.0587339774 0
vt 0.919333339 0.902558863 0
vt 0.933332443 0.827108979 0
vt 0.825436056 0.0553058386 0
vt 0.914319396 0.0779315308 0
vt 0.796889961 0.0462320335 0
vt 0.90880841 0.0125717772 0
vt 0.697363019 0.00517488923 0
vt 0.755179405 0.0349867009 0
vt 0.716467679 0.611171484 0
vt 0.727661669 0.622722805 0
vt 0.82079494 0.0651391968 0
vt 0.82672739 0.0449442789 0
vt 0.843190193 0.543606579 0
vt 0.755572081 0.662627816 0
vt 0.288940161 0.686747253 0
vt 0.903109074 0.0619522072 0
vt 0.8952052 0.905481517 0
vt 0.709790349 0.617088795 0
vt 0.321735382 0.790356278 0
vt 0.753584921 0.651405394 0
vt 0.482662976 0.253427833 0
vt 0.714417338 0.0199073143 0
vt 0.47732082 0.476375252 0
vt 0.903678179 0.0271236151 0
vt 0.850542068 0.742475986 0
vt 0.657864213 0.0226585176 0
vt 0.922940314 0.0592054389 0
vt 0.722966671 0.630457878 0
vt 0.758513927 0.0406709686 0
vt 0.903030157 0.0161380246 0
vt 0.734030247 0.464217484 0
vt 0.961916566 0.0714805573 0
vt 0.792838454 0.0334694535 0
vt 0.910916448 0.0642959699 0
vt 0.945180297 0.874776006 0
vt 0.687918782 0.0136060407 0
vt 0.922887325 0.0315976627 0
vt 0.899789572 0.0453509167 0
vt 0.726281166 0.444294602 0
vt 0.967853308 0.0679207742 0
vt 0.971010268 0.0373158902 0
vt 0.742504478 0.465432078 0
vt 0.828271627 0.574404478 0
vt 0.785463572 0.0215588436 0
vt 0.727289438 0.922960877 0
vt 0.979786873 0.0275767427 0
vt 0.638262749 0.0207951888 0
vt 0.0723895878 0.967031777 0
vt 0.890542686 0.86793381 0
vt 0.904217124 0.902867794 0
vt 0.87558198 0.709601164 0
vt 0.968984663 0.0533162355 0
vt 0.747787058 0.461098105 0
vt 0.807151854 0.0586861596 0
vt 0.695881844 0.58436501 0
vt 0.94934243 0.935086846 0
vt 0.765999675 0.022930596 0
vt 0.617777467 0.0195884556 0
vt 0.954609573 0.927324593 0
vt 0.296292484 0.851766706 0
vt 0.668571711 0.00365110603 0
vt 0.829561591 0.0721575022 0
vt 0.938245296 8.27444637e-06 0
vt 0.824705243 0.795087755 0
vt 0.630129755 0.00333081372 0
vt 0.82203424 0.572274625 0
vt 0.772211492 0.0104952771 0
vt 0.778958678 0.0334873907 0
vt 0.797860205 0.0292015038 0
vt 0.786395073 0.81681031 0
vt 0.962507069 0.0280218385 0
vt 0.833797932 0.817350507 0
vt 0.795028687 0.0529205799 0
vt 0.798005104 0.729537964 0
vt 0.801097572 0.0234653689 0
vt 0.950656772 0.922092319 0
vt 0.813459158 0.0567757525 0
vt 0.215190902 0.724158406 0
vt 0.814647436 0.80752635 0
vt 0.800289273 0.0581327118 0
vt 0.226235911 0.716324568 0
vt 0.870411992 0.714428484 0
vt 0.706564903 0.580848515 0
vt 0.588112116 0.919301689 0
vt 0.788731098 0.0158236772 0
vt 0.740577042 0.682571173 0
vt 0.93120271 0.00261064502 0
vt 0.856235385 0.846427381 0
vt 0.879965723 0.603543401 0
vt 0.807979941 0.0430437401 0
vt 0.69914788 0.590071142 0
vt 0.786263704 0.0339233205 0
vt 0.93789494 0.00658943597 0
vt 0.750341535 0.0709673092 0
vt 0.794666648 0.0186947379 0
vt 0.844080448 0.816794276 0
vt 0.770734429 0.0173550434 0
vt 0.932554662 0.0491178147 0
vt 0.94474715 0.00545709068 0
vt 0.844780207 0.825540245 0
vt 0.683252037 0.57252568 0
vt 0.932504654 0.0753495768 0
vt 0.809139609 0.051021371 0
vt 0.860873342 0.830244541 0
vt 0.212672621 0.18382965 0
vt 0.997628152 0.0195374805 0
vt 0.867197394 0.831293523 0
vt 0.984922767 0.0317103826 0
vt 0.994937778 0.0616480485 0
vt 0.9963938 0.0128013138 0
vt 0.837812901 0.812293351 0
vt 0.829392135 0.809880674 0
vt 0.840848207 0.806455553 0
vt 0.924493909 0.825083554 0
vt 0.980256796 0.0711220875 0
vt 0.863961935 0.837070346 0
vt 0.967741489 0.0745635182 0
vt 0.776263356 0.731524527 0
vt 0.998538435 0.0324725695 0
vt 0.991323054 0.017009994 0
vt 0.941813469 0.0959988534 0
vt 0.988072693 0.0659097135 0
vt 0.899344981 0.847503126 0
vt 0.837089062 0.801039398 0
vt 0.344373763 0.885791421 0
vt 0.982668459 0.0543296859 0
vt 0.789931297 0.731032491 0
vt 0.950733483 0.058384072 0
vt 0.858168721 0.823265672 0
vt 0.955103755 0.0718045607 0
vt 0.95417738 0.0640005618 0
vt 0.932497144 0.0104802884 0
vt 0.965284705 0.0339988135 0
vt 0.70539546 0.606232762 0
vt 0.761386275 0.703447044 0
vt 0.942500532 0.0623943619 0
vt 0.78872025 0.73717159 0
vt 0.804193318 0.757412732 0
vt 0.995558858 0.0407635383 0
vt 0.935871363 0.100269616 0
vt 0.76348114 0.713354111 0
vt 0.975096166 0.0560036041 0
vt 0.749117732 0.703514278 0
vt 0.793488503 0.741759598 0
vt 0.956143975 0.0862789676 0
vt 0.961057186 0.0814984888 0
vt 0.94207418 0.0515145436 0
vt 0.942299128 0.0721298456 0
vt 0.744234562 0.697458625 0
vt 0.931788146 0.114043362 0
vt 0.794769406 0.752192259 0
vn 0 1 0
vn 0 1 0
vn 0 1 0
vn 0 1 0
vn 0 1 0
vn 0 1 0
vn 0 1 0
vn 0 1 0
vn 0 1 0
vn 0 1 0
vn 0 1 0
vn 0 1 0
vn 0 1 0
vn 0 1 0
vn 0 1 0
vn 0 1 0
vn 0 1 0
vn 0 1 0
vn 0 1 0
vn 0 1 0
vn 0 1 0
vn 0 1 0
vn 0 1 0
vn 0 1 0
vn 0 1 0
vn 0 1 0
vn 0 1 0
vn 0 1 0
vn 0 1 0
vn 0 1 0
vn 0 1 0
vn 0 1 0
vn 0 1 0
vn 0 1 0
vn 0 1 0
vn 0 1 0
vn 0 1 0
vn 0 1 0
vn 0 1 0
vn 0 1 0
vn 0 1 0
vn 0 1 0
vn 0 1 0
vn 0 1 0
vn 0 1 0
vn 0 1 0
vn 0 1 0
vn 0 1 0
vn 0 1 0
vn 0 1 0
vn 0 1 0
vn 0 1 0
vn 0 1 0
vn 0 1 0
vn 0 1 0
vn 0 1 0
vn 0 1 0
vn 0 1 0
vn 0 1 0
vn 0 1 0
vn 0 1 0
vn 0 1 0
vn 0 1 0
vn 0 1 0
vn 0 1 0
vn 0 1 0
vn 0 1 0
vn 0 1 0
vn 0 1 0
vn 0 1 0
vn 0 1 0
vn 0 1 0
vn 0 1 0
vn 0 1 0
vn 0 1 0
vn 0 1 0
vn 0 1 0
vn 0 1 0
vn 0 1 0
vn 0 1 0
vn 0 1 0
vn 0 1 0
vn 0 1 0
vn 0 1 0
vn 0 1 0
vn 0 1 0
vn 0 1 0
vn 0 1 0
vn 0 1 0
vn 0 1 0
vn 0 1 0
vn 0 1 0
vn 0 1 0
vn 0 1 0
vn 0 1 0
vn 0 1 0
vn 0 1 0
vn 0 1 0
vn 0 1 0
vn 0 1 0
vn 0 1 0
vn 0 1 0
vn 0 1 0
vn 0 1 0
vn 0 1 0
vn 0 1 0
vn 0 1 0
vn 0 1 0
vn 0 1 0
vn 0 1 0
vn 0 1 0
vn 0 1 0
vn 0 1 0
vn 0 1 0
vn 0 1 0
vn 0 1 0
vn 0 1 0
vn 0 1 0
vn 0 1 0
vn 0 1 0
vn 0 1 0
vn 0 1 0
vn 0 1 0
vn 0 1 0
vn 0 1 0
vn 0 1 0
vn 0 1 0
vn 0 1 0
vn 0 1 0
vn 0 1 0
vn 0 1 0
vn 0 1 0
vn 0 1 0
vn 0 1 0
vn 0 1 0
vn 0 1 0
vn 0 1 0
vn 0 1 0
vn 0 1 0
vn 0 1 0
vn 0 1 0
vn 0 1 0
vn 0 1 0
vn 0 1 0
vn 0 1 0
vn 0 1 0
vn 0 1 0
vn 0 1 0
vn 0 1 0
vn 0 1 0
vn 0 1 0
vn 0 1 0
vn 0 1 0
vn 0 1 0
vn 0 1 0
vn 0 1 0
vn 0 1 0
vn 0 1 0
vn 0 1 0
vn 0 1 0
vn 0 1 0
vn 0 1 0
vn 0 1 0
vn 0 1 0
vn 0 1 0
vn 0 1 0
vn 0 1 0
vn 0 1 0
vn 0 1 0
vn 0 1 0
vn 0 1 0
vn 0 1 0
vn 0 1 0
vn 0 1 0
vn 0 1 0
vn 0 1 0
vn 0 1 0
vn 0 1 0
vn 0 1 0
vn 0 1 0
vn 0 1 0
vn 0 1 0
vn 0 1 0
vn 0 1 0
vn 0 1 0
vn 0 1 0
vn 0 1 0
vn 0 1 0
vn 0 1 0
vn 0 1 0
vn 0 1 0
vn 0 1 0
vn 0 1 0
vn 0 1 0
vn 0 1 0
vn 0 1 0
vn 0 1 0
vn 0 1 0
vn 0 1 0
vn 0 1 0
vn 0 1 0
vn 0 1 0
vn 0 1 0
vn 0 1 0
vn 0 1 0
vn 0 1 0
vn 0 1 0
vn 0 1 0
vn 0 1 0
vn 0 1 0
vn 0 1 0
vn 0 1 0
vn 0 1 0
vn 0 1 0
vn 0 1 0
vn 0 1 0
vn 0 1 0
vn 0 1 0
vn 0 1 0
vn 0 1 0
vn 0 1 0
vn 0 1 0
vn 0 1 0
vn 0 1 0
vn 0 1 0
vn 0 1 0
vn 0 1 0
vn 0 1 0
vn 0 1 0
vn 0 1 0
vn 0 1 0
vn 0 1 0
vn 0 1 0
vn 0 1 0
vn 0 1 0
vn 0 1 0
vn 0 1 0
vn 0 1 0
vn 0 1 0
vn 0 1 0
vn 0 1 0
vn 0 1 0
vn 0 1 0
vn 0 1 0
vn 0 1 0
vn 0 1 0
vn 0 1 0
vn 0 1 0
vn 0 1 0
vn 0 1 0
vn 0 1 0
vn 0 1 0
vn 0 1 0
vn 0 1 0
vn 0 1 0
vn 0 1 0
vn 0 1 0
vn 0 1 0
vn 0 1 0
vn 0 1 0
vn 0 1 0
vn 0 1 0
vn 0 1 0
vn 0 1 0
vn 0 1 0
vn 0 1 0
vn 0 1 0
vn 0 1 0
vn 0 1 0
vn 0 1 0
vn 0 1 0
vn 0 1 0
vn 0 1 0
vn 0 1 0
vn 0 1 0
vn 0 1 0
vn 0 1 0
vn 0 1 0
vn 0 1 0
vn 0 1 0
vn 0 1 0
vn 0 1 0
vn 0 1 0
vn 0 1 0
vn 0 1 0
vn 0 1 0
vn 0 1 0
vn 0 1 0
vn 0 1 0
vn 0 1 0
vn 0 1 0
vn 0 1 0
vn 0 1 0
vn 0 1 0
vn 0 1 0
vn 0 1 0
vn 0 1 0
vn 0 1 0
vn 0 1 0
vn 0 1 0
vn 0 1 0
vn 0 1 0
vn 0 1 0
vn 0 1 0
vn 0 1 0
vn 0 1 0
vn 0 1 0
vn 0 1 0
vn 0 1 0
vn 0 1 0
vn 0 1 0
vn 0 1 0
vn 0 1 0
vn 0 1 0
vn 0 1 0
vn 0 1 0
vn 0 1 0
vn 0 1 0
vn 0 1 0
vn 0 1 0
vn 0 1 0
vn 0 1 0
vn 0 1 0
vn 0 1 0
vn 0 1 0
vn 0 1 0
vn 0 1 0
vn 0 1 0
vn 0 1 0
vn 0 1 0
vn 0 1 0
vn 0 1 0
vn 0 1 0
vn 0 1 0
vn 0 1 0
vn 0 1 0
vn 0 1 0
vn 0 1 0
vn 0 1 0
vn 0 1 0
vn 0 1 0
vn 0 1 0
vn 0 1 0
vn 0 1 0
vn 0 1 0
vn 0 1 0
vn 0 1 0
vn 0 1 0
vn 0 1 0
vn 0 1 0
vn 0 1 0
vn 0 1 0
vn 0 1 0
vn 0 1 0
vn 0 1 0
vn 0 1 0
vn 0 1 0
vn 0 1 0
vn 0 1 0
vn 0 1 0
vn 0 1 0
vn 0 1 0
vn 0 1 0
vn 0 1 0
vn 0 1 0
vn 0 1 0
vn 0 1 0
vn 0 1 0
vn 0 1 0
vn 0 1 0
vn 0 1 0
vn 0 1 0
vn 0 1 0
vn 0 1 0
vn 0 1 0
vn 0 1 0
vn 0 1 0
vn 0 1 0
vn 0 1 0
vn 0 1 0
vn 0 1 0
vn 0 1 0
vn 0 1 0
vn 0 1 0
vn 0 1 0
vn 0 1 0
vn 0 1 0
vn 0 1 0
vn 0 1 0
vn 0 1 0
vn 0 1 0
vn 0 1 0
vn 0 1 0
vn 0 1 0
vn 0 1 0
vn 0 1 0
vn 0 1 0
vn 0 1 0
vn 0 1 0
vn 0 1 0
vn 0 1 0
vn 0 1 0
vn 0 1 0
vn 0 1 0
vn 0 1 0
vn 0 1 0
vn 0 1 0
vn 0 1 0
vn 0 1 0
vn 0 1 0
vn 0 1 0
vn 0 1 0
vn 0 1 0
vn 0 1 0
vn 0 1 0
vn 0 1 0
vn 0 1 0
vn 0 1 0
vn 0 1 0
vn 0 1 0
vn 0 1 0
vn 0 1 0
vn 0 1 0
vn 0 1 0
vn 0 1 0
vn 0 1 0
vn 0 1 0
vn 0 1 0
vn 0 1 0
vn 0 1 0
vn 0 1 0
vn 0 1 0
vn 0 1 0
vn 0 1 0
vn 0 1 0
vn 0 1 0
vn 0 1 0
vn 0 1 0
vn 0 1 0
vn 0 1 0
vn 0 1 0
vn 0 1 0
vn 0 1 0
vn 0 1 0
vn 0 1 0
vn 0 1 0
vn 0 1 0
vn 0 1 0
vn 0 1 0
vn 0 1 0
vn 0 1 0
vn 0 1 0
vn 0 1 0
vn 0 1 0
vn 0 1 0
vn 0 1 0
vn 0 1 0
vn 0 1 0
vn 0 1 0
vn 0 1 0
vn 0 1 0
vn 0 1 0
vn 0 1 0
vn 0 1 0
vn 0 1 0
vn 0 1 0
vn 0 1 0
vn 0 1 0
vn 0 1 0
vn 0 1 0
vn 0 1 0
vn 0 1 0
vn 0 1 0
vn 0 1 0
vn 0 1 0
vn 0 1 0
vn 0 1 0
vn 0 1 0
vn 0 1 0
vn 0 1 0
vn 0 1 0
vn 0 1 0
vn 0 1 0
vn 0 1 0
vn 0 1 0
vn 0 1 0
vn 0 1 0
vn 0 1 0
vn 0 1 0
vn 0 1 0
vn 0 1 0
vn 0 1 0
vn 0 1 0
vn 0 1 0
vn 0 1 0
vn 0 1 0
vn 0 1 0
vn 0 1 0
vn 0 1 0
vn 0 1 0
vn 0 1 0
vn 0 1 0
vn 0 1 0
vn 0 1 0
vn 0 1 0
vn 0 1 0
vn 0 1 0
vn 0 1 0
vn 0 1 0
vn 0 1 0
vn 0 1 0
vn 0 1 0
vn 0 1 0
vn 0 1 0
vn 0 1 0
vn 0 1 0
vn 0 1 0
vn 0 1 0
vn 0 1 0
vn 0 1 0
vn 0 1 0
vn 0 1 0
vn 0 1 0
vn 0 1 0
vn 0 1 0
vn 0 1 0
vn 0 1 0
vn 0 1 0
vn 0 1 0
vn 0 1 0
vn 0 1 0
vn 0 1 0
vn 0 1 0
vn 0 1 0
vn 0 1 0
vn 0 1 0
vn 0 1 0
vn 0 1 0
vn 0 1 0
vn 0 1 0
vn 0 1 0
vn 0 1 0
vn 0 1 0
vn 0 1 0
vn 0 1 0
vn 0 1 0
vn 0 1 0
vn 0 1 0
vn 0 1 0
vn 0 1 0
vn 0 1 0
vn 0 1 0
vn 0 1 0
vn 0 1 0
vn 0 1 0
vn 0 1 0
vn 0 1 0
vn 0 1 0
vn 0 1 0
vn 0 1 0
vn 0 1 0
vn 0 1 0
vn 0 1 0
vn 0 1 0
vn 0 1 0
vn 0 1 0
vn 0 1 0
vn 0 1 0
vn 0 1 0
vn 0 1 0
vn 0 1 0
vn 0 1 0
vn 0 1 0
vn 0 1 0
vn 0 1 0
vn 0 1 0
vn 0 1 0
vn 0 1 0
vn 0 1 0
vn 0 1 0
vn 0 1 0
vn 0 1 0
vn 0 1 0
vn 0 1 0
vn 0 1 0
vn 0 1 0
vn 0 1 0
vn 0 1 0
vn 0 1 0
vn 0 1 0
vn 0 1 0
vn 0 1 0
vn 0 1 0
vn 0 1 0
vn 0 1 0
vn 0 1 0
vn 0 1 0
vn 0 1 0
vn 0 1 0
vn 0 1 0
vn 0 1 0
vn 0 1 0
vn 0 1 0
vn 0 1 0
vn 0 1 0
vn 0 1 0
vn 0 1 0
vn 0 1 0
vn 0 1 0
vn 0 1 0
vn 0 1 0
vn 0 1 0
vn 0 1 0
vn 0 1 0
vn 0 1 0
vn 0 1 0
vn 0 1 0
vn 0 1 0
vn 0 1 0
vn 0 1 0
vn 0 1 0
vn 0 1 0
vn 0 1 0
vn 0 1 0
vn 0 1 0
vn 0 1 0
vn 0 1 0
vn 0 1 0
vn 0 1 0
vn 0 1 0
vn 0 1 0
vn 0 1 0
vn 0 1 0
vn 0 1 0
vn 0 1 0
vn 0 1 0
vn 0 1 0
vn 0 1 0
vn 0 1 0
vn 0 1 0
vn 0 1 0
vn 0 1 0
vn 0 1 0
vn 0 1 0
vn 0 1 0
vn 0 1 0
vn 0 1 0
vn 0 1 0
vn 0 1 0
vn 0 1 0
vn 0 1 0
vn 0 1 0
vn 0 1 0
vn 0 1 0
vn 0 1 0
vn 0 1 0
vn 0 1 0
vn 0 1 0
vn 0 1 0
vn 0 1 0
vn 0 1 0
vn 0 1 0
vn 0 1 0
vn 0 1 0
vn 0 1 0
vn 0 1 0
vn 0 1 0
vn 0 1 0
vn 0 1 0
vn 0 1 0
vn 0 1 0
vn 0 1 0
vn 0 1 0
vn 0 1 0
vn 0 1 0
vn 0 1 0
vn 0 1 0
vn 0 1 0
vn 0 1 0
vn 0 1 0
vn 0 1 0
vn 0 1 0
vn 0 1 0
vn 0 1 0
vn 0 1 0
vn 0 1 0
vn 0 1 0
vn 0 1 0
vn 0 1 0
vn 0 1 0
vn 0 1 0
vn 0 1 0
vn 0 1 0
vn 0 1 0
vn 0 1 0
vn 0 1 0
vn 0 1 0
vn 0 1 0
vn 0 1 0
vn 0 1 0
vn 0 1 0
vn 0 1 0
vn 0 1 0
vn 0 1 0
vn 0 1 0
vn 0 1 0
vn 0 1 0
vn 0 1 0
vn 0 1 0
vn 0 1 0
vn 0 1 0
vn 0 1 0
vn 0 1 0
vn 0 1 0
vn 0 1 0
vn 0 1 0
vn 0 1 0
vn 0 1 0
vn 0 1 0
vn 0 1 0
vn 0 1 0
vn 0 1 0
vn 0 1 0
vn 0 1 0
vn 0 1 0
vn 0 1 0
vn 0 1 0
vn 0 1 0
vn 0 1 0
vn 0 1 0
vn 0 1 0
vn 0 1 0
vn 0 1 0
vn 0 1 0
vn 0 1 0
vn 0 1 0
vn 0 1 0
vn 0 1 0
vn 0 1 0
vn 0 1 0
vn 0 1 0
vn 0 1 0
vn 0 1 0
vn 0 1 0
vn 0 1 0
vn 0 1 0
vn 0 1 0
vn 0 1 0
vn 0 1 0
vn 0 1 0
vn 0 1 0
vn 0 1 0
vn 0 1 0
vn 0 1 0
vn 0 1 0
vn 0 1 0
vn 0 1 0
vn 0 1 0
vn 0 1 0
vn 0 1 0
vn 0 1 0
vn 0 1 0
vn 0 1 0
vn 0 1 0
vn 0 1 0
vn 0 1 0
vn 0 1 0
vn 0 1 0
vn 0 1 0
vn 0 1 0
vn 0 1 0
vn 0 1 0
vn 0 1 0
vn 0 1 0
vn 0 1 0
vn 0 1 0
vn 0 1 0
vn 0 1 0
vn 0 1 0
vn 0 1 0
vn 0 1 0
vn 0 1 0
vn 0 1 0
vn 0 1 0
vn 0 1 0
vn 0 1 0
vn 0 1 0
vn 0 1 0
vn 0 1 0
vn 0 1 0
vn 0 1 0
vn 0 1 0
vn 0 1 0
vn 0 1 0
vn 0 1 0
vn 0 1 0
vn 0 1 0
vn 0 1 0
vn 0 1 0
vn 0 1 0
vn 0 1 0
vn 0 1 0
vn 0 1 0
vn 0 1 0
vn 0 1 0
vn 0 1 0
vn 0 1 0
vn 0 1 0
vn 0 1 0
vn 0 1 0
vn 0 1 0
vn 0 1 0
vn 0 1 0
vn 0 1 0
vn 0 1 0
vn 0 1 0
vn 0 1 0
vn 0 1 0
vn 0 1 0
vn 0 1 0
vn 0 1 0
vn 0 1 0
vn 0 1 0
vn 0 1 0
vn 0 1 0
vn 0 1 0
vn 0 1 0
vn 0 1 0
vn 0 1 0
vn 0 1 0
vn 0 1 0
vn 0 1 0
vn 0 1 0
vn 0 1 0
vn 0 1 0
vn 0 1 0
vn 0 1 0
vn 0 1 0
vn 0 1 0
vn 0 1 0
vn 0 1 0
vn 0 1 0
vn 0 1 0
vn 0 1 0
vn 0 1 0
vn 0 1 0
vn 0 1 0
vn 0 1 0
vn 0 1 0
vn 0 1 0
vn 0 1 0
vn 0 1 0
vn 0 1 0
vn 0 1 0
vn 0 1 0
vn 0 1 0
vn 0 1 0
vn 0 1 0
vn 0 1 0
vn 0 1 0
vn 0 1 0
vn 0 1 0
vn 0 1 0
vn 0 1 0
vn 0 1 0
vn 0 1 0
vn 0 1 0
vn 0 1 0
vn 0 1 0
vn 0 1 0
vn 0 1 0
vn 0 1 0
vn 0 1 0
vn 0 1 0
vn 0 1 0
vn 0 1 0
vn 0 1 0
vn 0 1 0
vn 0 1 0
vn 0 1 0
vn 0 1 0
vn 0 1 0
vn 0 1 0
vn 0 1 0
vn 0 1 0
vn 0 1 0
vn 0 1 0
vn 0 1 0
vn 0 1 0
vn 0 1 0
vn 0 1 0
vn 0 1 0
vn 0 1 0
vn 0 1 0
vn 0 1 0
vn 0 1 0
vn 0 1 0
vn 0 1 0
vn 0 1 0
vn 0 1 0
vn 0 1 0
vn 0 1 0
vn 0 1 0
vn 0 1 0
vn 0 1 0
vn 0 1 0
vn 0 1 0
vn 0 1 0
vn 0 1 0
vn 0 1 0
vn 0 1 0
vn 0 1 0
vn 0 1 0
vn 0 1 0
vn 0 1 0
vn 0 1 0
vn 0 1 0
vn 0 1 0
vn 0 1 0
vn 0 1 0
vn 0 1 0
vn 0 1 0
vn 0 1 0
vn 0 1 0
vn 0 1 0
vn 0 1 0
vn 0 1 0
vn 0 1 0
vn 0 1 0
vn 0 1 0
vn 0 1 0
vn 0 1 0
vn 0 1 0
vn 0 1 0
vn 0 1 0
vn 0 1 0
vn 0 1 0
vn 0 1 0
vn 0 1 0
vn 0 1 0
vn 0 1 0
vn 0 1 0
vn 0 1 0
vn 0 1 0
vn 0 1 0
vn 0 1 0
vn 0 1 0
vn 0 1 0
vn 0 1 0
vn 0 1 0
vn 0 1 0
vn 0 1 0
vn 0 1 0
vn 0 1 0
vn 0 1 0
vn 0 1 0
vn 0 1 0
vn 0 1 0
vn 0 1 0
vn 0 1 0
vn 0 1 0
vn 0 1 0
vn 0 1 0
vn 0 1 0
vn 0 1 0
vn 0 1 0
vn 0 1 0
vn 0 1 0
vn 0 1 0
vn 0 1 0
vn 0 1 0
vn 0 1 0
vn 0 1 0
vn 0 1 0
vn 0 1 0
vn 0 1 0
vn 0 1 0
vn 0 1 0
vn 0 1 0
vn 0 1 0
vn 0 1 0
vn 0 1 0
vn 0 1 0
vn 0 1 0
vn 0 1 0
vn 0 1 0
vn 0 1 0
vn 0 1 0
vn 0 1 0
vn 0 1 0
vn 0 1 0
vn 0 1 0
vn 0 1 0
vn 0 1 0
vn 0 1 0
vn 0 1 0
vn 0 1 0
vn 0 1 0
vn 0 1 0
vn 0 1 0
vn 0 1 0
vn 0 1 0
vn 0 1 0
vn 0 1 0
vn 0 1 0
vn 0 1 0
vn 0 1 0
vn 0 1 0
vn 0 1 0
vn 0 1 0
vn 0 1 0
vn 0 1 0
vn 0 1 0
vn 0 1 0
vn 0 1 0
vn 0 1 0
vn 0 1 0
vn 0 1 0
vn 0 1 0
vn 0 1 0
vn 0 1 0
vn 0 1 0
vn 0 1 0
vn 0 1 0
vn 0 1 0
vn 0 1 0
vn 0 1 0
vn 0 1 0
vn 0 1 0
vn 0 1 0
vn 0 1 0
vn 0 1 0
vn 0 1 0
vn 0 1 0
vn 0 1 0
vn 0 1 0
vn 0 1 0
vn 0 1 0
vn 0 1 0
vn 0 1 0
vn 0 1 0
vn 0 1 0
vn 0 1 0
vn 0 1 0
vn 0 1 0
vn 0 1 0
vn 0 1 0
vn 0 1 0
vn 0 1 0
vn 0 1 0
vn 0 1 0
vn 0 1 0
vn 0 1 0
vn 0 1 0
vn 0 1 0
vn 0 1 0
vn 0 1 0
vn 0 1 0
vn 0 1 0
vn 0 1 0
vn 0 1 0
vn 0 1 0
vn 0 1 0
vn 0 1 0
vn 0 1 0
vn 0 1 0
vn 0 1 0
vn 0 1 0
vn 0 1 0
vn 0 1 0
vn 0 1 0
vn 0 1 0
vn 0 1 0
vn 0 1 0
vn 0 1 0
vn 0 1 0
vn 0 1 0
vn 0 1 0
vn 0 1 0
vn 0 1 0
vn 0 1 0
vn 0 1 0
vn 0 1 0
vn 0 1 0
vn 0 1 0
vn 0 1 0
vn 0 1 0
vn 0 1 0
vn 0 1 0
vn 0 1 0
vn 0 1 0
vn 0 1 0
vn 0 1 0
vn 0 1 0
vn 0 1 0
vn 0 1 0
vn 0 1 0
vn 0 1 0
vn 0 1 0
vn 0 1 0
vn 0 1 0
vn 0 1 0
vn 0 1 0
vn 0 1 0
vn 0 1 0
vn 0 1 0
vn 0 1 0
vn 0 1 0
vn 0 1 0
vn 0 1 0
vn 0 1 0
vn 0 1 0
vn 0 1 0
vn 0 1 0
vn 0 1 0
vn 0 1 0
vn 0 1 0
vn 0 1 0
vn 0 1 0
vn 0 1 0
vn 0 1 0
vn 0 1 0
vn 0 1 0
vn 0 1 0
vn 0 1 0
vn 0 1 0
vn 0 1 0
vn 0 1 0
vn 0 1 0
vn 0 1 0
vn 0 1 0
vn 0 1 0
vn 0 1 0
vn 0 1 0
vn 0 1 0
vn 0 1 0
vn 0 1 0
vn 0 1 0
vn 0 1 0
vn 0 1 0
vn 0 1 0
vn 0 1 0
vn 0 1 0
vn 0 1 0
vn 0 1 0
vn 0 1 0
vn 0 1 0
vn 0 1 0
vn 0 1 0
vn 0 1 0
vn 0 1 0
vn 0 1 0
vn 0 1 0
vn 0 1 0
vn 0 1 0
vn 0 1 0
vn 0 1 0
vn 0 1 0
vn 0 1 0
vn 0 1 0
vn 0 1 0
vn 0 1 0
vn 0 1 0
vn 0 1 0
vn 0 1 0
vn 0 1 0
vn 0 1 0
vn 0 1 0
vn 0 1 0
vn 0 1 0
vn 0 1 0
vn 0 1 0
vn 0 1 0
vn 0 1 0
vn 0 1 0
vn 0 1 0
vn 0 1 0
vn 0 1 0
vn 0 1 0
vn 0 1 0
vn 0 1 0
vn 0 1 0
vn 0 1 0
vn 0 1 0
vn 0 1 0
vn 0 1 0
vn 0 1 0
vn 0 1 0
vn 0 1 0
vn 0 1 0
vn 0 1 0
vn 0 1 0
vn 0 1 0
vn 0 1 0
vn 0 1 0
vn 0 1 0
vn 0 1 0
vn 0 1 0
vn 0 1 0
vn 0 1 0
vn 0 1 0
vn 0 1 0
vn 0 1 0
vn 0 1 0
vn 0 1 0
vn 0 1 0
vn 0 1 0
vn 0 1 0
vn 0 1 0
vn 0 1 0
vn 0 1 0
vn 0 1 0
vn 0 1 0
vn 0 1 0
vn 0 1 0
vn 0 1 0
vn 0 1 0
vn 0 1 0
vn 0 1 0
vn 0 1 0
vn 0 1 0
vn 0 1 0
vn 0 1 0
vn 0 1 0
vn 0 1 0
vn 0 1 0
vn 0 1 0
vn 0 1 0
vn 0 1 0
vn 0 1 0
vn 0 1 0
vn 0 1 0
vn 0 1 0
vn 0 1 0
vn 0 1 0
vn 0 1 0
vn 0 1 0
vn 0 1 0
vn 0 1 0
vn 0 1 0
vn 0 1 0
vn 0 1 0
vn 0 1 0
vn 0 1 0
vn 0 1 0
vn 0 1 0
vn 0 1 0
vn 0 1 0
vn 0 1 0
vn 0 1 0
vn 0 1 0
vn 0 1 0
vn 0 1 0
vn 0 1 0
vn 0 1 0
vn 0 1 0
vn 0 1 0
vn 0 1 0
vn 0 1 0
vn 0 1 0
vn 0 1 0
vn 0 1 0
vn 0 1 0
vn 0 1 0
vn 0 1 0
vn 0 1 0
vn 0 1 0
vn 0 1 0
vn 0 1 0
vn 0 1 0
vn 0 1 0
vn 0 1 0
vn 0 1 0
vn 0 1 0
vn 0 1 0
vn 0 1 0
vn 0 1 0
vn 0 1 0
vn 0 1 0
vn 0 1 0
vn 0 1 0
vn 0 1 0
vn 0 1 0
vn 0 1 0
vn 0 1 0
vn 0 1 0
vn 0 1 0
vn 0 1 0
vn 0 1 0
vn 0 1 0
vn 0 1 0
vn 0 1 0
vn 0 1 0
vn 0 1 0
vn 0 1 0
vn 0 1 0
vn 0 1 0
vn 0 1 0
vn 0 1 0
vn 0 1 0
vn 0 1 0
vn 0 1 0
vn 0 1 0
vn 0 1 0
vn 0 1 0
vn 0 1 0
vn 0 1 0
vn 0 1 0
vn 0 1 0
vn 0 1 0
vn 0 1 0
vn 0 1 0
vn 0 1 0
vn 0 1 0
vn 0 1 0
vn 0 1 0
vn 0 1 0
vn 0 1 0
vn 0 1 0
vn 0 1 0
vn 0 1 0
vn 0 1 0
vn 0 1 0
vn 0 1 0
vn 0 1 0
vn 0 1 0
vn 0 1 0
vn 0 1 0
vn 0 1 0
vn 0 1 0
vn 0 1 0
vn 0 1 0
vn 0 1 0
vn 0 1 0
vn 0 1 0
vn 0 1 0
vn 0 1 0
vn 0 1 0
vn 0 1 0
vn 0 1 0
vn 0 1 0
vn 0 1 0
vn 0 1 0
vn 0 1 0
vn 0 1 0
vn 0 1 0
vn 0 1 0
vn 0 1 0
vn 0 1 0
vn 0 1 0
vn 0 1 0
vn 0 1 0
vn 0 1 0
vn 0 1 0
vn 0 1 0
vn 0 1 0
vn 0 1 0
vn 0 1 0
vn 0 1 0
vn 0 1 0
vn 0 1 0
vn 0 1 0
vn 0 1 0
vn 0 1 0
vn 0 1 0
vn 0 1 0
vn 0 1 0
vn 0 1 0
vn 0 1 0
vn 0 1 0
vn 0 1 0
vn 0 1 0
vn 0 1 0
vn 0 1 0
vn 0 1 0
vn 0 1 0
vn 0 1 0
vn 0 1 0
vn 0 1 0
vn 0 1 0
vn 0 1 0
vn 0 1 0
vn 0 1 0
vn 0 1 0
vn 0 1 0
vn 0 1 0
vn 0 1 0
vn 0 1 0
vn 0 1 0
vn 0 1 0
vn 0 1 0
vn 0 1 0
vn 0 1 0
vn 0 1 0
vn 0 1 0
vn 0 1 0
vn 0 1 0
vn 0 1 0
vn 0 1 0
vn 0 1 0
vn 0 1 0
vn 0 1 0
vn 0 1 0
vn 0 1 0
vn 0 1 0
vn 0 1 0
vn 0 1 0
vn 0 1 0
vn 0 1 0
vn 0 1 0
vn 0 1 0
vn 0 1 0
vn 0 1 0
vn 0 1 0
vn 0 1 0
vn 0 1 0
vn 0 1 0
vn 0 1 0
vn 0 1 0
vn 0 1 0
vn 0 1 0
vn 0 1 0
vn 0 1 0
vn 0 1 0
vn 0 1 0
vn 0 1 0
vn 0 1 0
vn 0 1 0
vn 0 1 0
vn 0 1 0
vn 0 1 0
vn 0 1 0
vn 0 1 0
vn 0 1 0
vn 0 1 0
vn 0 1 0
vn 0 1 0
vn 0 1 0
vn 0 1 0
vn 0 1 0
vn 0 1 0
vn 0 1 0
vn 0 1 0
vn 0 1 0
vn 0 1 0
vn 0 1 0
vn 0 1 0
vn 0 1 0
vn 0 1 0
vn 0 1 0
vn 0 1 0
vn 0 1 0
vn 0 1 0
vn 0 1 0
vn 0 1 0
vn 0 1 0
vn 0 1 0
vn 0 1 0
vn 0 1 0
vn 0 1 0
vn 0 1 0
vn 0 1 0
vn 0 1 0
vn 0 1 0
vn 0 1 0
vn 0 1 0
vn 0 1 0
vn 0 1 0
vn 0 1 0
vn 0 1 0
vn 0 1 0
vn 0 1 0
vn 0 1 0
vn 0 1 0
vn 0 1 0
vn 0 1 0
vn 0 1 0
vn 0 1 0
vn 0 1 0
vn 0 1 0
vn 0 1 0
vn 0 1 0
vn 0 1 0
vn 0 1 0
vn 0 1 0
vn 0 1 0
vn 0 1 0
vn 0 1 0
vn 0 1 0
vn 0 1 0
vn 0 1 0
vn 0 1 0
vn 0 1 0
vn 0 1 0
vn 0 1 0
vn 0 1 0
vn 0 1 0
vn 0 1 0
vn 0 1 0
vn 0 1 0
vn 0 1 0
vn 0 1 0
vn 0 1 0
vn 0 1 0
vn 0 1 0
vn 0 1 0
vn 0 1 0
vn 0 1 0
vn 0 1 0
vn 0 1 0
vn 0 1 0
vn 0 1 0
vn 0 1 0
vn 0 1 0
vn 0 1 0
vn 0 1 0
vn 0 1 0
vn 0 1 0
vn 0 1 0
vn 0 1 0
vn 0 1 0
vn 0 1 0
vn 0 1 0
vn 0 1 0
vn 0 1 0
vn 0 1 0
vn 0 1 0
vn 0 1 0
vn 0 1 0
vn 0 1 0
vn 0 1 0
vn 0 1 0
vn 0 1 0
vn 0 1 0
vn 0 1 0
vn 0 1 0
vn 0 1 0
vn 0 1 0
vn 0 1 0
vn 0 1 0
vn 0 1 0
vn 0 1 0
vn 0 1 0
vn 0 1 0
vn 0 1 0
vn 0 1 0
vn 0 1 0
vn 0 1 0
vn 0 1 0
vn 0 1 0
vn 0 1 0
vn 0 1 0
vn 0 1 0
vn 0 1 0
vn 0 1 0
vn 0 1 0
vn 0 1 0
vn 0 1 0
vn 0 1 0
vn 0 1 0
vn 0 1 0
vn 0 1 0
vn 0 1 0
vn 0 1 0
vn 0 1 0
vn 0 1 0
vn 0 1 0
vn 0 1 0
vn 0 1 0
vn 0 1 0
vn 0 1 0
vn 0 1 0
vn 0 1 0
vn 0 1 0
vn 0 1 0
vn 0 1 0
vn 0 1 0
vn 0 1 0
vn 0 1 0
vn 0 1 0
vn 0 1 0
vn 0 1 0
vn 0 1 0
vn 0 1 0
vn 0 1 0
vn 0 1 0
vn 0 1 0
vn 0 1 0
vn 0 1 0
vn 0 1 0
vn 0 1 0
vn 0 1 0
vn 0 1 0
vn 0 1 0
vn 0 1 0
vn 0 1 0
vn 0 1 0
vn 0 1 0
vn 0 1 0
vn 0 1 0
vn 0 1 0
vn 0 1 0
vn 0 1 0
vn 0 1 0
vn 0 1 0
vn 0 1 0
vn 0 1 0
vn 0 1 0
vn 0 1 0
vn 0 1 0
vn 0 1 0
vn 0 1 0
vn 0 1 0
vn 0 1 0
vn 0 1 0
vn 0 1 0
vn 0 1 0
vn 0 1 0
vn 0 1 0
vn 0 1 0
vn 0 1 0
vn 0 1 0
vn 0 1 0
vn 0 1 0
vn 0 1 0
vn 0 1 0
vn 0 1 0
vn 0 1 0
vn 0 1 0
vn 0 1 0
vn 0 1 0
vn 0 1 0
vn 0 1 0
vn 0 1 0
vn 0 1 0
vn 0 1 0
vn 0 1 0
vn 0 1 0
vn 0 1 0
vn 0 1 0
vn 0 1 0
vn 0 1 0
vn 0 1 0
vn 0 1 0
vn 0 1 0
vn 0 1 0
vn 0 1 0
vn 0 1 0
vn 0 1 0
vn 0 1 0
vn 0 1 0
vn 0 1 0
vn 0 1 0
vn 0 1 0
vn 0 1 0
vn 0 1 0
vn 0 1 0
vn 0 1 0
vn 0 1 0
vn 0 1 0
vn 0 1 0
vn 0 1 0
vn 0 1 0
vn 0 1 0
vn 0 1 0
vn 0 1 0
vn 0 1 0
vn 0 1 0
vn 0 1 0
vn 0 1 0
vn 0 1 0
vn 0 1 0
vn 0 1 0
vn 0 1 0
vn 0 1 0
vn 0 1 0
vn 0 1 0
vn 0 1 0
vn 0 1 0
vn 0 1 0
vn 0 1 0
vn 0 1 0
vn 0 1 0
vn 0 1 0
vn 0 1 0
vn 0 1 0
vn 0 1 0
vn 0 1 0
vn 0 1 0
vn 0 1 0
vn 0 1 0
vn 0 1 0
vn 0 1 0
vn 0 1 0
vn 0 1 0
vn 0 1 0
vn 0 1 0
vn 0 1 0
vn 0 1 0
vn 0 1 0
vn 0 1 0
vn 0 1 0
vn 0 1 0
vn 0 1 0
vn 0 1 0
vn 0 1 0
vn 0 1 0
vn 0 1 0
vn 0 1 0
vn 0 1 0
vn 0 1 0
vn 0 1 0
vn 0 1 0
vn 0 1 0
vn 0 1 0
vn 0 1 0
vn 0 1 0
vn 0 1 0
vn 0 1 0
vn 0 1 0
vn 0 1 0
vn 0 1 0
vn 0 1 0
vn 0 1 0
vn 0 1 0
vn 0 1 0
vn 0 1 0
vn 0 1 0
vn 0 1 0
vn 0 1 0
vn 0 1 0
vn 0 1 0
vn 0 1 0
vn 0 1 0
vn 0 1 0
vn 0 1 0
vn 0 1 0
vn 0 1 0
vn 0 1 0
vn 0 1 0
vn 0 1 0
vn 0 1 0
vn 0 1 0
vn 0 1 0
vn 0 1 0
vn 0 1 0
vn 0 1 0
vn 0 1 0
vn 0 1 0
vn 0 1 0
vn 0 1 0
vn 0 1 0
vn 0 1 0
vn 0 1 0
vn 0 1 0
vn 0 1 0
vn 0 1 0
vn 0 1 0
vn 0 1 0
vn 0 1 0
vn 0 1 0
vn 0 1 0
vn 0 1 0
vn 0 1 0
vn 0 1 0
vn 0 1 0
vn 0 1 0
vn 0 1 0
vn 0 1 0
vn 0 1 0
vn 0 1 0
vn 0 1 0
vn 0 1 0
vn 0 1 0
vn 0 1 0
vn 0 1 0
vn 0 1 0
vn 0 1 0
vn 0 1 0
vn 0 1 0
vn 0 1 0
vn 0 1 0
vn 0 1 0
vn 0 1 0
vn 0 1 0
vn 0 1 0
vn 0 1 0
vn 0 1 0
vn 0 1 0
vn 0 1 0
vn 0 1 0
vn 0 1 0
vn 0 1 0
vn 0 1 0
vn 0 1 0
vn 0 1 0
vn 0 1 0
vn 0 1 0
vn 0 1 0
vn 0 1 0
vn 0 1 0
vn 0 1 0
vn 0 1 0
vn 0 1 0
vn 0 1 0
vn 0 1 0
vn 0 1 0
vn 0 1 0
vn 0 1 0
vn 0 1 0
vn 0 1 0
vn 0 1 0
vn 0 1 0
vn 0 1 0
vn 0 1 0
vn 0 1 0
vn 0 1 0
vn 0 1 0
vn 0 1 0
vn 0 1 0
vn 0 1 0
vn 0 1 0
vn 0 1 0
vn 0 1 0
vn 0 1 0
vn 0 1 0
vn 0 1 0
vn 0 1 0
vn 0 1 0
vn 0 1 0
vn 0 1 0
vn 0 1 0
vn 0 1 0
vn 0 1 0
vn 0 1 0
vn 0 1 0
vn 0 1 0
vn 0 1 0
vn 0 1 0
vn 0 1 0
vn 0 1 0
vn 0 1 0
vn 0 1 0
vn 0 1 0
vn 0 1 0
vn 0 1 0
vn 0 1 0
vn 0 1 0
vn 0 1 0
vn 0 1 0
vn 0 1 0
vn 0 1 0
vn 0 1 0
vn 0 1 0
vn 0 1 0
vn 0 1 0
vn 0 1 0
vn 0 1 0
vn 0 1 0
vn 0 1 0
vn 0 1 0
vn 0 1 0
vn 0 1 0
vn 0 1 0
vn 0 1 0
vn 0 1 0
vn 0 1 0
vn 0 1 0
vn 0 1 0
vn 0 1 0
vn 0 1 0
vn 0 1 0
vn 0 1 0
vn 0 1 0
vn 0 1 0
vn 0 1 0
vn 0 1 0
vn 0 1 0
vn 0 1 0
vn 0 1 0
vn 0 1 0
vn 0 1 0
vn 0 1 0
vn 0 1 0
vn 0 1 0
vn 0 1 0
vn 0 1 0
vn 0 1 0
vn 0 1 0
vn 0 1 0
vn 0 1 0
vn 0 1 0
vn 0 1 0
vn 0 1 0
vn 0 1 0
vn 0 1 0
vn 0 1 0
vn 0 1 0
vn 0 1 0
vn 0 1 0
vn 0 1 0
vn 0 1 0
vn 0 1 0
vn 0 1 0
vn 0 1 0
vn 0 1 0
vn 0 1 0
vn 0 1 0
vn 0 1 0
vn 0 1 0
vn 0 1 0
vn 0 1 0
vn 0 1 0
vn 0 1 0
vn 0 1 0
vn 0 1 0
vn 0 1 0
vn 0 1 0
vn 0 1 0
vn 0 1 0
vn 0 1 0
vn 0 1 0
vn 0 1 0
vn 0 1 0
vn 0 1 0
vn 0 1 0
vn 0 1 0
vn 0 1 0
vn 0 1 0
vn 0 1 0
vn 0 1 0
vn 0 1 0
vn 0 1 0
vn 0 1 0
vn 0 1 0
vn 0 1 0
vn 0 1 0
vn 0 1 0
vn 0 1 0
vn 0 1 0
vn 0 1 0
vn 0 1 0
vn 0 1 0
vn 0 1 0
vn 0 1 0
vn 0 1 0
vn 0 1 0
vn 0 1 0
vn 0 1 0
vn 0 1 0
vn 0 1 0
vn 0 1 0
vn 0 1 0
vn 0 1 0
vn 0 1 0
vn 0 1 0
vn 0 1 0
vn 0 1 0
vn 0 1 0
vn 0 1 0
vn 0 1 0
vn 0 1 0
vn 0 1 0
vn 0 1 0
vn 0 1 0
vn 0 1 0
vn 0 1 0
vn 0 1 0
vn 0 1 0
vn 0 1 0
vn 0 1 0
vn 0 1 0
vn 0 1 0
vn 0 1 0
vn 0 1 0
vn 0 1 0
vn 0 1 0
vn 0 1 0
vn 0 1 0
vn 0 1 0
vn 0 1 0
vn 0 1 0
vn 0 1 0
vn 0 1 0
vn 0 1 0
vn 0 1 0
vn 0 1 0
vn 0 1 0
vn 0 1 0
vn 0 1 0
vn 0 1 0
vn 0 1 0
vn 0 1 0
vn 0 1 0
vn 0 1 0
vn 0 1 0
vn 0 1 0
vn 0 1 0
vn 0 1 0
vn 0 1 0
vn 0 1 0
vn 0 1 0
vn 0 1 0
vn 0 1 0
vn 0 1 0
vn 0 1 0
vn 0 1 0
vn 0 1 0
vn 0 1 0
vn 0 1 0
vn 0 1 0
vn 0 1 0
vn 0 1 0
vn 0 1 0
vn 0 1 0
vn 0 1 0
vn 0 1 0
vn 0 1 0
vn 0 1 0
vn 0 1 0
vn 0 1 0
vn 0 1 0
vn 0 1 0
vn 0 1 0
vn 0 1 0
vn 0 1 0
vn 0 1 0
vn 0 1 0
vn 0 1 0
vn 0 1 0
vn 0 1 0
vn 0 1 0
vn 0 1 0
vn 0 1 0
vn 0 1 0
vn 0 1 0
vn 0 1 0
vn 0 1 0
vn 0 1 0
vn 0 1 0
vn 0 1 0
vn 0 1 0
vn 0 1 0
vn 0 1 0
vn 0 1 0
vn 0 1 0
vn 0 1 0
vn 0 1 0
vn 0 1 0
vn 0 1 0
vn 0 1 0
vn 0 1 0
vn 0 1 0
vn 0 1 0
vn 0 1 0
vn 0 1 0
vn 0 1 0
vn 0 1 0
vn 0 1 0
vn 0 1 0
vn 0 1 0
vn 0 1 0
vn 0 1 0
vn 0 1 0
vn 0 1 0
vn 0 1 0
vn 0 1 0
vn 0 1 0
vn 0 1 0
vn 0 1 0
vn 0 1 0
vn 0 1 0
vn 0 1 0
vn 0 1 0
vn 0 1 0
vn 0 1 0
vn 0 1 0
vn 0 1 0
vn 0 1 0
vn 0 1 0
vn 0 1 0
vn 0 1 0
vn 0 1 0
vn 0 1 0
vn 0 1 0
vn 0 1 0
vn 0 1 0
vn 0 1 0
vn 0 1 0
vn 0 1 0
vn 0 1 0
vn 0 1 0
vn 0 1 0
vn 0 1 0
vn 0 1 0
vn 0 1 0
vn 0 1 0
vn 0 1 0
vn 0 1 0
vn 0 1 0
vn 0 1 0
vn 0 1 0
vn 0 1 0
vn 0 1 0
vn 0 1 0
vn 0 1 0
vn 0 1 0
vn 0 1 0
vn 0 1 0
vn 0 1 0
vn 0 1 0
vn 0 1 0
vn 0 1 0
vn 0 1 0
vn 0 1 0
vn 0 1 0
vn 0 1 0
vn 0 1 0
vn 0 1 0
vn 0 1 0
vn 0 1 0
vn 0 1 0
vn 0 1 0
vn 0 1 0
vn 0 1 0
vn 0 1 0
vn 0 1 0
vn 0 1 0
vn 0 1 0
vn 0 1 0
vn 0 1 0
vn 0 1 0
vn 0 1 0
vn 0 1 0
vn 0 1 0
vn 0 1 0
vn 0 1 0
vn 0 1 0
vn 0 1 0
vn 0 1 0
vn 0 1 0
vn 0 1 0
vn 0 1 0
vn 0 1 0
vn 0 1 0
vn 0 1 0
vn 0 1 0
vn 0 1 0
vn 0 1 0
vn 0 1 0
vn 0 1 0
vn 0 1 0
vn 0 1 0
vn 0 1 0
vn 0 1 0
vn 0 1 0
vn 0 1 0
vn 0 1 0
vn 0 1 0
vn 0 1 0
vn 0 1 0
vn 0 1 0
vn 0 1 0
vn 0 1 0
vn 0 1 0
vn 0 1 0
vn 0 1 0
vn 0 1 0
vn 0 1 0
vn 0 1 0
vn 0 1 0
vn 0 1 0
vn 0 1 0
vn 0 1 0
vn 0 1 0
vn 0 1 0
vn 0 1 0
vn 0 1 0
vn 0 1 0
vn 0 1 0
vn 0 1 0
vn 0 1 0
vn 0 1 0
vn 0 1 0
vn 0 1 0
vn 0 1 0
vn 0 1 0
vn 0 1 0
vn 0 1 0
vn 0 1 0
vn 0 1 0
vn 0 1 0
vn 0 1 0
vn 0 1 0
vn 0 1 0
vn 0 1 0
vn 0 1 0
vn 0 1 0
vn 0 1 0
vn 0 1 0
vn 0 1 0
vn 0 1 0
vn 0 1 0
vn 0 1 0
vn 0 1 0
vn 0 1 0
vn 0 1 0
vn 0 1 0
vn 0 1 0
vn 0 1 0
vn 0 1 0
vn 0 1 0
vn 0 1 0
vn 0 1 0
vn 0 1 0
vn 0 1 0
vn 0 1 0
vn 0 1 0
vn 0 1 0
vn 0 1 0
vn 0 1 0
vn 0 1 0
vn 0 1 0
vn 0 1 0
vn 0 1 0
vn 0 1 0
vn 0 1 0
vn 0 1 0
vn 0 1 0
vn 0 1 0
vn 0 1 0
vn 0 1 0
vn 0 1 0
vn 0 1 0
vn 0 1 0
vn 0 1 0
vn 0 1 0
vn 0 1 0
vn 0 1 0
vn 0 1 0
vn 0 1 0
vn 0 1 0
vn 0 1 0
vn 0 1 0
vn 0 1 0
vn 0 1 0
vn 0 1 0
vn 0 1 0
vn 0 1 0
vn 0 1 0
vn 0 1 0
vn 0 1 0
vn 0 1 0
vn 0 1 0
vn 0 1 0
vn 0 1 0
vn 0 1 0
vn 0 1 0
vn 0 1 0
vn 0 1 0
vn 0 1 0
vn 0 1 0
vn 0 1 0
vn 0 1 0
vn 0 1 0
vn 0 1 0
vn 0 1 0
vn 0 1 0
vn 0 1 0
vn 0 1 0
vn 0 1 0
vn 0 1 0
vn 0 1 0
vn 0 1 0
vn 0 1 0
vn 0 1 0
vn 0 1 0
vn 0 1 0
vn 0 1 0
vn 0 1 0
vn 0 1 0
vn 0 1 0
vn 0 1 0
vn 0 1 0
vn 0 1 0
vn 0 1 0
vn 0 1 0
vn 0 1 0
vn 0 1 0
vn 0 1 0
vn 0 1 0
vn 0 1 0
vn 0 1 0
vn 0 1 0
vn 0 1 0
vn 0 1 0
vn 0 1 0
vn 0 1 0
vn 0 1 0
vn 0 1 0
vn 0 1 0
vn 0 1 0
vn 0 1 0
vn 0 1 0
vn 0 1 0
vn 0 1 0
vn 0 1 0
vn 0 1 0
vn 0 1 0
vn 0 1 0
vn 0 1 0
vn 0 1 0
vn 0 1 0
vn 0 1 0
vn 0 1 0
vn 0 1 0
vn 0 1 0
vn 0 1 0
vn 0 1 0
vn 0 1 0
vn 0 1 0
vn 0 1 0
vn 0 1 0
vn 0 1 0
vn 0 1 0
vn 0 1 0
vn 0 1 0
vn 0 1 0
vn 0 1 0
vn 0 1 0
vn 0 1 0
vn 0 1 0
vn 0 1 0
vn 0 1 0
vn 0 1 0
vn 0 1 0
vn 0 1 0
vn 0 1 0
vn 0 1 0
vn 0 1 0
vn 0 1 0
vn 0 1 0
vn 0 1 0
vn 0 1 0
vn 0 1 0
vn 0 1 0
vn 0 1 0
vn 0 1 0
vn 0 1 0
vn 0 1 0
vn 0 1 0
vn 0 1 0
vn 0 1 0
vn 0 1 0
vn 0 1 0
vn 0 1 0
vn 0 1 0
vn 0 1 0
vn 0 1 0
vn 0 1 0
vn 0 1 0
vn 0 1 0
vn 0 1 0
vn 0 1 0
vn 0 1 0
vn 0 1 0
vn 0 1 0
vn 0 1 0
vn 0 1 0
vn 0 1 0
vn 0 1 0
vn 0 1 0
vn 0 1 0
vn 0 1 0
vn 0 1 0
vn 0 1 0
vn 0 1 0
vn 0 1 0
vn 0 1 0
vn 0 1 0
vn 0 1 0
vn 0 1 0
vn 0 1 0
vn 0 1 0
vn 0 1 0
vn 0 1 0
vn 0 1 0
vn 0 1 0
vn 0 1 0
vn 0 1 0
vn 0 1 0
vn 0 1 0
vn 0 1 0
vn 0 1 0
vn 0 1 0
vn 0 1 0
vn 0 1 0
vn 0 1 0
vn 0 1 0
vn 0 1 0
vn 0 1 0
vn 0 1 0
vn 0 1 0
vn 0 1 0
vn 0 1 0
vn 0 1 0
vn 0 1 0
vn 0 1 0
vn 0 1 0
vn 0 1 0
vn 0 1 0
vn 0 1 0
vn 0 1 0
vn 0 1 0
vn 0 1 0
vn 0 1 0
vn 0 1 0
vn 0 1 0
vn 0 1 0
vn 0 1 0
vn 0 1 0
vn 0 1 0
vn 0 1 0
vn 0 1 0
vn 0 1 0
vn 0 1 0
vn 0 1 0
vn 0 1 0
vn 0 1 0
vn 0 1 0
vn 0 1 0
vn 0 1 0
vn 0 1 0
vn 0 1 0
vn 0 1 0
vn 0 1 0
vn 0 1 0
vn 0 1 0
vn 0 1 0
vn 0 1 0
vn 0 1 0
vn 0 1 0
vn 0 1 0
vn 0 1 0
vn 0 1 0
vn 0 1 0
vn 0 1 0
vn 0 1 0
vn 0 1 0
vn 0 1 0
vn 0 1 0
vn 0 1 0
vn 0 1 0
vn 0 1 0
vn 0 1 0
vn 0 1 0
vn 0 1 0
vn 0 1 0
vn 0 1 0
vn 0 1 0
vn 0 1 0
vn 0 1 0
vn 0 1 0
vn 0 1 0
vn 0 1 0
vn 0 1 0
vn 0 1 0
vn 0 1 0
vn 0 1 0
vn 0 1 0
vn 0 1 0
vn 0 1 0
vn 0 1 0
vn 0 1 0
vn 0 1 0
vn 0 1 0
vn 0 1 0
vn 0 1 0
vn 0 1 0
vn 0 1 0
vn 0 1 0
vn 0 1 0
vn 0 1 0
vn 0 1 0
vn 0 1 0
vn 0 1 0
vn 0 1 0
vn 0 1 0
vn 0 1 0
vn 0 1 0
vn 0 1 0
vn 0 1 0
vn 0 1 0
vn 0 1 0
vn 0 1 0
vn 0 1 0
vn 0 1 0
vn 0 1 0
vn 0 1 0
vn 0 1 0
vn 0 1 0
vn 0 1 0
vn 0 1 0
vn 0 1 0
vn 0 1 0
vn 0 1 0
vn 0 1 0
vn 0 1 0
vn 0 1 0
vn 0 1 0
vn 0 1 0
vn 0 1 0
vn 0 1 0
vn 0 1 0
vn 0 1 0
vn 0 1 0
vn 0 1 0
vn 0 1 0
vn 0 1 0
vn 0 1 0
vn 0 1 0
vn 0 1 0
vn 0 1 0
vn 0 1 0
vn 0 1 0
vn 0 1 0
vn 0 1 0
vn 0 1 0
vn 0 1 0
vn 0 1 0
vn 0 1 0
vn 0 1 0
vn 0 1 0
vn 0 1 0
vn 0 1 0
vn 0 1 0
vn 0 1 0
vn 0 1 0
vn 0 1 0
vn 0 1 0
vn 0 1 0
vn 0 1 0
vn 0 1 0
vn 0 1 0
vn 0 1 0
vn 0 1 0
vn 0 1 0
vn 0 1 0
vn 0 1 0
vn 0 1 0
vn 0 1 0
vn 0 1 0
vn 0 1 0
vn 0 1 0
vn 0 1 0
vn 0 1 0
vn 0 1 0
vn 0 1 0
vn 0 1 0
vn 0 1 0
vn 0 1 0
vn 0 1 0
vn 0 1 0
vn 0 1 0
vn 0 1 0
vn 0 1 0
vn 0 1 0
vn 0 1 0
vn 0 1 0
vn 0 1 0
vn 0 1 0
vn 0 1 0
vn 0 1 0
vn 0 1 0
vn 0 1 0
vn 0 1 0
vn 0 1 0
vn 0 1 0
vn 0 1 0
vn 0 1 0
vn 0 1 0
vn 0 1 0
vn 0 1 0
vn 0 1 0
vn 0 1 0
vn 0 1 0
vn 0 1 0
vn 0 1 0
vn 0 1 0
vn 0 1 0
vn 0 1 0
vn 0 1 0
vn 0 1 0
vn 0 1 0
vn 0 1 0
vn 0 1 0
vn 0 1 0
vn 0 1 0
vn 0 1 0
vn 0 1 0
vn 0 1 0
vn 0 1 0
vn 0 1 0
vn 0 1 0
vn 0 1 0
vn 0 1 0
vn 0 1 0
vn 0 1 0
vn 0 1 0
vn 0 1 0
vn 0 1 0
vn 0 1 0
vn 0 1 0
vn 0 1 0
vn 0 1 0
vn 0 1 0
vn 0 1 0
vn 0 1 0
vn 0 1 0
vn 0 1 0
vn 0 1 0
vn 0 1 0
vn 0 1 0
vn 0 1 0
vn 0 1 0
vn 0 1 0
vn 0 1 0
vn 0 1 0
vn 0 1 0
vn 0 1 0
vn 0 1 0
vn 0 1 0
vn 0 1 0
vn 0 1 0
vn 0 1 0
vn 0 1 0
vn 0 1 0
vn 0 1 0
vn 0 1 0
vn 0 1 0
vn 0 1 0
vn 0 1 0
vn 0 1 0
vn 0 1 0
vn 0 1 0
vn 0 1 0
vn 0 1 0
vn 0 1 0
vn 0 1 0
vn 0 1 0
vn 0 1 0
vn 0 1 0
vn 0 1 0
vn 0 1 0
vn 0 1 0
vn 0 1 0
vn 0 1 0
vn 0 1 0
vn 0 1 0
vn 0 1 0
vn 0 1 0
vn 0 1 0
vn 0 1 0
vn 0 1 0
vn 0 1 0
vn 0 1 0
vn 0 1 0
vn 0 1 0
vn 0 1 0
vn 0 1 0
vn 0 1 0
vn 0 1 0
vn 0 1 0
vn 0 1 0
vn 0 1 0
vn 0 1 0
vn 0 1 0
vn 0 1 0
vn 0 1 0
vn 0 1 0
vn 0 1 0
vn 0 1 0
vn 0 1 0
vn 0 1 0
vn 0 1 0
vn 0 1 0
vn 0 1 0
vn 0 1 0
vn 0 1 0
vn 0 1 0
vn 0 1 0
vn 0 1 0
vn 0 1 0
vn 0 1 0
vn 0 1 0
vn 0 1 0
vn 0 1 0
vn 0 1 0
vn 0 1 0
vn 0 1 0
vn 0 1 0
vn 0 1 0
vn 0 1 0
vn 0 1 0
vn 0 1 0
vn 0 1 0
vn 0 1 0
vn 0 1 0
vn 0 1 0
vn 0 1 0
vn 0 1 0
vn 0 1 0
vn 0 1 0
vn 0 1 0
vn 0 1 0
vn 0 1 0
vn 0 1 0
vn 0 1 0
vn 0 1 0
vn 0 1 0
vn 0 1 0
vn 0 1 0
vn 0 1 0
vn 0 1 0
vn 0 1 0
vn 0 1 0
vn 0 1 0
vn 0 1 0
vn 0 1 0
vn 0 1 0
vn 0 1 0
vn 0 1 0
vn 0 1 0
vn 0 1 0
vn 0 1 0
vn 0 1 0
vn 0 1 0
vn 0 1 0
vn 0 1 0
vn 0 1 0
vn 0 1 0
vn 0 1 0
vn 0 1 0
vn 0 1 0
vn 0 1 0
vn 0 1 0
vn 0 1 0
vn 0 1 0
vn 0 1 0
vn 0 1 0
vn 0 1 0
vn 0 1 0
vn 0 1 0
vn 0 1 0
vn 0 1 0
vn 0 1 0
vn 0 1 0
vn 0 1 0
vn 0 1 0
vn 0 1 0
vn 0 1 0
vn 0 1 0
vn 0 1 0
vn 0 1 0
vn 0 1 0
vn 0 1 0
vn 0 1 0
vn 0 1 0
vn 0 1 0
vn 0 1 0
vn 0 1 0
vn 0 1 0
vn 0 1 0
vn 0 1 0
vn 0 1 0
vn 0 1 0
vn 0 1 0
vn 0 1 0
vn 0 1 0
vn 0 1 0
vn 0 1 0
vn 0 1 0
vn 0 1 0
vn 0 1 0
vn 0 1 0
vn 0 1 0
vn 0 1 0
vn 0 1 0
vn 0 1 0
vn 0 1 0
vn 0 1 0
vn 0 1 0
vn 0 1 0
vn 0 1 0
vn 0 1 0
vn 0 1 0
vn 0 1 0
vn 0 1 0
vn 0 1 0
vn 0 1 0
vn 0 1 0
vn 0 1 0
vn 0 1 0
vn 0 1 0
vn 0 1 0
vn 0 1 0
vn 0 1 0
vn 0 1 0
vn 0 1 0
vn 0 1 0
vn 0 1 0
vn 0 1 0
vn 0 1 0
vn 0 1 0
vn 0 1 0
vn 0 1 0
vn 0 1 0
vn 0 1 0
vn 0 1 0
vn 0 1 0
vn 0 1 0
vn 0 1 0
vn 0 1 0
vn 0 1 0
vn 0 1 0
vn 0 1 0
vn 0 1 0
vn 0 1 0
vn 0 1 0
vn 0 1 0
vn 0 1 0
vn 0 1 0
vn 0 1 0
vn 0 1 0
vn 0 1 0
vn 0 1 0
vn 0 1 0
vn 0 1 0
vn 0 1 0
vn 0 1 0
vn 0 1 0
vn 0 1 0
vn 0 1 0
vn 0 1 0
vn 0 1 0
vn 0 1 0
vn 0 1 0
vn 0 1 0
vn 0 1 0
vn 0 1 0
vn 0 1 0
vn 0 1 0
vn 0 1 0
vn 0 1 0
vn 0 1 0
vn 0 1 0
vn 0 1 0
vn 0 1 0
vn 0 1 0
vn 0 1 0
vn 0 1 0
vn 0 1 0
vn 0 1 0
vn 0 1 0
vn 0 1 0
vn 0 1 0
vn 0 1 0
vn 0 1 0
vn 0 1 0
vn 0 1 0
vn 0 1 0
vn 0 1 0
vn 0 1 0
vn 0 1 0
vn 0 1 0
vn 0 1 0
vn 0 1 0
vn 0 1 0
vn 0 1 0
vn 0 1 0
vn 0 1 0
vn 0 1 0
vn 0 1 0
vn 0 1 0
vn 0 1 0
vn 0 1 0
vn 0 1 0
vn 0 1 0
vn 0 1 0
vn 0 1 0
vn 0 1 0
vn 0 1 0
vn 0 1 0
vn 0 1 0
vn 0 1 0
vn 0 1 0
vn 0 1 0
vn 0 1 0
vn 0 1 0
vn 0 1 0
vn 0 1 0
vn 0 1 0
vn 0 1 0
vn 0 1 0
vn 0 1 0
vn 0 1 0
vn 0 1 0
vn 0 1 0
vn 0 1 0
vn 0 1 0
vn 0 1 0
vn 0 1 0
vn 0 1 0
vn 0 1 0
vn 0 1 0
vn 0 1 0
vn 0 1 0
vn 0 1 0
vn 0 1 0
vn 0 1 0
vn 0 1 0
vn 0 1 0
vn 0 1 0
vn 0 1 0
vn 0 1 0
vn 0 1 0
vn 0 1 0
vn 0 1 0
vn 0 1 0
vn 0 1 0
vn 0 1 0
vn 0 1 0
vn 0 1 0
vn 0 1 0
vn 0 1 0
vn 0 1 0
vn 0 1 0
vn 0 1 0
vn 0 1 0
vn 0 1 0
vn 0 1 0
vn 0 1 0
vn 0 1 0
vn 0 1 0
vn 0 1 0
vn 0 1 0
vn 0 1 0
vn 0 1 0
vn 0 1 0
vn 0 1 0
vn 0 1 0
vn 0 1 0
vn 0 1 0
vn 0 1 0
vn 0 1 0
vn 0 1 0
vn 0 1 0
vn 0 1 0
vn 0 1 0
vn 0 1 0
vn 0 1 0
vn 0 1 0
vn 0 1 0
vn 0 1 0
vn 0 1 0
vn 0 1 0
vn 0 1 0
vn 0 1 0
vn 0 1 0
vn 0 1 0
vn 0 1 0
vn 0 1 0
vn 0 1 0
vn 0 1 0
vn 0 1 0
vn 0 1 0
vn 0 1 0
vn 0 1 0
vn 0 1 0
vn 0 1 0
vn 0 1 0
vn 0 1 0
vn 0 1 0
vn 0 1 0
vn 0 1 0
vn 0 1 0
vn 0 1 0
vn 0 1 0
vn 0 1 0
vn 0 1 0
vn 0 1 0
vn 0 1 0
vn 0 1 0
vn 0 1 0
vn 0 1 0
vn 0 1 0
vn 0 1 0
vn 0 1 0
vn 0 1 0
vn 0 1 0
vn 0 1 0
vn 0 1 0
vn 0 1 0
vn 0 1 0
vn 0 1 0
vn 0 1 0
vn 0 1 0
vn 0 1 0
vn 0 1 0
vn 0 1 0
vn 0 1 0
vn 0 1 0
vn 0 1 0
vn 0 1 0
vn 0 1 0
vn 0 1 0
vn 0 1 0
vn 0 1 0
vn 0 1 0
vn 0 1 0
vn 0 1 0
vn 0 1 0
vn 0 1 0
vn 0 1 0
vn 0 1 0
vn 0 1 0
vn 0 1 0
vn 0 1 0
vn 0 1 0
vn 0 1 0
vn 0 1 0
vn 0 1 0
vn 0 1 0
vn 0 1 0
vn 0 1 0
vn 0 1 0
vn 0 1 0
vn 0 1 0
vn 0 1 0
vn 0 1 0
vn 0 1 0
vn 0 1 0
vn 0 1 0
vn 0 1 0
vn 0 1 0
vn 0 1 0
vn 0 1 0
vn 0 1 0
vn 0 1 0
vn 0 1 0
vn 0 1 0
vn 0 1 0
vn 0 1 0
vn 0 1 0
vn 0 1 0
vn 0 1 0
vn 0 1 0
vn 0 1 0
vn 0 1 0
vn 0 1 0
vn 0 1 0
vn 0 1 0
vn 0 1 0
vn 0 1 0
vn 0 1 0
vn 0 1 0
vn 0 1 0
vn 0 1 0
vn 0 1 0
vn 0 1 0
vn 0 1 0
vn 0 1 0
vn 0 1 0
vn 0 1 0
vn 0 1 0
vn 0 1 0
vn 0 1 0
vn 0 1 0
vn 0 1 0
vn 0 1 0
vn 0 1 0
vn 0 1 0
vn 0 1 0
vn 0 1 0
vn 0 1 0
vn 0 1 0
vn 0 1 0
vn 0 1 0
vn 0 1 0
vn 0 1 0
vn 0 1 0
vn 0 1 0
vn 0 1 0
vn 0 1 0
vn 0 1 0
vn 0 1 0
vn 0 1 0
vn 0 1 0
vn 0 1 0
vn 0 1 0
vn 0 1 0
vn 0 1 0
vn 0 1 0
vn 0 1 0
vn 0 1 0
vn 0 1 0
vn 0 1 0
vn 0 1 0
vn 0 1 0
vn 0 1 0
vn 0 1 0
vn 0 1 0
vn 0 1 0
vn 0 1 0
vn 0 1 0
vn 0 1 0
vn 0 1 0
vn 0 1 0
vn 0 1 0
vn 0 1 0
vn 0 1 0
vn 0 1 0
vn 0 1 0
vn 0 1 0
vn 0 1 0
vn 0 1 0
vn 0 1 0
vn 0 1 0
vn 0 1 0
vn 0 1 0
vn 0 1 0
vn 0 1 0
vn 0 1 0
vn 0 1 0
vn 0 1 0
vn 0 1 0
vn 0 1 0
vn 0 1 0
vn 0 1 0
vn 0 1 0
vn 0 1 0
vn 0 1 0
vn 0 1 0
vn 0 1 0
vn 0 1 0
vn 0 1 0
vn 0 1 0
vn 0 1 0
vn 0 1 0
vn 0 1 0
vn 0 1 0
vn 0 1 0
vn 0 1 0
vn 0 1 0
vn 0 1 0
vn 0 1 0
vn 0 1 0
vn 0 1 0
vn 0 1 0
vn 0 1 0
vn 0 1 0
vn 0 1 0
vn 0 1 0
vn 0 1 0
vn 0 1 0
vn 0 1 0
vn 0 1 0
vn 0 1 0
vn 0 1 0
vn 0 1 0
vn 0 1 0
vn 0 1 0
vn 0 1 0
vn 0 1 0
vn 0 1 0
vn 0 1 0
vn 0 1 0
vn 0 1 0
vn 0 1 0
vn 0 1 0
vn 0 1 0
vn 0 1 0
vn 0 1 0
vn 0 1 0
vn 0 1 0
vn 0 1 0
vn 0 1 0
vn 0 1 0
vn 0 1 0
vn 0 1 0
vn 0 1 0
vn 0 1 0
vn 0 1 0
vn 0 1 0
vn 0 1 0
vn 0 1 0
vn 0 1 0
vn 0 1 0
vn 0 1 0
vn 0 1 0
vn 0 1 0
vn 0 1 0
vn 0 1 0
vn 0 1 0
vn 0 1 0
vn 0 1 0
vn 0 1 0
vn 0 1 0
vn 0 1 0
vn 0 1 0
vn 0 1 0
vn 0 1 0
vn 0 1 0
vn 0 1 0
vn 0 1 0
vn 0 1 0
vn 0 1 0
vn 0 1 0
vn 0 1 0
vn 0 1 0
vn 0 1 0
vn 0 1 0
vn 0 1 0
vn 0 1 0
vn 0 1 0
vn 0 1 0
vn 0 1 0
vn 0 1 0
vn 0 1 0
vn 0 1 0
vn 0 1 0
vn 0 1 0
vn 0 1 0
vn 0 1 0
vn 0 1 0
vn 0 1 0
vn 0 1 0
vn 0 1 0
vn 0 1 0
vn 0 1 0
vn 0 1 0
vn 0 1 0
vn 0 1 0
vn 0 1 0
vn 0 1 0
vn 0 1 0
vn 0 1 0
vn 0 1 0
vn 0 1 0
vn 0 1 0
vn 0 1 0
vn 0 1 0
vn 0 1 0
vn 0 1 0
vn 0 1 0
vn 0 1 0
vn 0 1 0
vn 0 1 0
vn 0 1 0
vn 0 1 0
vn 0 1 0
vn 0 1 0
vn 0 1 0
vn 0 1 0
vn 0 1 0
vn 0 1 0
vn 0 1 0
vn 0 1 0
vn 0 1 0
vn 0 1 0
vn 0 1 0
vn 0 1 0
vn 0 1 0
vn 0 1 0
vn 0 1 0
vn 0 1 0
vn 0 1 0
vn 0 1 0
vn 0 1 0
vn 0 1 0
vn 0 1 0
vn 0 1 0
vn 0 1 0
vn 0 1 0
vn 0 1 0
vn 0 1 0
vn 0 1 0
vn 0 1 0
vn 0 1 0
vn 0 1 0
vn 0 1 0
vn 0 1 0
vn 0 1 0
vn 0 1 0
vn 0 1 0
vn 0 1 0
vn 0 1 0
vn 0 1 0
vn 0 1 0
vn 0 1 0
vn 0 1 0
vn 0 1 0
vn 0 1 0
vn 0 1 0
vn 0 1 0
vn 0 1 0
vn 0 1 0
vn 0 1 0
vn 0 1 0
vn 0 1 0
vn 0 1 0
vn 0 1 0
vn 0 1 0
vn 0 1 0
vn 0 1 0
vn 0 1 0
vn 0 1 0
vn 0 1 0
vn 0 1 0
vn 0 1 0
vn 0 1 0
vn 0 1 0
vn 0 1 0
vn 0 1 0
vn 0 1 0
vn 0 1 0
vn 0 1 0
vn 0 1 0
vn 0 1 0
vn 0 1 0
vn 0 1 0
vn 0 1 0
vn 0 1 0
vn 0 1 0
vn 0 1 0
vn 0 1 0
vn 0 1 0
vn 0 1 0
vn 0 1 0
vn 0 1 0
vn 0 1 0
vn 0 1 0
vn 0 1 0
vn 0 1 0
vn 0 1 0
vn 0 1 0
vn 0 1 0
vn 0 1 0
vn 0 1 0
vn 0 1 0
vn 0 1 0
vn 0 1 0
vn 0 1 0
vn 0 1 0
vn 0 1 0
vn 0 1 0
vn 0 1 0
vn 0 1 0
vn 0 1 0
vn 0 1 0
vn 0 1 0
vn 0 1 0
vn 0 1 0
vn 0 1 0
vn 0 1 0
vn 0 1 0
vn 0 1 0
vn 0 1 0
vn 0 1 0
vn 0 1 0
vn 0 1 0
vn 0 1 0
vn 0 1 0
vn 0 1 0
vn 0 1 0
vn 0 1 0
vn 0 1 0
vn 0 1 0
vn 0 1 0
vn 0 1 0
vn 0 1 0
vn 0 1 0
vn 0 1 0
vn 0 1 0
vn 0 1 0
vn 0 1 0
vn 0 1 0
vn 0 1 0
vn 0 1 0
vn 0 1 0
vn 0 1 0
vn 0 1 0
vn 0 1 0
vn 0 1 0
vn 0 1 0
vn 0 1 0
vn 0 1 0
vn 0 1 0
vn 0 1 0
vn 0 1 0
vn 0 1 0
vn 0 1 0
vn 0 1 0
vn 0 1 0
vn 0 1 0
vn 0 1 0
vn 0 1 0
vn 0 1 0
vn 0 1 0
vn 0 1 0
vn 0 1 0
vn 0 1 0
vn 0 1 0
vn 0 1 0
vn 0 1 0
vn 0 1 0
vn 0 1 0
vn 0 1 0
vn 0 1 0
vn 0 1 0
vn 0 1 0
vn 0 1 0
vn 0 1 0
vn 0 1 0
vn 0 1 0
vn 0 1 0
vn 0 1 0
vn 0 1 0
vn 0 1 0
vn 0 1 0
vn 0 1 0
vn 0 1 0
vn 0 1 0
vn 0 1 0
vn 0 1 0
vn 0 1 0
vn 0 1 0
vn 0 1 0
vn 0 1 0
vn 0 1 0
vn 0 1 0
vn 0 1 0
vn 0 1 0
vn 0 1 0
vn 0 1 0
vn 0 1 0
vn 0 1 0
vn 0 1 0
vn 0 1 0
vn 0 1 0
vn 0 1 0
vn 0 1 0
vn 0 1 0
vn 0 1 0
vn 0 1 0
vn 0 1 0
vn 0 1 0
vn 0 1 0
vn 0 1 0
vn 0 1 0
vn 0 1 0
vn 0 1 0
vn 0 1 0
